title,description,lat,lon,reported_by,reported_at,city,severity
Pothole #0,Small crack,13.015368,77.621108,user0,2025-09-22T01:00:00,Bengaluru,3
Pothole #1,Causes skidding,12.885622,77.6417,user1,2025-11-12T12:41:00,Bengaluru,2
Pothole #2,Damaged patch,12.903222,77.618197,user2,2025-09-10T04:47:00,Bengaluru,5
Pothole #3,Crater-like,12.918351,77.650793,user3,2025-03-27T08:14:00,Bengaluru,1
Pothole #4,Damaged patch,13.0339,77.546257,user4,2025-01-16T22:25:00,Bengaluru,4
Pothole #5,Damaged patch,12.860387,77.598634,user5,2025-11-04T02:39:00,Bengaluru,2
Pothole #6,Small crack,12.927595,77.570808,user6,2025-11-08T08:04:00,Bengaluru,4
Pothole #7,Deep hole,12.97959,77.515603,user7,2025-08-14T07:28:00,Bengaluru,5
Pothole #8,Small crack,13.011087,77.689215,user8,2025-03-10T21:58:00,Bengaluru,5
Pothole #9,Causes skidding,12.921362,77.72463,user9,2025-02-23T14:25:00,Bengaluru,2
Pothole #10,Damaged patch,13.01462,77.748018,user10,2025-08-23T01:36:00,Bengaluru,2
Pothole #11,Deep hole,13.008518,77.520029,user11,2025-09-02T21:24:00,Bengaluru,5
Pothole #12,Causes skidding,13.0169,77.723634,user12,2025-04-13T20:57:00,Bengaluru,5
Pothole #13,Small crack,12.891226,77.673041,user13,2025-04-10T12:24:00,Bengaluru,5
Pothole #14,Causes skidding,12.91626,77.659565,user14,2025-02-15T22:34:00,Bengaluru,4
Pothole #15,Deep hole,12.955687,77.52358,user15,2025-09-18T00:06:00,Bengaluru,4
Pothole #16,Small crack,13.044374,77.560334,user16,2025-11-05T12:10:00,Bengaluru,2
Pothole #17,Damaged patch,12.966516,77.581991,user17,2025-10-16T19:55:00,Bengaluru,1
Pothole #18,Crater-like,12.884594,77.550748,user18,2025-11-15T06:32:00,Bengaluru,5
Pothole #19,Deep hole,12.934558,77.601048,user19,2025-10-02T04:58:00,Bengaluru,2
Pothole #20,Deep hole,13.002768,77.556894,user20,2025-10-03T05:55:00,Bengaluru,4
Pothole #21,Crater-like,12.949081,77.556786,user21,2025-08-07T03:40:00,Bengaluru,4
Pothole #22,Needs repair,13.049658,77.62479,user22,2025-09-16T21:04:00,Bengaluru,1
Pothole #23,Small crack,12.854644,77.626357,user23,2025-07-27T09:43:00,Bengaluru,3
Pothole #24,Causes skidding,12.957241,77.510463,user24,2025-01-04T19:11:00,Bengaluru,2
Pothole #25,Crater-like,12.856335,77.629622,user25,2025-08-24T17:50:00,Bengaluru,5
Pothole #26,Crater-like,12.881174,77.701854,user26,2025-06-20T09:02:00,Bengaluru,2
Pothole #27,Damaged patch,12.898052,77.564081,user27,2025-09-08T21:25:00,Bengaluru,1
Pothole #28,Deep hole,13.047316,77.585787,user28,2025-05-24T00:18:00,Bengaluru,1
Pothole #29,Small crack,12.901031,77.597342,user29,2025-09-20T06:20:00,Bengaluru,4
Pothole #30,Damaged patch,12.985176,77.509546,user30,2025-04-14T08:55:00,Bengaluru,2
Pothole #31,Needs repair,13.021641,77.574406,user31,2025-05-12T14:46:00,Bengaluru,1
Pothole #32,Causes skidding,12.916113,77.52638,user32,2025-08-01T22:32:00,Bengaluru,2
Pothole #33,Deep hole,12.856782,77.53332,user33,2025-05-23T17:55:00,Bengaluru,4
Pothole #34,Needs repair,13.025189,77.634197,user34,2025-01-22T03:18:00,Bengaluru,4
Pothole #35,Damaged patch,12.938249,77.646256,user35,2025-04-20T20:17:00,Bengaluru,5
Pothole #36,Deep hole,12.978389,77.638404,user36,2025-07-16T09:10:00,Bengaluru,5
Pothole #37,Needs repair,12.93643,77.693386,user37,2025-08-12T05:48:00,Bengaluru,5
Pothole #38,Crater-like,13.002682,77.613682,user38,2025-01-14T14:09:00,Bengaluru,2
Pothole #39,Causes skidding,12.860569,77.52882,user39,2025-08-20T10:14:00,Bengaluru,5
Pothole #40,Needs repair,12.938077,77.749985,user40,2025-02-25T01:12:00,Bengaluru,5
Pothole #41,Needs repair,13.015826,77.682187,user41,2025-02-13T00:54:00,Bengaluru,4
Pothole #42,Deep hole,12.922808,77.543389,user42,2025-08-08T10:18:00,Bengaluru,5
Pothole #43,Deep hole,12.855686,77.652547,user43,2025-01-01T13:02:00,Bengaluru,4
Pothole #44,Damaged patch,12.99187,77.546986,user44,2025-03-09T12:29:00,Bengaluru,3
Pothole #45,Damaged patch,12.867213,77.523325,user45,2025-06-04T23:21:00,Bengaluru,2
Pothole #46,Needs repair,12.892433,77.602906,user46,2025-05-04T03:47:00,Bengaluru,4
Pothole #47,Needs repair,12.895426,77.546842,user47,2025-07-24T19:22:00,Bengaluru,4
Pothole #48,Crater-like,12.949216,77.630105,user48,2025-05-01T13:23:00,Bengaluru,2
Pothole #49,Small crack,12.990381,77.64428,user49,2025-04-25T09:16:00,Bengaluru,1
Pothole #50,Crater-like,13.045904,77.713077,user50,2025-09-28T06:53:00,Bengaluru,2
Pothole #51,Causes skidding,12.954411,77.542423,user51,2025-11-06T04:45:00,Bengaluru,5
Pothole #52,Needs repair,12.875432,77.698079,user52,2025-03-28T15:42:00,Bengaluru,2
Pothole #53,Needs repair,13.014499,77.710273,user53,2025-01-20T06:02:00,Bengaluru,3
Pothole #54,Causes skidding,12.998062,77.632813,user54,2025-07-21T14:47:00,Bengaluru,1
Pothole #55,Needs repair,12.902702,77.559634,user55,2025-06-19T11:41:00,Bengaluru,2
Pothole #56,Crater-like,13.037138,77.678286,user56,2025-04-02T17:14:00,Bengaluru,1
Pothole #57,Deep hole,12.968573,77.585381,user57,2025-10-21T17:41:00,Bengaluru,2
Pothole #58,Causes skidding,12.927718,77.747824,user58,2025-02-12T07:20:00,Bengaluru,1
Pothole #59,Crater-like,12.96287,77.614096,user59,2025-02-12T04:12:00,Bengaluru,5
Pothole #60,Causes skidding,12.891019,77.571248,user60,2025-07-02T00:02:00,Bengaluru,5
Pothole #61,Damaged patch,12.894806,77.749586,user61,2025-06-04T03:36:00,Bengaluru,4
Pothole #62,Deep hole,12.977858,77.641538,user62,2025-10-21T00:48:00,Bengaluru,1
Pothole #63,Small crack,13.022115,77.702137,user63,2025-11-12T21:41:00,Bengaluru,2
Pothole #64,Deep hole,12.982128,77.565377,user64,2025-11-02T17:06:00,Bengaluru,3
Pothole #65,Deep hole,12.93872,77.661542,user65,2025-04-22T09:15:00,Bengaluru,3
Pothole #66,Needs repair,12.994217,77.553524,user66,2025-05-16T17:42:00,Bengaluru,5
Pothole #67,Crater-like,12.914772,77.54856,user67,2025-02-27T02:52:00,Bengaluru,5
Pothole #68,Deep hole,12.92438,77.67446,user68,2025-03-06T02:20:00,Bengaluru,3
Pothole #69,Needs repair,13.014467,77.674157,user69,2025-08-21T22:43:00,Bengaluru,3
Pothole #70,Deep hole,12.978659,77.69136,user70,2025-09-23T19:55:00,Bengaluru,1
Pothole #71,Causes skidding,12.897798,77.554572,user71,2025-07-25T20:19:00,Bengaluru,2
Pothole #72,Causes skidding,12.984177,77.746356,user72,2025-05-14T17:46:00,Bengaluru,3
Pothole #73,Causes skidding,12.972236,77.718552,user73,2025-06-10T19:54:00,Bengaluru,5
Pothole #74,Causes skidding,12.888936,77.692363,user74,2025-06-20T07:27:00,Bengaluru,5
Pothole #75,Deep hole,13.021455,77.544141,user75,2025-04-18T07:28:00,Bengaluru,2
Pothole #76,Crater-like,12.967599,77.501584,user76,2025-09-16T05:41:00,Bengaluru,2
Pothole #77,Crater-like,12.913072,77.689919,user77,2025-02-19T22:27:00,Bengaluru,3
Pothole #78,Causes skidding,12.939887,77.648083,user78,2025-09-10T01:03:00,Bengaluru,2
Pothole #79,Crater-like,12.990908,77.611288,user79,2025-05-04T06:17:00,Bengaluru,5
Pothole #80,Causes skidding,12.959025,77.609851,user80,2025-11-19T20:11:00,Bengaluru,5
Pothole #81,Needs repair,12.958994,77.608802,user81,2025-03-18T08:33:00,Bengaluru,1
Pothole #82,Needs repair,12.919742,77.597677,user82,2025-06-26T02:54:00,Bengaluru,3
Pothole #83,Deep hole,12.952206,77.726688,user83,2025-10-23T16:36:00,Bengaluru,1
Pothole #84,Small crack,12.865695,77.578412,user84,2025-11-01T02:58:00,Bengaluru,3
Pothole #85,Causes skidding,12.918113,77.60449,user85,2025-01-16T16:11:00,Bengaluru,3
Pothole #86,Needs repair,12.994946,77.643529,user86,2025-08-13T04:47:00,Bengaluru,3
Pothole #87,Crater-like,12.869414,77.654726,user87,2025-07-23T06:14:00,Bengaluru,3
Pothole #88,Damaged patch,13.009218,77.636357,user88,2025-02-24T14:48:00,Bengaluru,2
Pothole #89,Needs repair,12.88096,77.563882,user89,2025-10-19T08:42:00,Bengaluru,5
Pothole #90,Needs repair,12.893235,77.650705,user90,2025-02-15T18:45:00,Bengaluru,3
Pothole #91,Crater-like,12.915318,77.508444,user91,2025-07-26T17:01:00,Bengaluru,5
Pothole #92,Small crack,13.033242,77.606605,user92,2025-09-06T06:39:00,Bengaluru,3
Pothole #93,Causes skidding,13.037614,77.627466,user93,2025-02-01T19:36:00,Bengaluru,4
Pothole #94,Causes skidding,13.010223,77.68363,user94,2025-05-23T10:27:00,Bengaluru,5
Pothole #95,Damaged patch,13.013253,77.724571,user95,2025-02-13T11:14:00,Bengaluru,1
Pothole #96,Small crack,12.961586,77.671979,user96,2025-10-11T20:17:00,Bengaluru,5
Pothole #97,Damaged patch,12.899215,77.584722,user97,2025-01-26T17:56:00,Bengaluru,5
Pothole #98,Causes skidding,12.890471,77.545558,user98,2025-11-09T07:32:00,Bengaluru,1
Pothole #99,Damaged patch,12.919581,77.533602,user99,2025-10-11T17:31:00,Bengaluru,5
Pothole #100,Small crack,12.991708,77.730089,user100,2025-11-17T03:13:00,Bengaluru,2
Pothole #101,Crater-like,12.950012,77.583298,user101,2025-04-11T08:29:00,Bengaluru,4
Pothole #102,Needs repair,12.987779,77.65882,user102,2025-07-02T19:51:00,Bengaluru,1
Pothole #103,Deep hole,12.875961,77.652493,user103,2025-03-08T12:45:00,Bengaluru,3
Pothole #104,Causes skidding,12.857249,77.523793,user104,2025-08-18T17:13:00,Bengaluru,5
Pothole #105,Small crack,12.915996,77.710562,user105,2025-05-11T08:55:00,Bengaluru,4
Pothole #106,Deep hole,12.985363,77.686987,user106,2025-05-08T02:52:00,Bengaluru,3
Pothole #107,Needs repair,12.962221,77.667843,user107,2025-02-11T05:40:00,Bengaluru,5
Pothole #108,Small crack,12.926332,77.518717,user108,2025-04-21T08:47:00,Bengaluru,1
Pothole #109,Deep hole,12.851656,77.61612,user109,2025-03-28T09:52:00,Bengaluru,3
Pothole #110,Causes skidding,12.987027,77.547762,user110,2025-08-16T00:30:00,Bengaluru,3
Pothole #111,Small crack,12.853847,77.683471,user111,2025-03-16T13:22:00,Bengaluru,1
Pothole #112,Deep hole,12.896639,77.726165,user112,2025-06-01T15:42:00,Bengaluru,2
Pothole #113,Deep hole,13.017689,77.505104,user113,2025-07-18T22:39:00,Bengaluru,3
Pothole #114,Causes skidding,12.969396,77.731089,user114,2025-08-27T15:54:00,Bengaluru,3
Pothole #115,Needs repair,12.946825,77.530403,user115,2025-07-11T21:00:00,Bengaluru,4
Pothole #116,Small crack,12.992361,77.564442,user116,2025-03-25T21:34:00,Bengaluru,5
Pothole #117,Small crack,12.97208,77.563387,user117,2025-09-08T20:08:00,Bengaluru,2
Pothole #118,Crater-like,12.981531,77.694126,user118,2025-01-10T03:48:00,Bengaluru,2
Pothole #119,Needs repair,12.913839,77.704819,user119,2025-01-23T16:12:00,Bengaluru,2
Pothole #120,Damaged patch,12.908653,77.645191,user120,2025-02-03T00:25:00,Bengaluru,5
Pothole #121,Damaged patch,13.038674,77.640994,user121,2025-10-23T21:28:00,Bengaluru,3
Pothole #122,Deep hole,12.985789,77.738541,user122,2025-01-27T13:45:00,Bengaluru,2
Pothole #123,Needs repair,12.963853,77.516567,user123,2025-01-26T23:58:00,Bengaluru,2
Pothole #124,Small crack,12.912531,77.656222,user124,2025-09-12T05:08:00,Bengaluru,3
Pothole #125,Damaged patch,12.971845,77.503356,user125,2025-01-13T18:58:00,Bengaluru,4
Pothole #126,Deep hole,12.972619,77.612581,user126,2025-09-02T04:31:00,Bengaluru,4
Pothole #127,Crater-like,12.992044,77.602281,user127,2025-03-19T16:03:00,Bengaluru,3
Pothole #128,Crater-like,12.932484,77.60711,user128,2025-11-18T08:11:00,Bengaluru,3
Pothole #129,Damaged patch,12.974603,77.59537,user129,2025-07-14T03:52:00,Bengaluru,4
Pothole #130,Crater-like,12.98665,77.539578,user130,2025-05-07T07:31:00,Bengaluru,1
Pothole #131,Needs repair,12.937455,77.667458,user131,2025-04-07T22:36:00,Bengaluru,3
Pothole #132,Deep hole,12.936071,77.710033,user132,2025-08-28T08:30:00,Bengaluru,4
Pothole #133,Crater-like,12.963989,77.5781,user133,2025-08-14T15:52:00,Bengaluru,2
Pothole #134,Deep hole,12.975987,77.565289,user134,2025-01-21T22:12:00,Bengaluru,3
Pothole #135,Damaged patch,12.987298,77.526814,user135,2025-08-18T21:33:00,Bengaluru,2
Pothole #136,Small crack,12.93404,77.704033,user136,2025-06-12T19:49:00,Bengaluru,4
Pothole #137,Needs repair,13.039097,77.62986,user137,2025-11-07T00:52:00,Bengaluru,1
Pothole #138,Damaged patch,12.96314,77.635674,user138,2025-09-13T10:48:00,Bengaluru,5
Pothole #139,Deep hole,12.874684,77.62982,user139,2025-02-01T14:18:00,Bengaluru,3
Pothole #140,Needs repair,13.041033,77.731428,user140,2025-01-08T02:19:00,Bengaluru,2
Pothole #141,Crater-like,13.002418,77.501654,user141,2025-10-24T06:34:00,Bengaluru,5
Pothole #142,Damaged patch,13.042798,77.734077,user142,2025-04-25T09:16:00,Bengaluru,2
Pothole #143,Deep hole,13.03314,77.632394,user143,2025-03-10T20:01:00,Bengaluru,1
Pothole #144,Damaged patch,13.001704,77.665879,user144,2025-10-01T20:35:00,Bengaluru,5
Pothole #145,Deep hole,12.938498,77.737271,user145,2025-01-18T09:46:00,Bengaluru,3
Pothole #146,Deep hole,12.911254,77.65305,user146,2025-08-01T19:16:00,Bengaluru,4
Pothole #147,Needs repair,13.01223,77.548679,user147,2025-09-13T03:17:00,Bengaluru,5
Pothole #148,Causes skidding,12.987134,77.653551,user148,2025-05-16T11:14:00,Bengaluru,2
Pothole #149,Small crack,12.873857,77.503637,user149,2025-02-21T08:26:00,Bengaluru,3
Pothole #150,Crater-like,12.872905,77.681312,user150,2025-10-25T14:21:00,Bengaluru,5
Pothole #151,Needs repair,12.921161,77.501765,user151,2025-02-13T12:27:00,Bengaluru,5
Pothole #152,Crater-like,12.889412,77.706486,user152,2025-07-16T06:16:00,Bengaluru,5
Pothole #153,Causes skidding,13.048986,77.604645,user153,2025-09-15T04:45:00,Bengaluru,3
Pothole #154,Crater-like,12.999959,77.666237,user154,2025-06-10T06:33:00,Bengaluru,1
Pothole #155,Needs repair,13.027116,77.59936,user155,2025-02-25T23:49:00,Bengaluru,1
Pothole #156,Small crack,13.03234,77.519396,user156,2025-09-08T18:12:00,Bengaluru,4
Pothole #157,Crater-like,13.015999,77.744223,user157,2025-07-06T12:54:00,Bengaluru,2
Pothole #158,Small crack,12.94911,77.540965,user158,2025-09-02T22:46:00,Bengaluru,2
Pothole #159,Damaged patch,12.954799,77.631494,user159,2025-06-10T22:02:00,Bengaluru,3
Pothole #160,Needs repair,12.974252,77.709545,user160,2025-02-27T16:23:00,Bengaluru,3
Pothole #161,Deep hole,12.960474,77.632462,user161,2025-05-02T12:04:00,Bengaluru,2
Pothole #162,Deep hole,12.880331,77.733539,user162,2025-08-17T05:28:00,Bengaluru,1
Pothole #163,Causes skidding,12.913933,77.624218,user163,2025-10-12T02:05:00,Bengaluru,1
Pothole #164,Causes skidding,12.938263,77.657981,user164,2025-09-05T06:59:00,Bengaluru,2
Pothole #165,Causes skidding,12.990767,77.573088,user165,2025-04-07T13:52:00,Bengaluru,5
Pothole #166,Deep hole,12.87318,77.678618,user166,2025-03-17T12:18:00,Bengaluru,4
Pothole #167,Damaged patch,12.877232,77.663695,user167,2025-02-28T11:30:00,Bengaluru,3
Pothole #168,Needs repair,12.917154,77.593405,user168,2025-10-24T07:30:00,Bengaluru,4
Pothole #169,Causes skidding,12.973744,77.66411,user169,2025-10-26T13:25:00,Bengaluru,1
Pothole #170,Small crack,12.957537,77.572186,user170,2025-02-18T01:01:00,Bengaluru,1
Pothole #171,Needs repair,12.936247,77.569551,user171,2025-01-07T10:51:00,Bengaluru,1
Pothole #172,Deep hole,12.956611,77.657572,user172,2025-06-14T23:08:00,Bengaluru,4
Pothole #173,Damaged patch,12.900988,77.547364,user173,2025-04-16T12:38:00,Bengaluru,3
Pothole #174,Damaged patch,12.936409,77.532386,user174,2025-05-25T16:48:00,Bengaluru,3
Pothole #175,Damaged patch,13.00519,77.718129,user175,2025-10-21T05:33:00,Bengaluru,1
Pothole #176,Small crack,12.880993,77.607878,user176,2025-06-07T00:40:00,Bengaluru,1
Pothole #177,Damaged patch,13.030301,77.708034,user177,2025-02-15T02:21:00,Bengaluru,4
Pothole #178,Small crack,12.894292,77.530183,user178,2025-01-12T01:19:00,Bengaluru,5
Pothole #179,Damaged patch,12.857443,77.743946,user179,2025-01-19T06:41:00,Bengaluru,2
Pothole #180,Crater-like,13.035393,77.615429,user180,2025-01-23T18:22:00,Bengaluru,2
Pothole #181,Crater-like,12.911977,77.519372,user181,2025-11-22T18:01:00,Bengaluru,4
Pothole #182,Small crack,12.864687,77.66829,user182,2025-04-17T05:57:00,Bengaluru,5
Pothole #183,Small crack,12.985493,77.56734,user183,2025-05-24T00:50:00,Bengaluru,4
Pothole #184,Causes skidding,13.013609,77.524514,user184,2025-08-19T15:04:00,Bengaluru,5
Pothole #185,Small crack,12.885473,77.669507,user185,2025-06-07T17:13:00,Bengaluru,3
Pothole #186,Needs repair,12.983154,77.672159,user186,2025-07-26T05:36:00,Bengaluru,2
Pothole #187,Small crack,13.021659,77.594186,user187,2025-02-04T03:42:00,Bengaluru,1
Pothole #188,Damaged patch,12.945092,77.613345,user188,2025-01-19T22:38:00,Bengaluru,3
Pothole #189,Needs repair,12.886664,77.684611,user189,2025-11-14T00:58:00,Bengaluru,4
Pothole #190,Damaged patch,12.881747,77.744918,user190,2025-05-26T19:55:00,Bengaluru,4
Pothole #191,Causes skidding,12.930405,77.522273,user191,2025-11-01T22:04:00,Bengaluru,5
Pothole #192,Causes skidding,12.969499,77.651843,user192,2025-11-19T10:46:00,Bengaluru,5
Pothole #193,Small crack,13.015897,77.501221,user193,2025-05-08T00:50:00,Bengaluru,3
Pothole #194,Needs repair,13.031184,77.59123,user194,2025-09-15T05:53:00,Bengaluru,3
Pothole #195,Needs repair,13.041526,77.733417,user195,2025-07-27T23:46:00,Bengaluru,3
Pothole #196,Deep hole,13.018466,77.697354,user196,2025-10-24T20:02:00,Bengaluru,1
Pothole #197,Causes skidding,12.96873,77.583789,user197,2025-03-10T04:04:00,Bengaluru,4
Pothole #198,Causes skidding,12.986899,77.557855,user198,2025-02-15T03:50:00,Bengaluru,3
Pothole #199,Damaged patch,12.933993,77.684414,user199,2025-02-06T15:06:00,Bengaluru,5
Pothole #200,Causes skidding,13.01233,77.604537,user200,2025-09-02T09:22:00,Bengaluru,3
Pothole #201,Damaged patch,12.985809,77.55888,user201,2025-06-13T17:32:00,Bengaluru,5
Pothole #202,Damaged patch,13.028741,77.621533,user202,2025-03-26T22:57:00,Bengaluru,5
Pothole #203,Needs repair,12.919604,77.562287,user203,2025-03-11T23:10:00,Bengaluru,4
Pothole #204,Crater-like,12.978662,77.6159,user204,2025-02-19T22:22:00,Bengaluru,3
Pothole #205,Damaged patch,12.974409,77.691324,user205,2025-07-27T11:03:00,Bengaluru,4
Pothole #206,Deep hole,12.985111,77.66503,user206,2025-03-13T00:54:00,Bengaluru,5
Pothole #207,Small crack,12.865162,77.505546,user207,2025-06-25T00:33:00,Bengaluru,4
Pothole #208,Causes skidding,12.878715,77.552987,user208,2025-05-28T06:09:00,Bengaluru,2
Pothole #209,Damaged patch,12.857273,77.568117,user209,2025-06-01T08:42:00,Bengaluru,3
Pothole #210,Small crack,12.965217,77.567208,user210,2025-02-25T02:47:00,Bengaluru,1
Pothole #211,Damaged patch,12.967897,77.686234,user211,2025-11-07T09:14:00,Bengaluru,5
Pothole #212,Needs repair,12.931325,77.669053,user212,2025-03-02T07:03:00,Bengaluru,5
Pothole #213,Needs repair,12.923362,77.577007,user213,2025-02-07T16:52:00,Bengaluru,1
Pothole #214,Crater-like,12.996315,77.585067,user214,2025-01-05T04:27:00,Bengaluru,2
Pothole #215,Deep hole,12.861816,77.724124,user215,2025-07-10T07:13:00,Bengaluru,4
Pothole #216,Damaged patch,12.945385,77.72719,user216,2025-05-13T07:06:00,Bengaluru,4
Pothole #217,Deep hole,12.927948,77.746315,user217,2025-05-20T21:16:00,Bengaluru,4
Pothole #218,Small crack,12.886942,77.578283,user218,2025-06-26T11:29:00,Bengaluru,3
Pothole #219,Damaged patch,13.035056,77.634454,user219,2025-08-04T07:52:00,Bengaluru,2
Pothole #220,Causes skidding,12.933058,77.663262,user220,2025-03-12T04:08:00,Bengaluru,1
Pothole #221,Damaged patch,13.040353,77.554909,user221,2025-06-25T13:19:00,Bengaluru,4
Pothole #222,Crater-like,12.924753,77.6638,user222,2025-01-26T07:30:00,Bengaluru,5
Pothole #223,Deep hole,13.010742,77.71857,user223,2025-02-08T23:36:00,Bengaluru,3
Pothole #224,Causes skidding,12.970454,77.617876,user224,2025-05-14T10:09:00,Bengaluru,4
Pothole #225,Needs repair,12.87968,77.682689,user225,2025-02-16T03:54:00,Bengaluru,1
Pothole #226,Causes skidding,12.984681,77.679271,user226,2025-04-21T02:51:00,Bengaluru,2
Pothole #227,Causes skidding,12.942771,77.7005,user227,2025-09-22T19:02:00,Bengaluru,5
Pothole #228,Deep hole,12.936524,77.524599,user228,2025-08-15T04:57:00,Bengaluru,3
Pothole #229,Small crack,13.034784,77.734167,user229,2025-07-13T10:17:00,Bengaluru,4
Pothole #230,Small crack,13.006247,77.54289,user230,2025-11-26T19:26:00,Bengaluru,3
Pothole #231,Deep hole,12.946752,77.699448,user231,2025-02-03T07:07:00,Bengaluru,4
Pothole #232,Causes skidding,12.861236,77.573805,user232,2025-05-22T22:54:00,Bengaluru,2
Pothole #233,Crater-like,12.97232,77.675745,user233,2025-05-27T07:28:00,Bengaluru,2
Pothole #234,Crater-like,12.908153,77.543644,user234,2025-08-22T01:41:00,Bengaluru,1
Pothole #235,Causes skidding,12.914832,77.621604,user235,2025-04-04T21:00:00,Bengaluru,1
Pothole #236,Needs repair,12.91799,77.602128,user236,2025-03-01T15:23:00,Bengaluru,3
Pothole #237,Causes skidding,13.034497,77.551782,user237,2025-06-09T07:16:00,Bengaluru,1
Pothole #238,Causes skidding,12.999074,77.715634,user238,2025-04-13T19:19:00,Bengaluru,5
Pothole #239,Needs repair,12.996928,77.705406,user239,2025-08-27T04:46:00,Bengaluru,1
Pothole #240,Causes skidding,12.947952,77.551639,user240,2025-01-24T14:53:00,Bengaluru,1
Pothole #241,Causes skidding,12.966701,77.595972,user241,2025-10-03T01:11:00,Bengaluru,3
Pothole #242,Crater-like,13.047076,77.676869,user242,2025-01-08T12:39:00,Bengaluru,5
Pothole #243,Deep hole,12.993534,77.544554,user243,2025-01-21T10:22:00,Bengaluru,5
Pothole #244,Deep hole,12.941472,77.578713,user244,2025-10-14T19:38:00,Bengaluru,2
Pothole #245,Deep hole,12.994256,77.530198,user245,2025-05-12T00:18:00,Bengaluru,4
Pothole #246,Damaged patch,12.907556,77.634929,user246,2025-02-10T05:09:00,Bengaluru,3
Pothole #247,Deep hole,12.923949,77.735365,user247,2025-02-25T04:06:00,Bengaluru,2
Pothole #248,Causes skidding,12.998912,77.653497,user248,2025-07-21T10:18:00,Bengaluru,3
Pothole #249,Crater-like,12.894664,77.569424,user249,2025-04-22T18:51:00,Bengaluru,5
Pothole #250,Deep hole,13.010725,77.704998,user250,2025-01-06T06:56:00,Bengaluru,1
Pothole #251,Crater-like,12.870836,77.73721,user251,2025-05-10T04:31:00,Bengaluru,3
Pothole #252,Damaged patch,12.864338,77.581951,user252,2025-09-25T01:41:00,Bengaluru,4
Pothole #253,Damaged patch,12.953809,77.719778,user253,2025-07-24T07:09:00,Bengaluru,1
Pothole #254,Damaged patch,12.998165,77.745487,user254,2025-06-23T11:30:00,Bengaluru,5
Pothole #255,Needs repair,12.89048,77.565371,user255,2025-01-28T14:27:00,Bengaluru,3
Pothole #256,Deep hole,12.919038,77.528346,user256,2025-08-26T04:40:00,Bengaluru,2
Pothole #257,Damaged patch,12.989625,77.545331,user257,2025-10-05T06:28:00,Bengaluru,5
Pothole #258,Causes skidding,12.879373,77.743364,user258,2025-11-05T01:29:00,Bengaluru,1
Pothole #259,Small crack,12.912204,77.586571,user259,2025-09-04T06:44:00,Bengaluru,2
Pothole #260,Small crack,12.91417,77.624487,user260,2025-10-19T06:16:00,Bengaluru,1
Pothole #261,Deep hole,12.954963,77.528635,user261,2025-03-13T19:56:00,Bengaluru,3
Pothole #262,Small crack,12.87977,77.632759,user262,2025-06-22T07:24:00,Bengaluru,4
Pothole #263,Needs repair,12.950024,77.622185,user263,2025-11-05T09:09:00,Bengaluru,3
Pothole #264,Small crack,13.028168,77.525912,user264,2025-06-07T09:36:00,Bengaluru,3
Pothole #265,Deep hole,12.909373,77.564698,user265,2025-05-12T18:44:00,Bengaluru,4
Pothole #266,Needs repair,12.921839,77.561547,user266,2025-04-23T18:13:00,Bengaluru,4
Pothole #267,Needs repair,12.885591,77.546288,user267,2025-05-19T05:22:00,Bengaluru,5
Pothole #268,Damaged patch,12.878083,77.641957,user268,2025-09-01T09:11:00,Bengaluru,3
Pothole #269,Needs repair,12.898438,77.651965,user269,2025-10-04T01:11:00,Bengaluru,4
Pothole #270,Needs repair,13.002567,77.734183,user270,2025-07-18T00:55:00,Bengaluru,5
Pothole #271,Causes skidding,12.959584,77.614067,user271,2025-03-19T11:06:00,Bengaluru,3
Pothole #272,Damaged patch,12.931882,77.742151,user272,2025-04-17T22:33:00,Bengaluru,4
Pothole #273,Causes skidding,13.031169,77.540393,user273,2025-04-16T17:28:00,Bengaluru,5
Pothole #274,Small crack,13.031388,77.621778,user274,2025-02-01T04:25:00,Bengaluru,5
Pothole #275,Needs repair,12.983404,77.555374,user275,2025-07-17T07:51:00,Bengaluru,1
Pothole #276,Small crack,12.97074,77.527888,user276,2025-04-10T13:33:00,Bengaluru,5
Pothole #277,Crater-like,12.894247,77.732381,user277,2025-05-11T19:40:00,Bengaluru,2
Pothole #278,Small crack,13.048034,77.728266,user278,2025-11-02T06:16:00,Bengaluru,3
Pothole #279,Causes skidding,13.016766,77.508821,user279,2025-11-02T06:12:00,Bengaluru,5
Pothole #280,Small crack,12.937898,77.74112,user280,2025-06-24T01:31:00,Bengaluru,1
Pothole #281,Deep hole,13.012693,77.560944,user281,2025-02-10T09:20:00,Bengaluru,2
Pothole #282,Crater-like,13.041026,77.511927,user282,2025-05-01T09:42:00,Bengaluru,3
Pothole #283,Crater-like,12.979199,77.743683,user283,2025-11-06T18:47:00,Bengaluru,4
Pothole #284,Small crack,12.985072,77.519831,user284,2025-03-27T22:20:00,Bengaluru,1
Pothole #285,Causes skidding,12.868114,77.710243,user285,2025-10-23T20:32:00,Bengaluru,1
Pothole #286,Damaged patch,12.892227,77.542496,user286,2025-03-01T08:26:00,Bengaluru,1
Pothole #287,Deep hole,12.896337,77.608023,user287,2025-03-04T10:18:00,Bengaluru,4
Pothole #288,Crater-like,12.885109,77.600755,user288,2025-10-25T14:51:00,Bengaluru,2
Pothole #289,Damaged patch,13.002003,77.666053,user289,2025-02-24T23:36:00,Bengaluru,5
Pothole #290,Causes skidding,12.906825,77.746705,user290,2025-05-23T12:50:00,Bengaluru,1
Pothole #291,Crater-like,13.015551,77.505827,user291,2025-08-11T08:13:00,Bengaluru,5
Pothole #292,Causes skidding,13.026078,77.555082,user292,2025-10-27T04:42:00,Bengaluru,4
Pothole #293,Needs repair,12.89627,77.533473,user293,2025-10-24T10:33:00,Bengaluru,2
Pothole #294,Deep hole,12.977804,77.574023,user294,2025-06-06T01:05:00,Bengaluru,4
Pothole #295,Needs repair,12.851822,77.727013,user295,2025-08-05T18:23:00,Bengaluru,3
Pothole #296,Deep hole,12.919559,77.536995,user296,2025-07-08T12:14:00,Bengaluru,3
Pothole #297,Damaged patch,12.978503,77.61661,user297,2025-01-04T11:46:00,Bengaluru,3
Pothole #298,Damaged patch,12.992032,77.628175,user298,2025-08-04T01:59:00,Bengaluru,1
Pothole #299,Deep hole,13.028287,77.561855,user299,2025-08-24T12:45:00,Bengaluru,3
Pothole #300,Causes skidding,13.034807,77.604156,user300,2025-01-11T15:54:00,Bengaluru,2
Pothole #301,Small crack,13.049495,77.608521,user301,2025-04-02T15:55:00,Bengaluru,4
Pothole #302,Damaged patch,12.990477,77.55676,user302,2025-08-18T09:11:00,Bengaluru,1
Pothole #303,Damaged patch,12.92439,77.551597,user303,2025-05-11T14:35:00,Bengaluru,2
Pothole #304,Crater-like,12.955509,77.557958,user304,2025-06-11T16:51:00,Bengaluru,5
Pothole #305,Damaged patch,13.007595,77.623728,user305,2025-04-02T05:05:00,Bengaluru,2
Pothole #306,Deep hole,13.014213,77.525148,user306,2025-06-21T20:31:00,Bengaluru,1
Pothole #307,Deep hole,12.887233,77.661502,user307,2025-01-26T13:29:00,Bengaluru,1
Pothole #308,Needs repair,12.85334,77.509704,user308,2025-01-21T04:41:00,Bengaluru,4
Pothole #309,Crater-like,13.00876,77.65189,user309,2025-09-12T14:34:00,Bengaluru,4
Pothole #310,Needs repair,12.921026,77.620547,user310,2025-01-19T06:13:00,Bengaluru,1
Pothole #311,Causes skidding,12.89689,77.731557,user311,2025-01-21T17:44:00,Bengaluru,5
Pothole #312,Crater-like,13.000626,77.64238,user312,2025-04-02T12:14:00,Bengaluru,1
Pothole #313,Damaged patch,12.954035,77.688311,user313,2025-01-13T07:34:00,Bengaluru,2
Pothole #314,Deep hole,13.049815,77.540048,user314,2025-11-25T03:21:00,Bengaluru,2
Pothole #315,Causes skidding,13.019294,77.659645,user315,2025-04-24T17:09:00,Bengaluru,2
Pothole #316,Causes skidding,12.993289,77.606151,user316,2025-03-26T14:34:00,Bengaluru,2
Pothole #317,Small crack,12.908312,77.559011,user317,2025-07-18T22:04:00,Bengaluru,4
Pothole #318,Needs repair,12.998792,77.53064,user318,2025-08-06T03:03:00,Bengaluru,4
Pothole #319,Causes skidding,12.87256,77.659416,user319,2025-02-10T20:21:00,Bengaluru,4
Pothole #320,Needs repair,12.993494,77.546022,user320,2025-05-12T22:56:00,Bengaluru,3
Pothole #321,Needs repair,12.932192,77.513351,user321,2025-10-01T16:15:00,Bengaluru,4
Pothole #322,Crater-like,12.86171,77.676386,user322,2025-05-23T17:23:00,Bengaluru,4
Pothole #323,Crater-like,13.022763,77.707096,user323,2025-06-21T00:38:00,Bengaluru,3
Pothole #324,Crater-like,12.960946,77.71157,user324,2025-02-23T09:45:00,Bengaluru,2
Pothole #325,Damaged patch,12.863385,77.733417,user325,2025-07-24T06:41:00,Bengaluru,4
Pothole #326,Crater-like,13.04022,77.500823,user326,2025-05-11T12:51:00,Bengaluru,5
Pothole #327,Deep hole,12.931011,77.698489,user327,2025-05-18T16:54:00,Bengaluru,1
Pothole #328,Needs repair,12.85431,77.576766,user328,2025-06-05T00:42:00,Bengaluru,5
Pothole #329,Causes skidding,13.043193,77.651894,user329,2025-08-21T17:38:00,Bengaluru,5
Pothole #330,Crater-like,12.996839,77.738123,user330,2025-02-17T17:34:00,Bengaluru,2
Pothole #331,Deep hole,12.977028,77.5372,user331,2025-04-11T00:57:00,Bengaluru,2
Pothole #332,Needs repair,13.003405,77.610435,user332,2025-09-21T03:05:00,Bengaluru,2
Pothole #333,Crater-like,13.031413,77.550943,user333,2025-10-06T14:23:00,Bengaluru,4
Pothole #334,Crater-like,12.968566,77.550258,user334,2025-05-08T21:52:00,Bengaluru,3
Pothole #335,Small crack,12.852512,77.633338,user335,2025-10-01T21:38:00,Bengaluru,1
Pothole #336,Needs repair,12.930272,77.591984,user336,2025-02-15T20:29:00,Bengaluru,2
Pothole #337,Causes skidding,13.03438,77.633896,user337,2025-04-05T13:30:00,Bengaluru,5
Pothole #338,Small crack,12.938857,77.534538,user338,2025-04-02T02:14:00,Bengaluru,4
Pothole #339,Crater-like,12.952427,77.574666,user339,2025-03-26T07:31:00,Bengaluru,1
Pothole #340,Crater-like,12.950764,77.703286,user340,2025-08-08T14:50:00,Bengaluru,3
Pothole #341,Deep hole,13.046149,77.500462,user341,2025-06-07T10:43:00,Bengaluru,3
Pothole #342,Deep hole,12.914938,77.634377,user342,2025-10-19T20:33:00,Bengaluru,1
Pothole #343,Crater-like,13.017104,77.508756,user343,2025-06-02T18:46:00,Bengaluru,4
Pothole #344,Needs repair,13.026482,77.693979,user344,2025-11-07T11:03:00,Bengaluru,2
Pothole #345,Needs repair,12.990962,77.627328,user345,2025-05-12T06:23:00,Bengaluru,5
Pothole #346,Needs repair,12.917317,77.698285,user346,2025-08-10T09:35:00,Bengaluru,2
Pothole #347,Needs repair,13.015772,77.673659,user347,2025-02-21T02:59:00,Bengaluru,3
Pothole #348,Causes skidding,12.971656,77.705047,user348,2025-07-12T16:05:00,Bengaluru,3
Pothole #349,Needs repair,13.039687,77.538447,user349,2025-05-15T07:59:00,Bengaluru,5
Pothole #350,Causes skidding,13.039156,77.581683,user350,2025-04-23T01:11:00,Bengaluru,2
Pothole #351,Small crack,12.879348,77.654968,user351,2025-01-20T12:15:00,Bengaluru,2
Pothole #352,Deep hole,12.879556,77.665315,user352,2025-09-10T05:56:00,Bengaluru,3
Pothole #353,Needs repair,12.861159,77.516925,user353,2025-07-09T18:52:00,Bengaluru,3
Pothole #354,Needs repair,12.903651,77.718102,user354,2025-08-02T11:25:00,Bengaluru,1
Pothole #355,Causes skidding,12.857331,77.508883,user355,2025-04-27T18:04:00,Bengaluru,5
Pothole #356,Small crack,12.913159,77.528317,user356,2025-10-04T21:13:00,Bengaluru,4
Pothole #357,Causes skidding,12.933113,77.6032,user357,2025-08-09T05:41:00,Bengaluru,2
Pothole #358,Needs repair,12.957599,77.505787,user358,2025-08-11T00:38:00,Bengaluru,5
Pothole #359,Crater-like,12.851945,77.630131,user359,2025-11-17T23:26:00,Bengaluru,1
Pothole #360,Causes skidding,12.921839,77.628346,user360,2025-10-25T21:35:00,Bengaluru,5
Pothole #361,Needs repair,13.029637,77.611042,user361,2025-05-22T21:33:00,Bengaluru,3
Pothole #362,Needs repair,12.993298,77.56279,user362,2025-05-02T11:39:00,Bengaluru,3
Pothole #363,Causes skidding,12.984284,77.737543,user363,2025-10-13T22:20:00,Bengaluru,2
Pothole #364,Crater-like,12.967369,77.709837,user364,2025-04-17T12:08:00,Bengaluru,5
Pothole #365,Needs repair,13.019887,77.56655,user365,2025-05-16T01:06:00,Bengaluru,3
Pothole #366,Deep hole,13.026402,77.549256,user366,2025-07-02T20:12:00,Bengaluru,2
Pothole #367,Damaged patch,12.858924,77.511406,user367,2025-05-07T06:14:00,Bengaluru,4
Pothole #368,Causes skidding,12.954623,77.66885,user368,2025-04-22T16:28:00,Bengaluru,2
Pothole #369,Crater-like,12.991285,77.546313,user369,2025-11-09T08:33:00,Bengaluru,1
Pothole #370,Causes skidding,12.928968,77.645411,user370,2025-06-05T10:18:00,Bengaluru,3
Pothole #371,Causes skidding,12.865024,77.605643,user371,2025-09-03T18:54:00,Bengaluru,1
Pothole #372,Causes skidding,13.01441,77.725897,user372,2025-08-12T18:21:00,Bengaluru,5
Pothole #373,Crater-like,13.037973,77.540036,user373,2025-01-06T19:02:00,Bengaluru,4
Pothole #374,Small crack,12.972746,77.678478,user374,2025-06-23T03:27:00,Bengaluru,3
Pothole #375,Needs repair,12.992078,77.686016,user375,2025-09-09T00:05:00,Bengaluru,5
Pothole #376,Needs repair,13.048215,77.560951,user376,2025-02-05T23:30:00,Bengaluru,3
Pothole #377,Causes skidding,12.989922,77.576813,user377,2025-04-01T03:07:00,Bengaluru,3
Pothole #378,Crater-like,13.008851,77.57406,user378,2025-07-20T12:42:00,Bengaluru,4
Pothole #379,Deep hole,12.941887,77.615821,user379,2025-11-03T06:03:00,Bengaluru,5
Pothole #380,Damaged patch,12.94815,77.684456,user380,2025-06-17T08:17:00,Bengaluru,2
Pothole #381,Deep hole,13.02949,77.697525,user381,2025-05-05T14:46:00,Bengaluru,5
Pothole #382,Damaged patch,12.94803,77.715034,user382,2025-06-01T11:01:00,Bengaluru,2
Pothole #383,Small crack,12.970723,77.55817,user383,2025-02-06T19:27:00,Bengaluru,4
Pothole #384,Causes skidding,12.930728,77.578342,user384,2025-07-05T10:28:00,Bengaluru,2
Pothole #385,Crater-like,12.899985,77.660136,user385,2025-05-10T15:25:00,Bengaluru,5
Pothole #386,Causes skidding,13.004097,77.650805,user386,2025-07-22T01:56:00,Bengaluru,1
Pothole #387,Crater-like,12.866165,77.515348,user387,2025-04-20T13:26:00,Bengaluru,1
Pothole #388,Deep hole,12.857829,77.562321,user388,2025-10-22T10:28:00,Bengaluru,2
Pothole #389,Damaged patch,12.953171,77.726424,user389,2025-07-20T12:24:00,Bengaluru,2
Pothole #390,Needs repair,12.86245,77.725341,user390,2025-08-18T03:06:00,Bengaluru,5
Pothole #391,Crater-like,12.960304,77.685905,user391,2025-09-26T04:35:00,Bengaluru,2
Pothole #392,Causes skidding,13.023663,77.535404,user392,2025-04-23T16:47:00,Bengaluru,2
Pothole #393,Deep hole,12.955549,77.743777,user393,2025-04-05T06:10:00,Bengaluru,1
Pothole #394,Deep hole,12.985148,77.658955,user394,2025-07-14T02:53:00,Bengaluru,5
Pothole #395,Small crack,13.032063,77.554973,user395,2025-09-10T14:59:00,Bengaluru,5
Pothole #396,Deep hole,13.019187,77.674278,user396,2025-04-16T13:58:00,Bengaluru,1
Pothole #397,Needs repair,12.957676,77.745532,user397,2025-02-20T19:53:00,Bengaluru,2
Pothole #398,Needs repair,12.94136,77.645783,user398,2025-07-20T21:27:00,Bengaluru,1
Pothole #399,Crater-like,12.883426,77.576081,user399,2025-03-15T19:57:00,Bengaluru,2
Pothole #400,Deep hole,12.883046,77.584866,user400,2025-06-26T22:34:00,Bengaluru,4
Pothole #401,Deep hole,12.957514,77.561985,user401,2025-09-23T22:23:00,Bengaluru,5
Pothole #402,Damaged patch,12.952788,77.60095,user402,2025-09-25T10:49:00,Bengaluru,1
Pothole #403,Small crack,13.04044,77.634213,user403,2025-11-15T06:16:00,Bengaluru,5
Pothole #404,Causes skidding,12.887077,77.540308,user404,2025-08-15T17:27:00,Bengaluru,2
Pothole #405,Damaged patch,12.929649,77.743858,user405,2025-08-26T15:08:00,Bengaluru,1
Pothole #406,Small crack,13.040819,77.637266,user406,2025-09-12T15:24:00,Bengaluru,2
Pothole #407,Crater-like,12.863779,77.610131,user407,2025-09-09T06:06:00,Bengaluru,2
Pothole #408,Deep hole,13.042845,77.618433,user408,2025-07-14T12:47:00,Bengaluru,4
Pothole #409,Small crack,12.894154,77.611126,user409,2025-04-07T05:07:00,Bengaluru,1
Pothole #410,Deep hole,12.998198,77.568359,user410,2025-04-28T06:33:00,Bengaluru,5
Pothole #411,Small crack,12.900544,77.605476,user411,2025-01-09T04:09:00,Bengaluru,3
Pothole #412,Crater-like,12.894217,77.597481,user412,2025-06-18T14:38:00,Bengaluru,1
Pothole #413,Causes skidding,13.035585,77.562173,user413,2025-08-19T13:42:00,Bengaluru,3
Pothole #414,Causes skidding,13.023336,77.631549,user414,2025-11-05T08:52:00,Bengaluru,5
Pothole #415,Deep hole,12.932134,77.523727,user415,2025-07-24T15:24:00,Bengaluru,1
Pothole #416,Causes skidding,12.930043,77.673501,user416,2025-07-21T16:11:00,Bengaluru,4
Pothole #417,Damaged patch,12.892854,77.57339,user417,2025-08-27T07:25:00,Bengaluru,5
Pothole #418,Damaged patch,12.901203,77.613596,user418,2025-11-24T20:04:00,Bengaluru,2
Pothole #419,Small crack,12.911116,77.542057,user419,2025-05-06T16:42:00,Bengaluru,2
Pothole #420,Small crack,12.927962,77.70167,user420,2025-10-15T13:56:00,Bengaluru,1
Pothole #421,Crater-like,13.0109,77.66376,user421,2025-06-11T09:29:00,Bengaluru,5
Pothole #422,Deep hole,12.850759,77.511032,user422,2025-10-03T14:06:00,Bengaluru,1
Pothole #423,Crater-like,12.855808,77.733064,user423,2025-10-12T06:48:00,Bengaluru,4
Pothole #424,Crater-like,12.948965,77.723822,user424,2025-01-27T21:56:00,Bengaluru,1
Pothole #425,Damaged patch,12.854224,77.742646,user425,2025-05-26T16:22:00,Bengaluru,3
Pothole #426,Crater-like,13.037225,77.662581,user426,2025-04-01T04:24:00,Bengaluru,1
Pothole #427,Needs repair,12.897153,77.546388,user427,2025-04-24T10:13:00,Bengaluru,3
Pothole #428,Needs repair,13.014264,77.743556,user428,2025-11-01T18:47:00,Bengaluru,1
Pothole #429,Causes skidding,12.96848,77.725778,user429,2025-03-24T10:25:00,Bengaluru,2
Pothole #430,Crater-like,13.014661,77.56634,user430,2025-10-12T12:56:00,Bengaluru,5
Pothole #431,Small crack,12.85882,77.695086,user431,2025-04-07T16:21:00,Bengaluru,1
Pothole #432,Small crack,12.950827,77.586428,user432,2025-05-09T23:47:00,Bengaluru,5
Pothole #433,Needs repair,13.009153,77.565146,user433,2025-01-20T03:27:00,Bengaluru,3
Pothole #434,Causes skidding,13.029792,77.629703,user434,2025-03-19T18:04:00,Bengaluru,1
Pothole #435,Damaged patch,12.854317,77.747912,user435,2025-02-14T16:54:00,Bengaluru,5
Pothole #436,Damaged patch,12.91831,77.673737,user436,2025-07-26T12:11:00,Bengaluru,4
Pothole #437,Deep hole,12.92088,77.700261,user437,2025-08-13T08:39:00,Bengaluru,4
Pothole #438,Needs repair,12.864023,77.539453,user438,2025-11-13T22:45:00,Bengaluru,1
Pothole #439,Needs repair,12.853194,77.549799,user439,2025-03-10T08:47:00,Bengaluru,5
Pothole #440,Causes skidding,12.86453,77.539435,user440,2025-10-27T14:34:00,Bengaluru,1
Pothole #441,Causes skidding,12.97588,77.555615,user441,2025-07-02T16:48:00,Bengaluru,2
Pothole #442,Small crack,13.040476,77.542542,user442,2025-01-10T16:22:00,Bengaluru,2
Pothole #443,Needs repair,12.855878,77.62536,user443,2025-06-28T19:24:00,Bengaluru,4
Pothole #444,Crater-like,12.895326,77.611313,user444,2025-06-13T13:52:00,Bengaluru,3
Pothole #445,Needs repair,12.945808,77.606359,user445,2025-11-15T17:48:00,Bengaluru,4
Pothole #446,Damaged patch,12.880898,77.584308,user446,2025-03-14T01:08:00,Bengaluru,5
Pothole #447,Causes skidding,12.938077,77.559262,user447,2025-01-24T15:40:00,Bengaluru,2
Pothole #448,Small crack,12.901151,77.55525,user448,2025-02-21T01:59:00,Bengaluru,5
Pothole #449,Causes skidding,12.996703,77.535953,user449,2025-01-28T01:22:00,Bengaluru,1
Pothole #450,Crater-like,12.968996,77.507345,user450,2025-10-27T07:10:00,Bengaluru,4
Pothole #451,Crater-like,12.910205,77.740658,user451,2025-10-08T11:05:00,Bengaluru,3
Pothole #452,Deep hole,13.0133,77.665634,user452,2025-03-17T22:25:00,Bengaluru,3
Pothole #453,Deep hole,12.939225,77.723874,user453,2025-08-23T16:34:00,Bengaluru,2
Pothole #454,Needs repair,12.850348,77.745458,user454,2025-10-23T00:46:00,Bengaluru,3
Pothole #455,Deep hole,13.011028,77.676126,user455,2025-03-12T11:04:00,Bengaluru,3
Pothole #456,Causes skidding,13.009239,77.731437,user456,2025-08-27T02:51:00,Bengaluru,1
Pothole #457,Damaged patch,12.952754,77.677612,user457,2025-11-23T08:33:00,Bengaluru,1
Pothole #458,Small crack,12.934813,77.729009,user458,2025-06-23T09:29:00,Bengaluru,4
Pothole #459,Deep hole,12.863109,77.63636,user459,2025-09-24T04:10:00,Bengaluru,1
Pothole #460,Causes skidding,13.025729,77.562945,user460,2025-09-26T08:23:00,Bengaluru,5
Pothole #461,Crater-like,13.019945,77.544841,user461,2025-08-02T14:02:00,Bengaluru,2
Pothole #462,Small crack,13.049309,77.553457,user462,2025-01-10T07:42:00,Bengaluru,1
Pothole #463,Deep hole,12.913798,77.50602,user463,2025-07-02T00:47:00,Bengaluru,4
Pothole #464,Crater-like,12.892998,77.604679,user464,2025-08-09T15:03:00,Bengaluru,2
Pothole #465,Crater-like,12.875523,77.651657,user465,2025-01-17T07:59:00,Bengaluru,4
Pothole #466,Needs repair,13.012729,77.682766,user466,2025-02-02T15:37:00,Bengaluru,4
Pothole #467,Deep hole,12.901555,77.70899,user467,2025-01-13T20:12:00,Bengaluru,2
Pothole #468,Deep hole,12.892938,77.578264,user468,2025-01-12T20:05:00,Bengaluru,5
Pothole #469,Crater-like,12.918664,77.616234,user469,2025-02-03T00:13:00,Bengaluru,1
Pothole #470,Damaged patch,12.92617,77.510292,user470,2025-02-03T19:01:00,Bengaluru,3
Pothole #471,Crater-like,12.971821,77.533448,user471,2025-03-27T06:14:00,Bengaluru,1
Pothole #472,Crater-like,12.888008,77.545574,user472,2025-02-10T02:38:00,Bengaluru,5
Pothole #473,Small crack,13.009438,77.50094,user473,2025-07-12T11:52:00,Bengaluru,3
Pothole #474,Small crack,12.92687,77.701477,user474,2025-01-22T01:30:00,Bengaluru,3
Pothole #475,Causes skidding,12.9666,77.629642,user475,2025-01-23T13:22:00,Bengaluru,1
Pothole #476,Causes skidding,13.006377,77.744158,user476,2025-10-01T06:11:00,Bengaluru,1
Pothole #477,Causes skidding,12.94416,77.577643,user477,2025-06-01T00:58:00,Bengaluru,1
Pothole #478,Causes skidding,12.9379,77.566404,user478,2025-01-26T06:50:00,Bengaluru,5
Pothole #479,Damaged patch,12.912421,77.558976,user479,2025-02-01T01:40:00,Bengaluru,4
Pothole #480,Small crack,12.903389,77.699593,user480,2025-03-19T13:36:00,Bengaluru,2
Pothole #481,Small crack,12.851231,77.685588,user481,2025-04-07T11:28:00,Bengaluru,4
Pothole #482,Causes skidding,12.921756,77.603013,user482,2025-10-12T09:34:00,Bengaluru,1
Pothole #483,Small crack,13.034367,77.631888,user483,2025-07-09T09:50:00,Bengaluru,5
Pothole #484,Causes skidding,12.89807,77.548641,user484,2025-02-14T03:15:00,Bengaluru,5
Pothole #485,Deep hole,12.992439,77.531242,user485,2025-01-01T03:13:00,Bengaluru,4
Pothole #486,Causes skidding,12.998997,77.571544,user486,2025-01-18T20:41:00,Bengaluru,1
Pothole #487,Damaged patch,13.004415,77.644567,user487,2025-03-07T12:11:00,Bengaluru,3
Pothole #488,Small crack,12.937305,77.623904,user488,2025-10-10T11:58:00,Bengaluru,2
Pothole #489,Damaged patch,13.034568,77.534577,user489,2025-02-10T13:38:00,Bengaluru,3
Pothole #490,Damaged patch,13.02068,77.619779,user490,2025-06-27T06:33:00,Bengaluru,4
Pothole #491,Small crack,12.878104,77.503187,user491,2025-06-28T16:35:00,Bengaluru,2
Pothole #492,Damaged patch,12.980706,77.714766,user492,2025-01-04T10:43:00,Bengaluru,4
Pothole #493,Damaged patch,12.89239,77.597803,user493,2025-11-02T18:51:00,Bengaluru,2
Pothole #494,Needs repair,12.856832,77.570995,user494,2025-01-12T19:30:00,Bengaluru,3
Pothole #495,Deep hole,12.872707,77.728901,user495,2025-03-05T03:17:00,Bengaluru,3
Pothole #496,Small crack,12.944711,77.518694,user496,2025-09-12T23:00:00,Bengaluru,2
Pothole #497,Causes skidding,12.950703,77.546736,user497,2025-07-07T04:56:00,Bengaluru,4
Pothole #498,Causes skidding,12.924151,77.618072,user498,2025-02-17T18:41:00,Bengaluru,5
Pothole #499,Damaged patch,13.034135,77.51656,user499,2025-11-27T13:31:00,Bengaluru,2
Pothole #500,Needs repair,12.8912,77.637356,user0,2025-10-10T04:09:00,Bengaluru,3
Pothole #501,Deep hole,13.019065,77.615545,user1,2025-10-19T00:00:00,Bengaluru,3
Pothole #502,Deep hole,12.878694,77.72874,user2,2025-10-02T18:03:00,Bengaluru,1
Pothole #503,Causes skidding,12.872249,77.554811,user3,2025-01-02T18:36:00,Bengaluru,4
Pothole #504,Deep hole,13.009826,77.723551,user4,2025-05-07T00:20:00,Bengaluru,2
Pothole #505,Damaged patch,12.887551,77.61259,user5,2025-03-26T10:12:00,Bengaluru,5
Pothole #506,Deep hole,12.99106,77.643216,user6,2025-05-02T06:24:00,Bengaluru,5
Pothole #507,Causes skidding,13.022956,77.596619,user7,2025-02-01T11:49:00,Bengaluru,3
Pothole #508,Small crack,12.999542,77.680475,user8,2025-08-19T13:07:00,Bengaluru,2
Pothole #509,Damaged patch,12.99367,77.724211,user9,2025-05-06T11:16:00,Bengaluru,4
Pothole #510,Damaged patch,12.990168,77.582866,user10,2025-10-23T17:28:00,Bengaluru,3
Pothole #511,Damaged patch,12.955987,77.73472,user11,2025-10-20T17:24:00,Bengaluru,2
Pothole #512,Small crack,12.883321,77.650939,user12,2025-10-07T12:00:00,Bengaluru,5
Pothole #513,Needs repair,13.049959,77.709703,user13,2025-04-15T13:13:00,Bengaluru,2
Pothole #514,Crater-like,13.01408,77.577072,user14,2025-08-12T16:50:00,Bengaluru,2
Pothole #515,Deep hole,12.985734,77.578349,user15,2025-02-17T04:09:00,Bengaluru,4
Pothole #516,Deep hole,12.914605,77.688091,user16,2025-03-27T11:49:00,Bengaluru,1
Pothole #517,Small crack,12.931616,77.5402,user17,2025-06-26T21:49:00,Bengaluru,3
Pothole #518,Small crack,12.988529,77.570662,user18,2025-10-28T22:04:00,Bengaluru,1
Pothole #519,Crater-like,12.923382,77.589854,user19,2025-04-13T23:53:00,Bengaluru,1
Pothole #520,Deep hole,12.971648,77.6651,user20,2025-06-14T17:49:00,Bengaluru,3
Pothole #521,Deep hole,12.880092,77.727999,user21,2025-06-12T17:16:00,Bengaluru,2
Pothole #522,Small crack,12.991666,77.588498,user22,2025-03-23T01:32:00,Bengaluru,5
Pothole #523,Crater-like,12.856237,77.54745,user23,2025-11-02T11:12:00,Bengaluru,5
Pothole #524,Small crack,13.027817,77.679271,user24,2025-01-09T14:07:00,Bengaluru,2
Pothole #525,Causes skidding,12.947713,77.570534,user25,2025-04-06T06:42:00,Bengaluru,3
Pothole #526,Deep hole,12.874797,77.673554,user26,2025-02-17T13:12:00,Bengaluru,4
Pothole #527,Crater-like,12.877066,77.599388,user27,2025-10-13T15:11:00,Bengaluru,4
Pothole #528,Causes skidding,12.945786,77.554961,user28,2025-09-19T01:25:00,Bengaluru,5
Pothole #529,Crater-like,12.941839,77.725989,user29,2025-09-12T16:33:00,Bengaluru,2
Pothole #530,Crater-like,12.857759,77.602729,user30,2025-03-03T18:25:00,Bengaluru,5
Pothole #531,Crater-like,12.854418,77.528246,user31,2025-09-15T14:31:00,Bengaluru,5
Pothole #532,Deep hole,12.862167,77.688609,user32,2025-09-18T09:05:00,Bengaluru,1
Pothole #533,Causes skidding,12.924453,77.741675,user33,2025-08-16T05:30:00,Bengaluru,3
Pothole #534,Crater-like,12.877833,77.734528,user34,2025-06-02T11:09:00,Bengaluru,2
Pothole #535,Small crack,12.90874,77.730047,user35,2025-01-07T06:44:00,Bengaluru,3
Pothole #536,Causes skidding,12.956861,77.641574,user36,2025-06-10T21:23:00,Bengaluru,1
Pothole #537,Small crack,12.946436,77.573672,user37,2025-04-28T16:21:00,Bengaluru,4
Pothole #538,Causes skidding,12.982464,77.696029,user38,2025-04-07T06:46:00,Bengaluru,4
Pothole #539,Deep hole,12.892295,77.521765,user39,2025-04-19T04:04:00,Bengaluru,4
Pothole #540,Crater-like,13.002347,77.519809,user40,2025-09-28T20:29:00,Bengaluru,4
Pothole #541,Damaged patch,12.965361,77.520464,user41,2025-02-15T15:44:00,Bengaluru,2
Pothole #542,Damaged patch,12.862166,77.544853,user42,2025-05-16T12:11:00,Bengaluru,4
Pothole #543,Needs repair,12.922919,77.545854,user43,2025-10-24T17:21:00,Bengaluru,3
Pothole #544,Damaged patch,13.024988,77.646483,user44,2025-07-23T14:53:00,Bengaluru,2
Pothole #545,Damaged patch,13.029929,77.563389,user45,2025-06-26T21:07:00,Bengaluru,1
Pothole #546,Deep hole,12.971511,77.603865,user46,2025-11-16T21:06:00,Bengaluru,1
Pothole #547,Deep hole,12.860874,77.528029,user47,2025-04-08T08:10:00,Bengaluru,3
Pothole #548,Crater-like,12.982037,77.698852,user48,2025-09-07T01:16:00,Bengaluru,1
Pothole #549,Damaged patch,12.981186,77.716623,user49,2025-05-18T08:39:00,Bengaluru,5
Pothole #550,Needs repair,12.966921,77.560512,user50,2025-03-24T22:26:00,Bengaluru,4
Pothole #551,Needs repair,13.013545,77.74422,user51,2025-07-23T03:44:00,Bengaluru,3
Pothole #552,Needs repair,12.990203,77.706757,user52,2025-08-12T10:42:00,Bengaluru,2
Pothole #553,Needs repair,12.854325,77.680508,user53,2025-06-17T10:58:00,Bengaluru,3
Pothole #554,Causes skidding,12.895127,77.543909,user54,2025-06-23T19:56:00,Bengaluru,5
Pothole #555,Crater-like,13.026809,77.741497,user55,2025-03-21T01:25:00,Bengaluru,2
Pothole #556,Small crack,12.873895,77.67573,user56,2025-10-24T15:37:00,Bengaluru,2
Pothole #557,Causes skidding,12.991106,77.618264,user57,2025-04-20T02:50:00,Bengaluru,2
Pothole #558,Deep hole,12.865002,77.691355,user58,2025-01-21T04:30:00,Bengaluru,4
Pothole #559,Causes skidding,12.85555,77.60762,user59,2025-11-10T17:25:00,Bengaluru,5
Pothole #560,Causes skidding,12.962821,77.654061,user60,2025-02-18T05:59:00,Bengaluru,4
Pothole #561,Crater-like,12.974945,77.695509,user61,2025-07-04T02:02:00,Bengaluru,5
Pothole #562,Causes skidding,12.928219,77.517841,user62,2025-08-26T23:36:00,Bengaluru,3
Pothole #563,Crater-like,12.923904,77.65559,user63,2025-03-16T10:04:00,Bengaluru,4
Pothole #564,Deep hole,13.000548,77.545389,user64,2025-01-09T03:57:00,Bengaluru,5
Pothole #565,Deep hole,12.951116,77.509223,user65,2025-11-16T23:14:00,Bengaluru,2
Pothole #566,Deep hole,13.003763,77.602924,user66,2025-01-23T07:16:00,Bengaluru,3
Pothole #567,Needs repair,13.037849,77.674048,user67,2025-04-19T18:03:00,Bengaluru,1
Pothole #568,Needs repair,12.919783,77.578135,user68,2025-11-14T12:49:00,Bengaluru,2
Pothole #569,Causes skidding,12.911229,77.572301,user69,2025-04-10T09:59:00,Bengaluru,4
Pothole #570,Damaged patch,12.858959,77.738925,user70,2025-10-21T19:48:00,Bengaluru,1
Pothole #571,Causes skidding,12.895286,77.501968,user71,2025-02-12T18:01:00,Bengaluru,5
Pothole #572,Damaged patch,12.991428,77.587272,user72,2025-01-21T22:26:00,Bengaluru,1
Pothole #573,Causes skidding,12.893449,77.511246,user73,2025-01-25T20:19:00,Bengaluru,5
Pothole #574,Deep hole,12.908133,77.612583,user74,2025-11-09T05:55:00,Bengaluru,1
Pothole #575,Damaged patch,12.852596,77.651329,user75,2025-08-05T07:07:00,Bengaluru,2
Pothole #576,Deep hole,13.028417,77.570774,user76,2025-11-24T12:11:00,Bengaluru,1
Pothole #577,Deep hole,12.92003,77.549901,user77,2025-06-07T16:06:00,Bengaluru,1
Pothole #578,Deep hole,12.927772,77.597846,user78,2025-04-24T00:34:00,Bengaluru,2
Pothole #579,Damaged patch,12.867666,77.633756,user79,2025-06-10T17:56:00,Bengaluru,4
Pothole #580,Crater-like,13.042409,77.579621,user80,2025-09-16T08:53:00,Bengaluru,5
Pothole #581,Causes skidding,13.014665,77.507023,user81,2025-02-11T00:28:00,Bengaluru,3
Pothole #582,Small crack,12.924003,77.720884,user82,2025-09-17T09:43:00,Bengaluru,2
Pothole #583,Causes skidding,12.867571,77.519002,user83,2025-01-03T12:41:00,Bengaluru,5
Pothole #584,Small crack,13.032303,77.688851,user84,2025-09-03T14:01:00,Bengaluru,2
Pothole #585,Causes skidding,12.967924,77.558341,user85,2025-07-15T01:32:00,Bengaluru,5
Pothole #586,Needs repair,12.880564,77.742824,user86,2025-10-21T05:57:00,Bengaluru,2
Pothole #587,Deep hole,12.982235,77.55374,user87,2025-07-18T14:32:00,Bengaluru,1
Pothole #588,Needs repair,12.903108,77.641927,user88,2025-05-20T06:32:00,Bengaluru,4
Pothole #589,Deep hole,13.005091,77.714755,user89,2025-05-10T10:48:00,Bengaluru,2
Pothole #590,Deep hole,12.884852,77.533163,user90,2025-07-21T22:45:00,Bengaluru,4
Pothole #591,Small crack,12.866453,77.712245,user91,2025-02-05T11:16:00,Bengaluru,3
Pothole #592,Crater-like,12.852435,77.639573,user92,2025-04-03T06:31:00,Bengaluru,5
Pothole #593,Crater-like,13.002124,77.636361,user93,2025-06-18T10:22:00,Bengaluru,2
Pothole #594,Causes skidding,12.97244,77.744211,user94,2025-09-16T10:55:00,Bengaluru,1
Pothole #595,Crater-like,12.878461,77.70873,user95,2025-09-06T09:42:00,Bengaluru,3
Pothole #596,Small crack,12.868665,77.583076,user96,2025-10-14T21:49:00,Bengaluru,1
Pothole #597,Small crack,12.904494,77.516653,user97,2025-08-05T21:21:00,Bengaluru,3
Pothole #598,Crater-like,12.880616,77.638446,user98,2025-04-24T04:33:00,Bengaluru,2
Pothole #599,Needs repair,12.915231,77.636393,user99,2025-06-27T05:18:00,Bengaluru,1
Pothole #600,Deep hole,13.008106,77.559346,user100,2025-04-05T20:17:00,Bengaluru,2
Pothole #601,Small crack,12.881074,77.629537,user101,2025-06-19T12:35:00,Bengaluru,4
Pothole #602,Small crack,12.890867,77.562565,user102,2025-11-18T18:33:00,Bengaluru,3
Pothole #603,Needs repair,13.006727,77.570668,user103,2025-09-18T12:32:00,Bengaluru,3
Pothole #604,Causes skidding,12.85542,77.69435,user104,2025-09-22T06:50:00,Bengaluru,2
Pothole #605,Causes skidding,13.018469,77.540314,user105,2025-03-19T12:26:00,Bengaluru,4
Pothole #606,Damaged patch,13.012712,77.577067,user106,2025-09-26T03:53:00,Bengaluru,5
Pothole #607,Crater-like,12.946453,77.608351,user107,2025-08-03T05:11:00,Bengaluru,1
Pothole #608,Deep hole,12.985683,77.536494,user108,2025-07-03T15:48:00,Bengaluru,5
Pothole #609,Causes skidding,12.996698,77.666831,user109,2025-08-28T00:57:00,Bengaluru,3
Pothole #610,Damaged patch,12.98417,77.575905,user110,2025-10-10T01:18:00,Bengaluru,5
Pothole #611,Damaged patch,12.86055,77.595795,user111,2025-03-23T19:49:00,Bengaluru,3
Pothole #612,Needs repair,13.019159,77.743109,user112,2025-11-06T06:15:00,Bengaluru,5
Pothole #613,Causes skidding,12.850189,77.558826,user113,2025-05-01T15:34:00,Bengaluru,3
Pothole #614,Deep hole,12.852173,77.550498,user114,2025-07-26T14:37:00,Bengaluru,4
Pothole #615,Causes skidding,12.913769,77.59063,user115,2025-03-28T21:02:00,Bengaluru,3
Pothole #616,Small crack,12.993863,77.623458,user116,2025-04-14T22:49:00,Bengaluru,1
Pothole #617,Needs repair,13.042966,77.702345,user117,2025-09-07T21:40:00,Bengaluru,4
Pothole #618,Needs repair,12.937306,77.585525,user118,2025-07-28T01:08:00,Bengaluru,4
Pothole #619,Damaged patch,12.976791,77.544504,user119,2025-05-18T05:28:00,Bengaluru,5
Pothole #620,Small crack,13.016611,77.749654,user120,2025-11-14T02:53:00,Bengaluru,5
Pothole #621,Small crack,12.885746,77.566238,user121,2025-01-24T04:19:00,Bengaluru,5
Pothole #622,Small crack,12.95973,77.71529,user122,2025-09-26T13:15:00,Bengaluru,3
Pothole #623,Deep hole,13.045239,77.665108,user123,2025-05-23T21:57:00,Bengaluru,3
Pothole #624,Crater-like,12.939786,77.688274,user124,2025-02-24T10:49:00,Bengaluru,4
Pothole #625,Causes skidding,12.895627,77.68303,user125,2025-04-25T16:51:00,Bengaluru,5
Pothole #626,Crater-like,13.045761,77.506308,user126,2025-11-03T07:43:00,Bengaluru,4
Pothole #627,Needs repair,12.851055,77.575825,user127,2025-09-04T20:47:00,Bengaluru,3
Pothole #628,Damaged patch,12.935764,77.656278,user128,2025-04-25T11:41:00,Bengaluru,1
Pothole #629,Crater-like,13.040229,77.645491,user129,2025-07-09T03:16:00,Bengaluru,2
Pothole #630,Needs repair,12.9185,77.579033,user130,2025-09-20T18:01:00,Bengaluru,1
Pothole #631,Needs repair,12.99566,77.528086,user131,2025-05-05T15:45:00,Bengaluru,5
Pothole #632,Small crack,13.025682,77.699876,user132,2025-03-21T18:01:00,Bengaluru,3
Pothole #633,Deep hole,12.884296,77.653657,user133,2025-08-12T11:21:00,Bengaluru,5
Pothole #634,Small crack,12.85798,77.6039,user134,2025-11-24T12:42:00,Bengaluru,1
Pothole #635,Damaged patch,12.97222,77.544412,user135,2025-09-24T01:31:00,Bengaluru,4
Pothole #636,Causes skidding,12.95278,77.558557,user136,2025-11-24T21:23:00,Bengaluru,1
Pothole #637,Small crack,12.927059,77.519133,user137,2025-07-19T07:24:00,Bengaluru,5
Pothole #638,Small crack,12.970053,77.528752,user138,2025-02-12T11:25:00,Bengaluru,3
Pothole #639,Needs repair,12.967756,77.559229,user139,2025-03-28T01:34:00,Bengaluru,4
Pothole #640,Causes skidding,13.026899,77.69523,user140,2025-06-19T11:15:00,Bengaluru,4
Pothole #641,Small crack,12.966681,77.682549,user141,2025-06-08T12:45:00,Bengaluru,1
Pothole #642,Damaged patch,12.896966,77.581449,user142,2025-09-27T02:53:00,Bengaluru,4
Pothole #643,Damaged patch,13.036885,77.716519,user143,2025-07-11T09:28:00,Bengaluru,1
Pothole #644,Crater-like,12.916061,77.579186,user144,2025-01-11T01:06:00,Bengaluru,5
Pothole #645,Needs repair,12.912266,77.700239,user145,2025-01-12T20:09:00,Bengaluru,1
Pothole #646,Deep hole,13.031462,77.526922,user146,2025-04-21T11:08:00,Bengaluru,1
Pothole #647,Small crack,13.016607,77.51617,user147,2025-08-20T19:17:00,Bengaluru,3
Pothole #648,Deep hole,12.925486,77.723377,user148,2025-05-14T15:56:00,Bengaluru,2
Pothole #649,Damaged patch,12.928799,77.726146,user149,2025-11-23T15:20:00,Bengaluru,2
Pothole #650,Damaged patch,12.857791,77.614774,user150,2025-03-28T02:11:00,Bengaluru,1
Pothole #651,Damaged patch,12.912127,77.736595,user151,2025-05-18T19:06:00,Bengaluru,3
Pothole #652,Deep hole,13.015207,77.707652,user152,2025-03-21T12:05:00,Bengaluru,3
Pothole #653,Crater-like,13.023055,77.552108,user153,2025-05-19T00:11:00,Bengaluru,3
Pothole #654,Causes skidding,12.883354,77.744531,user154,2025-07-16T12:44:00,Bengaluru,5
Pothole #655,Damaged patch,13.030977,77.749279,user155,2025-02-17T11:45:00,Bengaluru,3
Pothole #656,Needs repair,12.908751,77.585122,user156,2025-03-23T17:48:00,Bengaluru,3
Pothole #657,Damaged patch,13.022285,77.598502,user157,2025-02-16T13:14:00,Bengaluru,1
Pothole #658,Needs repair,13.005186,77.507579,user158,2025-10-25T14:02:00,Bengaluru,3
Pothole #659,Damaged patch,12.855761,77.656553,user159,2025-11-03T08:42:00,Bengaluru,2
Pothole #660,Damaged patch,12.974615,77.717389,user160,2025-09-02T06:06:00,Bengaluru,4
Pothole #661,Deep hole,12.907646,77.629456,user161,2025-07-21T10:10:00,Bengaluru,3
Pothole #662,Crater-like,12.961754,77.6113,user162,2025-11-25T02:03:00,Bengaluru,1
Pothole #663,Crater-like,13.011221,77.659028,user163,2025-03-11T22:20:00,Bengaluru,3
Pothole #664,Needs repair,13.017044,77.507097,user164,2025-02-28T05:17:00,Bengaluru,4
Pothole #665,Damaged patch,12.983142,77.714316,user165,2025-03-25T07:46:00,Bengaluru,3
Pothole #666,Needs repair,12.922517,77.666932,user166,2025-11-01T16:31:00,Bengaluru,2
Pothole #667,Crater-like,12.928299,77.730226,user167,2025-07-23T00:29:00,Bengaluru,3
Pothole #668,Crater-like,13.032531,77.571739,user168,2025-10-02T06:01:00,Bengaluru,2
Pothole #669,Needs repair,13.044244,77.730857,user169,2025-10-02T23:20:00,Bengaluru,2
Pothole #670,Crater-like,12.99169,77.677041,user170,2025-05-14T20:23:00,Bengaluru,1
Pothole #671,Deep hole,12.984142,77.515314,user171,2025-07-05T08:43:00,Bengaluru,4
Pothole #672,Causes skidding,12.920779,77.624655,user172,2025-10-26T19:53:00,Bengaluru,1
Pothole #673,Damaged patch,12.934817,77.58712,user173,2025-04-02T14:03:00,Bengaluru,1
Pothole #674,Damaged patch,12.931269,77.589256,user174,2025-01-02T19:06:00,Bengaluru,5
Pothole #675,Small crack,13.036534,77.631555,user175,2025-11-22T13:32:00,Bengaluru,2
Pothole #676,Causes skidding,13.039691,77.580353,user176,2025-08-07T19:55:00,Bengaluru,3
Pothole #677,Needs repair,12.904768,77.748434,user177,2025-07-27T01:41:00,Bengaluru,2
Pothole #678,Causes skidding,12.869567,77.525233,user178,2025-06-25T00:01:00,Bengaluru,1
Pothole #679,Small crack,12.860926,77.560726,user179,2025-04-06T08:58:00,Bengaluru,1
Pothole #680,Damaged patch,12.881548,77.723003,user180,2025-01-07T23:01:00,Bengaluru,3
Pothole #681,Small crack,12.870403,77.696749,user181,2025-08-04T20:30:00,Bengaluru,5
Pothole #682,Deep hole,12.920346,77.71221,user182,2025-06-14T20:44:00,Bengaluru,5
Pothole #683,Deep hole,13.038398,77.59081,user183,2025-06-04T14:02:00,Bengaluru,3
Pothole #684,Crater-like,13.003408,77.569895,user184,2025-06-08T15:32:00,Bengaluru,5
Pothole #685,Needs repair,12.903339,77.740925,user185,2025-08-23T19:40:00,Bengaluru,5
Pothole #686,Damaged patch,12.883849,77.504999,user186,2025-08-18T03:58:00,Bengaluru,4
Pothole #687,Small crack,12.985702,77.734642,user187,2025-06-24T16:13:00,Bengaluru,4
Pothole #688,Damaged patch,12.965838,77.735762,user188,2025-07-25T01:43:00,Bengaluru,2
Pothole #689,Deep hole,12.915674,77.557472,user189,2025-06-08T18:16:00,Bengaluru,3
Pothole #690,Deep hole,12.963656,77.749737,user190,2025-05-25T19:12:00,Bengaluru,1
Pothole #691,Crater-like,13.039199,77.607904,user191,2025-04-23T13:47:00,Bengaluru,3
Pothole #692,Crater-like,12.941159,77.627007,user192,2025-07-06T10:12:00,Bengaluru,1
Pothole #693,Needs repair,13.008644,77.698599,user193,2025-10-04T04:39:00,Bengaluru,2
Pothole #694,Small crack,12.961462,77.615052,user194,2025-08-20T09:58:00,Bengaluru,4
Pothole #695,Damaged patch,12.975351,77.536131,user195,2025-09-24T07:17:00,Bengaluru,2
Pothole #696,Small crack,12.922032,77.606013,user196,2025-05-12T12:48:00,Bengaluru,1
Pothole #697,Causes skidding,13.01844,77.528791,user197,2025-08-02T12:11:00,Bengaluru,5
Pothole #698,Crater-like,12.880599,77.711178,user198,2025-09-25T15:08:00,Bengaluru,3
Pothole #699,Crater-like,12.966636,77.744657,user199,2025-11-05T16:53:00,Bengaluru,1
Pothole #700,Small crack,12.985673,77.673179,user200,2025-11-22T01:18:00,Bengaluru,5
Pothole #701,Damaged patch,13.028539,77.598217,user201,2025-10-08T17:39:00,Bengaluru,4
Pothole #702,Deep hole,12.858682,77.74385,user202,2025-06-18T20:08:00,Bengaluru,1
Pothole #703,Crater-like,13.013116,77.733518,user203,2025-11-25T15:23:00,Bengaluru,1
Pothole #704,Causes skidding,13.008185,77.658745,user204,2025-08-01T22:28:00,Bengaluru,5
Pothole #705,Crater-like,12.883037,77.659484,user205,2025-04-27T14:02:00,Bengaluru,4
Pothole #706,Damaged patch,13.048063,77.676088,user206,2025-01-13T16:39:00,Bengaluru,2
Pothole #707,Small crack,12.93058,77.653603,user207,2025-01-24T15:28:00,Bengaluru,4
Pothole #708,Small crack,12.935259,77.6441,user208,2025-04-05T01:13:00,Bengaluru,1
Pothole #709,Deep hole,12.863558,77.596561,user209,2025-02-28T21:46:00,Bengaluru,1
Pothole #710,Crater-like,13.01269,77.633047,user210,2025-06-08T12:13:00,Bengaluru,5
Pothole #711,Causes skidding,12.988542,77.633895,user211,2025-01-14T12:57:00,Bengaluru,2
Pothole #712,Needs repair,12.997094,77.52543,user212,2025-11-21T17:09:00,Bengaluru,1
Pothole #713,Causes skidding,12.954894,77.520562,user213,2025-10-18T03:56:00,Bengaluru,4
Pothole #714,Deep hole,12.987455,77.593168,user214,2025-06-14T23:41:00,Bengaluru,3
Pothole #715,Causes skidding,12.881891,77.605084,user215,2025-08-13T00:13:00,Bengaluru,2
Pothole #716,Small crack,13.025317,77.587841,user216,2025-01-11T07:06:00,Bengaluru,3
Pothole #717,Causes skidding,12.964197,77.608891,user217,2025-11-11T11:42:00,Bengaluru,4
Pothole #718,Causes skidding,12.997365,77.517744,user218,2025-04-24T07:35:00,Bengaluru,1
Pothole #719,Deep hole,12.99006,77.612686,user219,2025-06-14T16:18:00,Bengaluru,5
Pothole #720,Crater-like,12.857941,77.608737,user220,2025-09-17T17:48:00,Bengaluru,1
Pothole #721,Crater-like,13.047122,77.55606,user221,2025-01-16T05:21:00,Bengaluru,5
Pothole #722,Small crack,12.943844,77.673464,user222,2025-02-20T03:53:00,Bengaluru,5
Pothole #723,Damaged patch,13.045742,77.641178,user223,2025-02-02T03:25:00,Bengaluru,3
Pothole #724,Small crack,13.017786,77.607075,user224,2025-05-26T21:04:00,Bengaluru,4
Pothole #725,Damaged patch,12.866526,77.51011,user225,2025-06-04T18:19:00,Bengaluru,3
Pothole #726,Damaged patch,12.940803,77.699712,user226,2025-11-17T05:41:00,Bengaluru,4
Pothole #727,Small crack,12.988446,77.613932,user227,2025-02-16T23:38:00,Bengaluru,1
Pothole #728,Deep hole,12.902381,77.731614,user228,2025-08-12T17:39:00,Bengaluru,1
Pothole #729,Damaged patch,12.888231,77.710821,user229,2025-10-11T23:14:00,Bengaluru,4
Pothole #730,Deep hole,12.944699,77.604494,user230,2025-03-12T17:09:00,Bengaluru,5
Pothole #731,Needs repair,12.972733,77.509022,user231,2025-09-10T01:35:00,Bengaluru,3
Pothole #732,Small crack,12.886766,77.502901,user232,2025-07-03T02:01:00,Bengaluru,3
Pothole #733,Crater-like,12.890147,77.6533,user233,2025-09-07T01:18:00,Bengaluru,3
Pothole #734,Damaged patch,12.929197,77.681536,user234,2025-03-16T10:20:00,Bengaluru,5
Pothole #735,Needs repair,12.943501,77.597509,user235,2025-04-17T14:19:00,Bengaluru,5
Pothole #736,Small crack,12.902817,77.540148,user236,2025-08-23T02:22:00,Bengaluru,3
Pothole #737,Small crack,12.935699,77.549817,user237,2025-05-10T06:09:00,Bengaluru,4
Pothole #738,Crater-like,12.914909,77.619948,user238,2025-09-28T00:57:00,Bengaluru,1
Pothole #739,Damaged patch,12.963181,77.619438,user239,2025-06-03T05:33:00,Bengaluru,3
Pothole #740,Small crack,13.008949,77.563137,user240,2025-11-19T12:15:00,Bengaluru,3
Pothole #741,Small crack,13.008894,77.690738,user241,2025-01-09T13:50:00,Bengaluru,2
Pothole #742,Small crack,13.009441,77.56298,user242,2025-06-22T04:35:00,Bengaluru,1
Pothole #743,Deep hole,12.854064,77.712601,user243,2025-09-06T06:09:00,Bengaluru,2
Pothole #744,Damaged patch,12.878994,77.746738,user244,2025-08-01T02:52:00,Bengaluru,1
Pothole #745,Needs repair,12.918117,77.685889,user245,2025-10-07T11:59:00,Bengaluru,1
Pothole #746,Small crack,12.982595,77.566197,user246,2025-08-07T07:30:00,Bengaluru,4
Pothole #747,Damaged patch,12.934437,77.52995,user247,2025-08-15T13:13:00,Bengaluru,5
Pothole #748,Causes skidding,12.935402,77.747736,user248,2025-03-20T06:31:00,Bengaluru,5
Pothole #749,Needs repair,12.86547,77.674379,user249,2025-09-20T17:22:00,Bengaluru,4
Pothole #750,Damaged patch,13.045689,77.710797,user250,2025-08-28T11:48:00,Bengaluru,5
Pothole #751,Causes skidding,12.956856,77.713973,user251,2025-01-02T12:42:00,Bengaluru,1
Pothole #752,Deep hole,12.890214,77.666293,user252,2025-03-03T03:19:00,Bengaluru,4
Pothole #753,Deep hole,12.938191,77.703336,user253,2025-02-13T08:18:00,Bengaluru,1
Pothole #754,Damaged patch,13.021599,77.722891,user254,2025-04-22T03:10:00,Bengaluru,1
Pothole #755,Damaged patch,12.959483,77.741685,user255,2025-05-03T08:12:00,Bengaluru,4
Pothole #756,Damaged patch,12.869192,77.649897,user256,2025-08-26T09:03:00,Bengaluru,4
Pothole #757,Deep hole,13.02587,77.720915,user257,2025-07-06T12:49:00,Bengaluru,1
Pothole #758,Causes skidding,12.884645,77.582149,user258,2025-10-19T22:20:00,Bengaluru,5
Pothole #759,Small crack,12.990546,77.5933,user259,2025-02-19T10:09:00,Bengaluru,2
Pothole #760,Small crack,12.955793,77.60058,user260,2025-04-07T06:07:00,Bengaluru,4
Pothole #761,Crater-like,12.892145,77.631317,user261,2025-09-09T21:16:00,Bengaluru,3
Pothole #762,Needs repair,12.857527,77.514596,user262,2025-06-02T08:54:00,Bengaluru,4
Pothole #763,Damaged patch,13.009454,77.578692,user263,2025-10-15T16:54:00,Bengaluru,5
Pothole #764,Needs repair,12.901233,77.674051,user264,2025-07-18T01:25:00,Bengaluru,2
Pothole #765,Damaged patch,12.885761,77.546037,user265,2025-09-03T03:26:00,Bengaluru,4
Pothole #766,Crater-like,12.92571,77.626544,user266,2025-10-06T13:17:00,Bengaluru,5
Pothole #767,Small crack,13.01289,77.609945,user267,2025-05-25T23:16:00,Bengaluru,1
Pothole #768,Causes skidding,12.898141,77.539774,user268,2025-02-06T08:47:00,Bengaluru,4
Pothole #769,Damaged patch,12.980933,77.592522,user269,2025-04-02T02:54:00,Bengaluru,5
Pothole #770,Damaged patch,12.865036,77.71582,user270,2025-01-13T13:13:00,Bengaluru,5
Pothole #771,Needs repair,12.906442,77.67948,user271,2025-11-08T00:04:00,Bengaluru,3
Pothole #772,Small crack,12.943701,77.637312,user272,2025-03-10T01:33:00,Bengaluru,1
Pothole #773,Causes skidding,12.855645,77.592204,user273,2025-11-25T16:25:00,Bengaluru,5
Pothole #774,Causes skidding,12.928041,77.707296,user274,2025-01-09T11:52:00,Bengaluru,4
Pothole #775,Crater-like,12.861744,77.610064,user275,2025-05-06T09:03:00,Bengaluru,2
Pothole #776,Crater-like,12.88923,77.682129,user276,2025-05-13T02:05:00,Bengaluru,3
Pothole #777,Needs repair,13.008328,77.656702,user277,2025-02-10T06:07:00,Bengaluru,2
Pothole #778,Causes skidding,12.987541,77.546475,user278,2025-10-13T16:12:00,Bengaluru,5
Pothole #779,Damaged patch,12.890393,77.738298,user279,2025-02-12T02:14:00,Bengaluru,4
Pothole #780,Small crack,13.049114,77.601689,user280,2025-03-23T23:50:00,Bengaluru,5
Pothole #781,Deep hole,12.896294,77.718655,user281,2025-04-18T12:16:00,Bengaluru,2
Pothole #782,Crater-like,12.993329,77.529533,user282,2025-06-11T17:22:00,Bengaluru,1
Pothole #783,Damaged patch,12.961792,77.638723,user283,2025-10-24T23:46:00,Bengaluru,3
Pothole #784,Needs repair,12.93716,77.671101,user284,2025-11-20T04:30:00,Bengaluru,1
Pothole #785,Crater-like,12.98823,77.641356,user285,2025-03-09T11:50:00,Bengaluru,1
Pothole #786,Deep hole,12.924161,77.666466,user286,2025-07-20T02:10:00,Bengaluru,5
Pothole #787,Small crack,12.903931,77.735564,user287,2025-02-15T11:08:00,Bengaluru,4
Pothole #788,Needs repair,12.85349,77.707839,user288,2025-11-02T23:36:00,Bengaluru,5
Pothole #789,Damaged patch,13.011382,77.707634,user289,2025-01-25T14:38:00,Bengaluru,2
Pothole #790,Needs repair,12.985056,77.658828,user290,2025-04-23T00:15:00,Bengaluru,5
Pothole #791,Causes skidding,12.948576,77.693555,user291,2025-03-22T13:31:00,Bengaluru,3
Pothole #792,Needs repair,12.987838,77.707376,user292,2025-11-14T18:51:00,Bengaluru,3
Pothole #793,Crater-like,13.023984,77.642809,user293,2025-11-02T21:05:00,Bengaluru,3
Pothole #794,Causes skidding,12.853813,77.535034,user294,2025-01-03T03:05:00,Bengaluru,1
Pothole #795,Deep hole,13.019794,77.608822,user295,2025-04-21T10:15:00,Bengaluru,4
Pothole #796,Crater-like,13.011463,77.674448,user296,2025-08-22T16:54:00,Bengaluru,2
Pothole #797,Crater-like,12.935789,77.571375,user297,2025-05-07T17:18:00,Bengaluru,3
Pothole #798,Small crack,12.852567,77.539882,user298,2025-03-19T15:06:00,Bengaluru,2
Pothole #799,Crater-like,13.041402,77.7427,user299,2025-05-28T05:30:00,Bengaluru,5
Pothole #800,Damaged patch,12.892419,77.511164,user300,2025-11-14T15:07:00,Bengaluru,1
Pothole #801,Crater-like,13.005191,77.748272,user301,2025-10-11T11:20:00,Bengaluru,3
Pothole #802,Causes skidding,13.003413,77.745979,user302,2025-01-24T11:21:00,Bengaluru,3
Pothole #803,Crater-like,13.003818,77.65137,user303,2025-04-02T21:21:00,Bengaluru,5
Pothole #804,Deep hole,12.957094,77.625817,user304,2025-05-09T00:06:00,Bengaluru,5
Pothole #805,Small crack,13.009564,77.510075,user305,2025-01-06T19:23:00,Bengaluru,5
Pothole #806,Causes skidding,13.002234,77.601513,user306,2025-06-09T18:41:00,Bengaluru,3
Pothole #807,Damaged patch,12.890507,77.670355,user307,2025-03-22T01:28:00,Bengaluru,1
Pothole #808,Deep hole,12.886114,77.653669,user308,2025-05-03T12:02:00,Bengaluru,1
Pothole #809,Deep hole,12.852052,77.646232,user309,2025-02-12T06:44:00,Bengaluru,1
Pothole #810,Crater-like,12.875691,77.53297,user310,2025-10-08T20:48:00,Bengaluru,5
Pothole #811,Needs repair,13.003634,77.685092,user311,2025-11-01T10:09:00,Bengaluru,1
Pothole #812,Small crack,12.927816,77.571035,user312,2025-11-21T04:58:00,Bengaluru,5
Pothole #813,Crater-like,12.868716,77.527252,user313,2025-09-22T03:51:00,Bengaluru,2
Pothole #814,Causes skidding,12.919386,77.592643,user314,2025-07-16T07:10:00,Bengaluru,1
Pothole #815,Crater-like,12.878595,77.597996,user315,2025-11-24T05:46:00,Bengaluru,3
Pothole #816,Crater-like,13.014912,77.676251,user316,2025-03-02T06:53:00,Bengaluru,1
Pothole #817,Crater-like,13.004431,77.685306,user317,2025-04-25T06:36:00,Bengaluru,3
Pothole #818,Crater-like,12.906664,77.707732,user318,2025-10-12T18:36:00,Bengaluru,2
Pothole #819,Causes skidding,13.022187,77.736209,user319,2025-04-09T06:01:00,Bengaluru,3
Pothole #820,Damaged patch,12.902381,77.699953,user320,2025-02-05T08:36:00,Bengaluru,3
Pothole #821,Needs repair,12.974439,77.544871,user321,2025-10-28T22:29:00,Bengaluru,1
Pothole #822,Needs repair,12.966546,77.54339,user322,2025-01-14T03:48:00,Bengaluru,3
Pothole #823,Damaged patch,12.917018,77.70168,user323,2025-03-06T13:19:00,Bengaluru,2
Pothole #824,Deep hole,13.007678,77.566829,user324,2025-09-01T12:09:00,Bengaluru,1
Pothole #825,Small crack,12.959155,77.537306,user325,2025-01-12T13:15:00,Bengaluru,4
Pothole #826,Damaged patch,12.855556,77.609583,user326,2025-07-16T18:23:00,Bengaluru,5
Pothole #827,Damaged patch,12.874701,77.620057,user327,2025-02-08T14:45:00,Bengaluru,1
Pothole #828,Causes skidding,12.905033,77.55234,user328,2025-11-03T02:21:00,Bengaluru,1
Pothole #829,Causes skidding,12.908428,77.662056,user329,2025-04-10T11:24:00,Bengaluru,1
Pothole #830,Causes skidding,12.887662,77.695441,user330,2025-07-08T11:26:00,Bengaluru,3
Pothole #831,Crater-like,12.884346,77.656571,user331,2025-07-14T07:43:00,Bengaluru,1
Pothole #832,Deep hole,12.984676,77.707693,user332,2025-11-09T19:25:00,Bengaluru,3
Pothole #833,Deep hole,12.920515,77.575694,user333,2025-10-02T12:06:00,Bengaluru,3
Pothole #834,Deep hole,12.911755,77.523841,user334,2025-07-03T22:13:00,Bengaluru,5
Pothole #835,Deep hole,13.027106,77.726489,user335,2025-10-26T19:19:00,Bengaluru,2
Pothole #836,Damaged patch,13.023542,77.698728,user336,2025-05-13T21:28:00,Bengaluru,1
Pothole #837,Damaged patch,12.856785,77.681507,user337,2025-06-10T11:03:00,Bengaluru,4
Pothole #838,Small crack,12.951368,77.508963,user338,2025-05-01T15:24:00,Bengaluru,4
Pothole #839,Damaged patch,13.024448,77.705728,user339,2025-03-14T23:04:00,Bengaluru,2
Pothole #840,Causes skidding,12.911443,77.592019,user340,2025-11-03T05:32:00,Bengaluru,1
Pothole #841,Causes skidding,13.038025,77.585566,user341,2025-01-06T12:51:00,Bengaluru,4
Pothole #842,Causes skidding,12.867266,77.557525,user342,2025-01-26T03:14:00,Bengaluru,1
Pothole #843,Small crack,12.898351,77.685849,user343,2025-11-08T17:22:00,Bengaluru,2
Pothole #844,Small crack,12.914596,77.653018,user344,2025-03-19T07:30:00,Bengaluru,2
Pothole #845,Deep hole,12.991492,77.696986,user345,2025-08-23T09:00:00,Bengaluru,3
Pothole #846,Small crack,13.031769,77.595934,user346,2025-04-14T17:18:00,Bengaluru,2
Pothole #847,Causes skidding,13.047035,77.730751,user347,2025-01-07T20:46:00,Bengaluru,5
Pothole #848,Small crack,13.030979,77.668889,user348,2025-08-27T23:27:00,Bengaluru,3
Pothole #849,Crater-like,12.961959,77.554025,user349,2025-09-27T09:20:00,Bengaluru,5
Pothole #850,Causes skidding,12.955637,77.610668,user350,2025-03-20T07:09:00,Bengaluru,1
Pothole #851,Deep hole,12.890371,77.552157,user351,2025-05-28T06:21:00,Bengaluru,2
Pothole #852,Crater-like,12.851264,77.742191,user352,2025-03-04T21:15:00,Bengaluru,3
Pothole #853,Needs repair,13.02981,77.681724,user353,2025-11-06T06:17:00,Bengaluru,1
Pothole #854,Deep hole,12.941051,77.627088,user354,2025-08-10T22:03:00,Bengaluru,2
Pothole #855,Causes skidding,12.871604,77.574528,user355,2025-09-19T14:10:00,Bengaluru,5
Pothole #856,Crater-like,13.049759,77.59749,user356,2025-06-18T17:35:00,Bengaluru,2
Pothole #857,Deep hole,12.965971,77.716421,user357,2025-10-11T18:22:00,Bengaluru,4
Pothole #858,Needs repair,12.997736,77.612189,user358,2025-03-19T05:20:00,Bengaluru,3
Pothole #859,Deep hole,12.866137,77.698404,user359,2025-07-10T10:10:00,Bengaluru,1
Pothole #860,Causes skidding,12.989904,77.669559,user360,2025-10-28T05:19:00,Bengaluru,3
Pothole #861,Causes skidding,12.901106,77.526594,user361,2025-09-26T13:34:00,Bengaluru,5
Pothole #862,Causes skidding,12.978644,77.679322,user362,2025-03-08T13:03:00,Bengaluru,4
Pothole #863,Causes skidding,13.015807,77.53589,user363,2025-09-05T15:31:00,Bengaluru,3
Pothole #864,Damaged patch,13.02567,77.536328,user364,2025-05-11T07:34:00,Bengaluru,3
Pothole #865,Causes skidding,12.973584,77.651508,user365,2025-10-14T05:21:00,Bengaluru,5
Pothole #866,Small crack,12.913707,77.627854,user366,2025-10-22T00:10:00,Bengaluru,3
Pothole #867,Damaged patch,13.012311,77.558709,user367,2025-05-17T20:32:00,Bengaluru,4
Pothole #868,Deep hole,13.047313,77.661984,user368,2025-01-16T12:02:00,Bengaluru,2
Pothole #869,Crater-like,12.992525,77.620767,user369,2025-01-03T07:00:00,Bengaluru,5
Pothole #870,Crater-like,12.947282,77.749949,user370,2025-04-25T17:11:00,Bengaluru,1
Pothole #871,Causes skidding,12.865555,77.663599,user371,2025-07-25T18:19:00,Bengaluru,2
Pothole #872,Needs repair,12.906545,77.696064,user372,2025-09-11T09:40:00,Bengaluru,4
Pothole #873,Causes skidding,12.986092,77.61206,user373,2025-09-13T23:53:00,Bengaluru,2
Pothole #874,Needs repair,12.983323,77.560351,user374,2025-03-28T14:06:00,Bengaluru,1
Pothole #875,Crater-like,12.970704,77.647027,user375,2025-11-22T02:59:00,Bengaluru,3
Pothole #876,Needs repair,13.009713,77.694121,user376,2025-02-24T16:05:00,Bengaluru,2
Pothole #877,Causes skidding,12.933435,77.749588,user377,2025-06-05T19:12:00,Bengaluru,2
Pothole #878,Crater-like,12.880816,77.694991,user378,2025-09-19T13:41:00,Bengaluru,2
Pothole #879,Small crack,13.028753,77.598746,user379,2025-01-03T16:55:00,Bengaluru,1
Pothole #880,Damaged patch,12.982319,77.651186,user380,2025-08-14T19:28:00,Bengaluru,4
Pothole #881,Small crack,12.923894,77.526275,user381,2025-10-14T15:40:00,Bengaluru,5
Pothole #882,Damaged patch,12.905629,77.661411,user382,2025-02-28T10:33:00,Bengaluru,5
Pothole #883,Damaged patch,12.865633,77.600169,user383,2025-04-01T08:18:00,Bengaluru,5
Pothole #884,Crater-like,12.852147,77.507909,user384,2025-04-11T05:47:00,Bengaluru,1
Pothole #885,Damaged patch,13.025627,77.740297,user385,2025-11-14T01:57:00,Bengaluru,3
Pothole #886,Needs repair,12.927738,77.577459,user386,2025-07-24T00:28:00,Bengaluru,3
Pothole #887,Causes skidding,12.970188,77.517436,user387,2025-10-16T14:07:00,Bengaluru,2
Pothole #888,Small crack,12.908454,77.536452,user388,2025-07-01T16:29:00,Bengaluru,3
Pothole #889,Causes skidding,12.945878,77.551467,user389,2025-03-08T20:21:00,Bengaluru,4
Pothole #890,Crater-like,12.915062,77.576244,user390,2025-10-26T20:27:00,Bengaluru,5
Pothole #891,Crater-like,12.859767,77.706758,user391,2025-02-12T16:11:00,Bengaluru,4
Pothole #892,Damaged patch,12.913072,77.742865,user392,2025-06-14T08:08:00,Bengaluru,1
Pothole #893,Small crack,12.886642,77.610506,user393,2025-10-23T09:21:00,Bengaluru,4
Pothole #894,Causes skidding,12.939298,77.532029,user394,2025-04-14T03:10:00,Bengaluru,3
Pothole #895,Small crack,13.0448,77.566245,user395,2025-09-23T22:22:00,Bengaluru,5
Pothole #896,Deep hole,12.891512,77.63921,user396,2025-04-21T03:02:00,Bengaluru,2
Pothole #897,Needs repair,12.883643,77.58518,user397,2025-01-26T12:05:00,Bengaluru,5
Pothole #898,Causes skidding,12.889825,77.537985,user398,2025-03-15T08:23:00,Bengaluru,1
Pothole #899,Crater-like,12.929433,77.687212,user399,2025-02-01T09:43:00,Bengaluru,1
Pothole #900,Crater-like,12.966152,77.550215,user400,2025-01-08T12:34:00,Bengaluru,3
Pothole #901,Damaged patch,12.974689,77.74174,user401,2025-09-22T12:25:00,Bengaluru,3
Pothole #902,Causes skidding,12.99277,77.644987,user402,2025-10-13T14:43:00,Bengaluru,5
Pothole #903,Damaged patch,12.998205,77.581397,user403,2025-05-14T07:18:00,Bengaluru,5
Pothole #904,Damaged patch,12.999193,77.649868,user404,2025-07-11T22:43:00,Bengaluru,5
Pothole #905,Needs repair,13.016813,77.73798,user405,2025-05-26T10:06:00,Bengaluru,3
Pothole #906,Needs repair,12.904456,77.700362,user406,2025-07-17T04:47:00,Bengaluru,1
Pothole #907,Deep hole,12.999821,77.567944,user407,2025-02-16T12:57:00,Bengaluru,2
Pothole #908,Needs repair,12.869653,77.510223,user408,2025-11-26T18:56:00,Bengaluru,4
Pothole #909,Damaged patch,13.037588,77.709836,user409,2025-07-11T11:35:00,Bengaluru,1
Pothole #910,Deep hole,12.985626,77.620646,user410,2025-10-11T18:25:00,Bengaluru,2
Pothole #911,Crater-like,12.885183,77.730337,user411,2025-07-23T06:57:00,Bengaluru,1
Pothole #912,Needs repair,12.930982,77.526133,user412,2025-04-10T10:25:00,Bengaluru,2
Pothole #913,Damaged patch,13.041814,77.690522,user413,2025-02-14T16:13:00,Bengaluru,2
Pothole #914,Causes skidding,13.030955,77.538226,user414,2025-02-08T18:10:00,Bengaluru,3
Pothole #915,Deep hole,13.027865,77.513606,user415,2025-06-07T05:47:00,Bengaluru,1
Pothole #916,Causes skidding,12.927881,77.534122,user416,2025-06-24T23:51:00,Bengaluru,4
Pothole #917,Causes skidding,12.957787,77.510855,user417,2025-08-09T01:23:00,Bengaluru,1
Pothole #918,Deep hole,12.919168,77.516108,user418,2025-08-10T02:32:00,Bengaluru,5
Pothole #919,Damaged patch,12.958715,77.649991,user419,2025-02-11T11:39:00,Bengaluru,5
Pothole #920,Crater-like,13.049687,77.705843,user420,2025-07-17T02:29:00,Bengaluru,1
Pothole #921,Deep hole,12.919403,77.579898,user421,2025-09-16T17:35:00,Bengaluru,5
Pothole #922,Deep hole,12.977596,77.581659,user422,2025-09-17T03:27:00,Bengaluru,5
Pothole #923,Deep hole,12.858402,77.503274,user423,2025-01-21T17:09:00,Bengaluru,1
Pothole #924,Small crack,12.850652,77.5595,user424,2025-07-18T08:14:00,Bengaluru,3
Pothole #925,Crater-like,12.958359,77.695011,user425,2025-04-08T12:03:00,Bengaluru,5
Pothole #926,Deep hole,12.900065,77.653351,user426,2025-10-07T15:14:00,Bengaluru,3
Pothole #927,Damaged patch,13.040175,77.662578,user427,2025-01-17T08:19:00,Bengaluru,5
Pothole #928,Deep hole,13.002662,77.514766,user428,2025-04-26T19:23:00,Bengaluru,1
Pothole #929,Damaged patch,12.858674,77.568912,user429,2025-06-11T18:57:00,Bengaluru,1
Pothole #930,Deep hole,13.041169,77.511165,user430,2025-08-02T01:15:00,Bengaluru,3
Pothole #931,Crater-like,12.899042,77.620325,user431,2025-08-19T18:06:00,Bengaluru,2
Pothole #932,Needs repair,13.047231,77.721388,user432,2025-10-15T15:23:00,Bengaluru,5
Pothole #933,Causes skidding,12.885771,77.706672,user433,2025-07-21T08:38:00,Bengaluru,3
Pothole #934,Deep hole,12.966707,77.661632,user434,2025-05-03T17:33:00,Bengaluru,4
Pothole #935,Crater-like,13.010739,77.681691,user435,2025-01-08T11:12:00,Bengaluru,2
Pothole #936,Crater-like,12.908908,77.665396,user436,2025-06-26T04:21:00,Bengaluru,2
Pothole #937,Needs repair,12.953434,77.503229,user437,2025-09-02T20:55:00,Bengaluru,2
Pothole #938,Causes skidding,12.986458,77.628013,user438,2025-09-09T19:55:00,Bengaluru,5
Pothole #939,Damaged patch,12.948275,77.639662,user439,2025-03-11T22:42:00,Bengaluru,2
Pothole #940,Small crack,13.032479,77.650267,user440,2025-05-10T15:05:00,Bengaluru,3
Pothole #941,Causes skidding,12.883224,77.510745,user441,2025-04-25T01:55:00,Bengaluru,4
Pothole #942,Small crack,12.963582,77.707247,user442,2025-06-28T18:48:00,Bengaluru,5
Pothole #943,Crater-like,13.026511,77.729218,user443,2025-10-17T04:34:00,Bengaluru,4
Pothole #944,Damaged patch,12.912466,77.543237,user444,2025-03-27T13:42:00,Bengaluru,3
Pothole #945,Damaged patch,12.859056,77.711748,user445,2025-02-16T09:13:00,Bengaluru,2
Pothole #946,Damaged patch,13.042984,77.574491,user446,2025-05-07T02:04:00,Bengaluru,2
Pothole #947,Needs repair,13.035969,77.64128,user447,2025-03-19T14:02:00,Bengaluru,1
Pothole #948,Causes skidding,12.974813,77.625522,user448,2025-09-21T13:15:00,Bengaluru,1
Pothole #949,Damaged patch,12.891184,77.60913,user449,2025-03-01T23:11:00,Bengaluru,2
Pothole #950,Causes skidding,13.008398,77.679781,user450,2025-07-24T06:04:00,Bengaluru,4
Pothole #951,Needs repair,13.011015,77.628851,user451,2025-11-09T21:06:00,Bengaluru,5
Pothole #952,Deep hole,13.006795,77.620062,user452,2025-09-24T19:34:00,Bengaluru,2
Pothole #953,Damaged patch,12.889327,77.50669,user453,2025-10-24T22:08:00,Bengaluru,2
Pothole #954,Crater-like,13.027298,77.643256,user454,2025-07-26T16:02:00,Bengaluru,2
Pothole #955,Crater-like,12.895718,77.652659,user455,2025-08-19T14:53:00,Bengaluru,2
Pothole #956,Crater-like,13.017442,77.543717,user456,2025-04-07T15:44:00,Bengaluru,3
Pothole #957,Damaged patch,13.018059,77.585726,user457,2025-10-06T16:46:00,Bengaluru,1
Pothole #958,Causes skidding,12.888026,77.664363,user458,2025-02-23T03:56:00,Bengaluru,1
Pothole #959,Crater-like,12.91859,77.640504,user459,2025-04-20T11:13:00,Bengaluru,5
Pothole #960,Small crack,12.903291,77.638588,user460,2025-06-02T05:44:00,Bengaluru,5
Pothole #961,Crater-like,12.886828,77.570157,user461,2025-09-23T13:25:00,Bengaluru,2
Pothole #962,Small crack,12.932767,77.558751,user462,2025-09-24T07:44:00,Bengaluru,2
Pothole #963,Damaged patch,12.914488,77.590008,user463,2025-07-16T16:34:00,Bengaluru,4
Pothole #964,Damaged patch,12.927891,77.691733,user464,2025-10-21T10:05:00,Bengaluru,2
Pothole #965,Crater-like,12.990751,77.536911,user465,2025-05-16T06:17:00,Bengaluru,4
Pothole #966,Causes skidding,13.049512,77.644543,user466,2025-05-20T10:14:00,Bengaluru,4
Pothole #967,Deep hole,12.968322,77.741204,user467,2025-10-13T09:35:00,Bengaluru,2
Pothole #968,Small crack,12.857355,77.659244,user468,2025-08-09T18:52:00,Bengaluru,4
Pothole #969,Needs repair,13.006259,77.569166,user469,2025-02-23T03:59:00,Bengaluru,4
Pothole #970,Crater-like,13.002929,77.593586,user470,2025-05-08T22:17:00,Bengaluru,5
Pothole #971,Causes skidding,12.902576,77.710511,user471,2025-08-05T17:59:00,Bengaluru,1
Pothole #972,Needs repair,12.966453,77.627605,user472,2025-02-27T07:28:00,Bengaluru,4
Pothole #973,Causes skidding,12.915074,77.529791,user473,2025-07-05T13:10:00,Bengaluru,5
Pothole #974,Causes skidding,13.046286,77.612922,user474,2025-09-04T13:16:00,Bengaluru,4
Pothole #975,Small crack,12.979624,77.719794,user475,2025-03-19T20:01:00,Bengaluru,2
Pothole #976,Crater-like,12.921295,77.653678,user476,2025-05-24T23:42:00,Bengaluru,1
Pothole #977,Crater-like,13.037871,77.60052,user477,2025-07-06T08:47:00,Bengaluru,5
Pothole #978,Small crack,12.877559,77.635147,user478,2025-11-26T09:42:00,Bengaluru,5
Pothole #979,Small crack,13.016681,77.638586,user479,2025-04-05T13:50:00,Bengaluru,4
Pothole #980,Small crack,13.021476,77.658949,user480,2025-11-22T00:46:00,Bengaluru,2
Pothole #981,Needs repair,13.048305,77.723412,user481,2025-07-06T05:59:00,Bengaluru,2
Pothole #982,Deep hole,13.024917,77.737982,user482,2025-07-03T06:51:00,Bengaluru,5
Pothole #983,Causes skidding,13.015503,77.635015,user483,2025-06-04T10:17:00,Bengaluru,1
Pothole #984,Causes skidding,12.898086,77.513314,user484,2025-06-10T21:46:00,Bengaluru,5
Pothole #985,Causes skidding,13.027577,77.615541,user485,2025-06-02T23:57:00,Bengaluru,5
Pothole #986,Small crack,12.97113,77.718296,user486,2025-04-25T09:00:00,Bengaluru,4
Pothole #987,Crater-like,13.01744,77.745291,user487,2025-09-08T08:09:00,Bengaluru,3
Pothole #988,Crater-like,12.96364,77.547982,user488,2025-02-28T20:33:00,Bengaluru,5
Pothole #989,Deep hole,12.886919,77.507337,user489,2025-02-01T12:25:00,Bengaluru,5
Pothole #990,Crater-like,12.935405,77.511551,user490,2025-01-25T21:52:00,Bengaluru,3
Pothole #991,Causes skidding,13.038882,77.603041,user491,2025-02-04T02:42:00,Bengaluru,5
Pothole #992,Small crack,12.965893,77.705871,user492,2025-10-06T20:28:00,Bengaluru,1
Pothole #993,Damaged patch,12.960878,77.701725,user493,2025-01-16T20:57:00,Bengaluru,5
Pothole #994,Needs repair,12.970111,77.742364,user494,2025-05-25T08:07:00,Bengaluru,5
Pothole #995,Causes skidding,13.008159,77.637599,user495,2025-11-03T13:07:00,Bengaluru,3
Pothole #996,Crater-like,13.049939,77.697613,user496,2025-03-24T20:30:00,Bengaluru,4
Pothole #997,Needs repair,12.97827,77.676558,user497,2025-07-13T02:16:00,Bengaluru,2
Pothole #998,Needs repair,12.95232,77.740818,user498,2025-01-10T04:18:00,Bengaluru,4
Pothole #999,Crater-like,13.022388,77.637734,user499,2025-06-20T22:01:00,Bengaluru,3
Pothole #1000,Deep hole,13.031369,77.736448,user0,2025-07-19T20:24:00,Bengaluru,5
Pothole #1001,Needs repair,12.995081,77.504803,user1,2025-04-09T12:49:00,Bengaluru,3
Pothole #1002,Crater-like,12.937244,77.627922,user2,2025-01-17T03:39:00,Bengaluru,4
Pothole #1003,Damaged patch,12.891279,77.733307,user3,2025-03-09T18:16:00,Bengaluru,1
Pothole #1004,Causes skidding,12.990217,77.704976,user4,2025-01-05T01:02:00,Bengaluru,2
Pothole #1005,Small crack,13.025875,77.690717,user5,2025-05-13T22:37:00,Bengaluru,4
Pothole #1006,Deep hole,13.018663,77.562501,user6,2025-11-23T11:33:00,Bengaluru,4
Pothole #1007,Damaged patch,12.981023,77.611046,user7,2025-03-10T15:09:00,Bengaluru,4
Pothole #1008,Damaged patch,12.985065,77.587826,user8,2025-05-20T19:34:00,Bengaluru,3
Pothole #1009,Needs repair,12.857977,77.608292,user9,2025-09-08T01:03:00,Bengaluru,5
Pothole #1010,Causes skidding,13.041816,77.549801,user10,2025-10-24T14:42:00,Bengaluru,4
Pothole #1011,Crater-like,12.947352,77.648534,user11,2025-04-06T15:47:00,Bengaluru,3
Pothole #1012,Needs repair,13.014574,77.709335,user12,2025-09-28T12:22:00,Bengaluru,3
Pothole #1013,Crater-like,12.903308,77.616291,user13,2025-09-09T02:05:00,Bengaluru,4
Pothole #1014,Needs repair,13.026847,77.695532,user14,2025-08-16T00:32:00,Bengaluru,4
Pothole #1015,Crater-like,12.961346,77.741028,user15,2025-02-14T22:08:00,Bengaluru,3
Pothole #1016,Damaged patch,12.992426,77.572766,user16,2025-09-20T20:24:00,Bengaluru,3
Pothole #1017,Deep hole,12.979389,77.749711,user17,2025-06-14T23:35:00,Bengaluru,1
Pothole #1018,Deep hole,12.959294,77.651492,user18,2025-04-27T02:46:00,Bengaluru,2
Pothole #1019,Deep hole,12.901917,77.624633,user19,2025-01-17T22:18:00,Bengaluru,4
Pothole #1020,Causes skidding,12.864969,77.553849,user20,2025-07-19T03:49:00,Bengaluru,3
Pothole #1021,Causes skidding,12.983713,77.582619,user21,2025-07-03T22:15:00,Bengaluru,1
Pothole #1022,Small crack,12.970892,77.725035,user22,2025-02-28T12:19:00,Bengaluru,2
Pothole #1023,Damaged patch,12.872635,77.504469,user23,2025-08-23T13:36:00,Bengaluru,5
Pothole #1024,Needs repair,13.019893,77.732487,user24,2025-08-12T09:58:00,Bengaluru,5
Pothole #1025,Deep hole,13.030013,77.518638,user25,2025-09-02T00:42:00,Bengaluru,4
Pothole #1026,Crater-like,12.995507,77.595079,user26,2025-09-15T13:05:00,Bengaluru,3
Pothole #1027,Deep hole,12.926034,77.680979,user27,2025-08-05T23:31:00,Bengaluru,2
Pothole #1028,Causes skidding,12.975884,77.666159,user28,2025-07-06T21:02:00,Bengaluru,3
Pothole #1029,Needs repair,12.971568,77.573018,user29,2025-06-08T14:32:00,Bengaluru,5
Pothole #1030,Causes skidding,12.94059,77.561793,user30,2025-02-16T06:06:00,Bengaluru,1
Pothole #1031,Small crack,12.873352,77.58103,user31,2025-05-21T03:49:00,Bengaluru,5
Pothole #1032,Damaged patch,12.941374,77.518194,user32,2025-04-21T07:10:00,Bengaluru,5
Pothole #1033,Deep hole,12.965734,77.58245,user33,2025-02-14T10:32:00,Bengaluru,4
Pothole #1034,Small crack,12.952857,77.695384,user34,2025-03-18T02:32:00,Bengaluru,3
Pothole #1035,Small crack,12.971044,77.615714,user35,2025-04-17T08:21:00,Bengaluru,2
Pothole #1036,Damaged patch,12.931248,77.504455,user36,2025-10-25T20:07:00,Bengaluru,2
Pothole #1037,Damaged patch,12.951213,77.748805,user37,2025-09-21T07:56:00,Bengaluru,2
Pothole #1038,Causes skidding,12.875188,77.635371,user38,2025-11-08T12:14:00,Bengaluru,2
Pothole #1039,Crater-like,12.953409,77.582171,user39,2025-11-27T23:21:00,Bengaluru,4
Pothole #1040,Damaged patch,13.019374,77.52542,user40,2025-02-23T00:55:00,Bengaluru,2
Pothole #1041,Small crack,12.857072,77.543406,user41,2025-09-04T19:51:00,Bengaluru,4
Pothole #1042,Small crack,13.017671,77.601471,user42,2025-05-14T10:16:00,Bengaluru,5
Pothole #1043,Causes skidding,12.964857,77.682354,user43,2025-04-20T12:56:00,Bengaluru,3
Pothole #1044,Crater-like,12.988307,77.738723,user44,2025-06-16T01:52:00,Bengaluru,2
Pothole #1045,Deep hole,13.021758,77.658589,user45,2025-09-20T21:53:00,Bengaluru,5
Pothole #1046,Needs repair,13.004003,77.696952,user46,2025-09-27T11:39:00,Bengaluru,2
Pothole #1047,Causes skidding,13.028144,77.614063,user47,2025-06-17T07:12:00,Bengaluru,5
Pothole #1048,Crater-like,12.858692,77.557764,user48,2025-06-23T19:37:00,Bengaluru,5
Pothole #1049,Small crack,12.891944,77.693886,user49,2025-01-20T05:45:00,Bengaluru,3
Pothole #1050,Damaged patch,12.878437,77.708455,user50,2025-11-22T05:31:00,Bengaluru,3
Pothole #1051,Small crack,12.927999,77.620863,user51,2025-07-07T11:15:00,Bengaluru,4
Pothole #1052,Small crack,12.862704,77.638686,user52,2025-01-14T16:00:00,Bengaluru,2
Pothole #1053,Deep hole,12.897425,77.597874,user53,2025-11-21T09:37:00,Bengaluru,5
Pothole #1054,Small crack,13.012398,77.553905,user54,2025-01-03T22:22:00,Bengaluru,5
Pothole #1055,Damaged patch,12.937782,77.558772,user55,2025-03-23T08:13:00,Bengaluru,5
Pothole #1056,Causes skidding,12.903149,77.525859,user56,2025-08-04T18:13:00,Bengaluru,4
Pothole #1057,Deep hole,13.026422,77.668003,user57,2025-05-13T18:14:00,Bengaluru,4
Pothole #1058,Damaged patch,13.043457,77.716064,user58,2025-01-28T00:51:00,Bengaluru,3
Pothole #1059,Deep hole,13.037759,77.535682,user59,2025-08-15T15:59:00,Bengaluru,3
Pothole #1060,Needs repair,12.903519,77.523671,user60,2025-01-01T21:51:00,Bengaluru,5
Pothole #1061,Damaged patch,12.917205,77.707774,user61,2025-08-16T21:42:00,Bengaluru,1
Pothole #1062,Damaged patch,12.9193,77.700767,user62,2025-05-17T06:52:00,Bengaluru,2
Pothole #1063,Crater-like,13.015759,77.658569,user63,2025-05-26T15:19:00,Bengaluru,4
Pothole #1064,Causes skidding,12.879772,77.572718,user64,2025-09-23T23:17:00,Bengaluru,4
Pothole #1065,Causes skidding,12.960947,77.517267,user65,2025-08-11T16:08:00,Bengaluru,2
Pothole #1066,Crater-like,12.867675,77.696739,user66,2025-05-16T04:06:00,Bengaluru,5
Pothole #1067,Damaged patch,12.898686,77.743263,user67,2025-04-12T05:47:00,Bengaluru,2
Pothole #1068,Small crack,12.882265,77.67307,user68,2025-04-11T02:43:00,Bengaluru,5
Pothole #1069,Needs repair,12.891584,77.638657,user69,2025-10-11T12:07:00,Bengaluru,3
Pothole #1070,Crater-like,12.941059,77.727228,user70,2025-01-04T05:15:00,Bengaluru,5
Pothole #1071,Damaged patch,13.049744,77.605323,user71,2025-01-16T14:33:00,Bengaluru,5
Pothole #1072,Crater-like,12.875185,77.642325,user72,2025-08-13T15:22:00,Bengaluru,1
Pothole #1073,Small crack,12.976564,77.603438,user73,2025-03-21T15:25:00,Bengaluru,5
Pothole #1074,Small crack,12.964296,77.673435,user74,2025-02-16T06:29:00,Bengaluru,3
Pothole #1075,Damaged patch,12.965303,77.552633,user75,2025-06-11T04:17:00,Bengaluru,1
Pothole #1076,Small crack,13.032227,77.502988,user76,2025-07-02T04:35:00,Bengaluru,1
Pothole #1077,Causes skidding,12.899523,77.645013,user77,2025-02-19T19:48:00,Bengaluru,1
Pothole #1078,Crater-like,13.043303,77.542742,user78,2025-04-04T19:41:00,Bengaluru,4
Pothole #1079,Crater-like,12.860596,77.682099,user79,2025-04-14T09:48:00,Bengaluru,3
Pothole #1080,Needs repair,13.028919,77.691363,user80,2025-06-15T20:19:00,Bengaluru,4
Pothole #1081,Deep hole,12.870165,77.547109,user81,2025-07-21T06:53:00,Bengaluru,4
Pothole #1082,Damaged patch,12.974947,77.51366,user82,2025-09-26T00:18:00,Bengaluru,2
Pothole #1083,Damaged patch,12.942595,77.619495,user83,2025-11-19T11:00:00,Bengaluru,4
Pothole #1084,Damaged patch,12.85814,77.637964,user84,2025-06-17T12:08:00,Bengaluru,3
Pothole #1085,Crater-like,12.852033,77.639463,user85,2025-05-25T08:20:00,Bengaluru,2
Pothole #1086,Needs repair,12.93748,77.668881,user86,2025-10-03T06:44:00,Bengaluru,2
Pothole #1087,Causes skidding,13.039003,77.624509,user87,2025-07-24T01:34:00,Bengaluru,1
Pothole #1088,Crater-like,12.989341,77.682008,user88,2025-09-25T02:24:00,Bengaluru,1
Pothole #1089,Small crack,12.92322,77.51739,user89,2025-02-22T00:21:00,Bengaluru,3
Pothole #1090,Small crack,12.905682,77.733716,user90,2025-07-04T07:39:00,Bengaluru,5
Pothole #1091,Damaged patch,12.884763,77.502467,user91,2025-10-18T22:57:00,Bengaluru,4
Pothole #1092,Small crack,12.899478,77.745905,user92,2025-06-20T12:52:00,Bengaluru,2
Pothole #1093,Crater-like,12.954262,77.588108,user93,2025-06-10T08:38:00,Bengaluru,5
Pothole #1094,Needs repair,12.922707,77.61048,user94,2025-11-06T17:56:00,Bengaluru,3
Pothole #1095,Small crack,13.002999,77.644584,user95,2025-05-15T06:02:00,Bengaluru,3
Pothole #1096,Damaged patch,12.964049,77.657166,user96,2025-02-11T04:32:00,Bengaluru,1
Pothole #1097,Causes skidding,12.882617,77.744485,user97,2025-01-28T01:02:00,Bengaluru,4
Pothole #1098,Damaged patch,13.038609,77.67105,user98,2025-10-07T05:46:00,Bengaluru,2
Pothole #1099,Small crack,12.980565,77.741964,user99,2025-09-17T19:17:00,Bengaluru,4
Pothole #1100,Causes skidding,12.9691,77.565556,user100,2025-06-23T18:37:00,Bengaluru,5
Pothole #1101,Causes skidding,13.047448,77.66517,user101,2025-09-05T18:35:00,Bengaluru,4
Pothole #1102,Needs repair,12.920523,77.579882,user102,2025-05-20T12:00:00,Bengaluru,1
Pothole #1103,Crater-like,12.861337,77.644548,user103,2025-01-24T04:26:00,Bengaluru,1
Pothole #1104,Deep hole,13.01122,77.74555,user104,2025-04-21T20:42:00,Bengaluru,5
Pothole #1105,Damaged patch,13.014149,77.71909,user105,2025-03-24T23:27:00,Bengaluru,5
Pothole #1106,Small crack,12.959102,77.555242,user106,2025-11-17T20:26:00,Bengaluru,5
Pothole #1107,Damaged patch,12.882148,77.638103,user107,2025-02-07T21:48:00,Bengaluru,4
Pothole #1108,Needs repair,12.912735,77.61227,user108,2025-06-13T01:22:00,Bengaluru,3
Pothole #1109,Damaged patch,13.045555,77.615244,user109,2025-11-17T23:11:00,Bengaluru,2
Pothole #1110,Crater-like,12.858328,77.605776,user110,2025-04-22T03:56:00,Bengaluru,5
Pothole #1111,Deep hole,13.013548,77.720856,user111,2025-06-02T07:51:00,Bengaluru,3
Pothole #1112,Causes skidding,13.007727,77.692745,user112,2025-08-04T06:24:00,Bengaluru,5
Pothole #1113,Causes skidding,12.985796,77.523245,user113,2025-11-11T02:36:00,Bengaluru,2
Pothole #1114,Causes skidding,12.933027,77.594543,user114,2025-04-19T17:18:00,Bengaluru,2
Pothole #1115,Small crack,12.987586,77.685699,user115,2025-09-17T20:12:00,Bengaluru,3
Pothole #1116,Needs repair,13.040328,77.604372,user116,2025-02-10T06:13:00,Bengaluru,5
Pothole #1117,Deep hole,13.045739,77.568407,user117,2025-09-14T05:58:00,Bengaluru,5
Pothole #1118,Causes skidding,12.920078,77.676522,user118,2025-09-12T17:18:00,Bengaluru,5
Pothole #1119,Needs repair,12.915041,77.526577,user119,2025-02-05T01:17:00,Bengaluru,3
Pothole #1120,Needs repair,12.860605,77.56962,user120,2025-06-12T11:59:00,Bengaluru,1
Pothole #1121,Needs repair,12.917858,77.739416,user121,2025-03-05T12:16:00,Bengaluru,3
Pothole #1122,Damaged patch,13.02238,77.745564,user122,2025-03-20T01:46:00,Bengaluru,2
Pothole #1123,Deep hole,12.963395,77.613824,user123,2025-11-28T00:48:00,Bengaluru,2
Pothole #1124,Causes skidding,12.877323,77.74071,user124,2025-02-07T13:15:00,Bengaluru,2
Pothole #1125,Deep hole,12.970446,77.594029,user125,2025-10-18T01:48:00,Bengaluru,3
Pothole #1126,Needs repair,12.948528,77.643245,user126,2025-09-11T12:56:00,Bengaluru,2
Pothole #1127,Causes skidding,13.041176,77.704542,user127,2025-10-28T10:02:00,Bengaluru,5
Pothole #1128,Damaged patch,12.916032,77.599488,user128,2025-06-22T05:06:00,Bengaluru,2
Pothole #1129,Small crack,12.911688,77.572106,user129,2025-02-01T20:32:00,Bengaluru,2
Pothole #1130,Small crack,12.93934,77.596222,user130,2025-07-27T17:44:00,Bengaluru,2
Pothole #1131,Crater-like,13.043154,77.746213,user131,2025-02-08T07:46:00,Bengaluru,2
Pothole #1132,Small crack,12.911219,77.621554,user132,2025-10-02T18:44:00,Bengaluru,3
Pothole #1133,Small crack,12.97709,77.622661,user133,2025-07-18T21:57:00,Bengaluru,3
Pothole #1134,Causes skidding,12.987507,77.503091,user134,2025-09-09T09:29:00,Bengaluru,1
Pothole #1135,Small crack,13.036315,77.740465,user135,2025-01-17T23:45:00,Bengaluru,4
Pothole #1136,Deep hole,12.929123,77.550979,user136,2025-08-10T14:16:00,Bengaluru,3
Pothole #1137,Crater-like,13.032,77.549035,user137,2025-08-09T07:09:00,Bengaluru,1
Pothole #1138,Deep hole,12.873233,77.717589,user138,2025-11-07T04:16:00,Bengaluru,4
Pothole #1139,Causes skidding,13.014032,77.642417,user139,2025-06-27T10:13:00,Bengaluru,4
Pothole #1140,Small crack,12.893181,77.640702,user140,2025-02-21T06:21:00,Bengaluru,3
Pothole #1141,Small crack,13.036451,77.572963,user141,2025-09-12T01:48:00,Bengaluru,3
Pothole #1142,Small crack,13.00483,77.511582,user142,2025-11-04T20:24:00,Bengaluru,4
Pothole #1143,Crater-like,13.031282,77.708468,user143,2025-03-07T09:55:00,Bengaluru,2
Pothole #1144,Deep hole,12.92524,77.692578,user144,2025-06-04T14:56:00,Bengaluru,2
Pothole #1145,Deep hole,12.8635,77.511309,user145,2025-10-18T15:08:00,Bengaluru,5
Pothole #1146,Small crack,12.929522,77.62695,user146,2025-08-23T04:39:00,Bengaluru,4
Pothole #1147,Deep hole,13.019745,77.508768,user147,2025-07-26T12:44:00,Bengaluru,1
Pothole #1148,Small crack,12.926639,77.532923,user148,2025-11-11T11:01:00,Bengaluru,1
Pothole #1149,Deep hole,12.917371,77.734692,user149,2025-11-21T23:31:00,Bengaluru,2
Pothole #1150,Crater-like,12.936737,77.645467,user150,2025-05-10T15:56:00,Bengaluru,3
Pothole #1151,Deep hole,13.00838,77.592026,user151,2025-11-19T23:36:00,Bengaluru,4
Pothole #1152,Small crack,12.953107,77.683425,user152,2025-10-16T19:17:00,Bengaluru,2
Pothole #1153,Crater-like,12.988519,77.547777,user153,2025-05-06T19:22:00,Bengaluru,5
Pothole #1154,Damaged patch,13.013707,77.55968,user154,2025-07-27T01:25:00,Bengaluru,4
Pothole #1155,Causes skidding,13.002361,77.747083,user155,2025-02-28T20:18:00,Bengaluru,4
Pothole #1156,Small crack,12.867372,77.658652,user156,2025-10-21T19:37:00,Bengaluru,3
Pothole #1157,Causes skidding,13.026171,77.635335,user157,2025-01-15T19:38:00,Bengaluru,1
Pothole #1158,Deep hole,13.015689,77.579962,user158,2025-09-02T03:28:00,Bengaluru,4
Pothole #1159,Deep hole,12.939643,77.689989,user159,2025-03-03T10:19:00,Bengaluru,4
Pothole #1160,Damaged patch,12.956166,77.738207,user160,2025-03-05T22:17:00,Bengaluru,1
Pothole #1161,Small crack,12.924898,77.509857,user161,2025-11-10T11:47:00,Bengaluru,5
Pothole #1162,Causes skidding,12.890269,77.57335,user162,2025-05-25T22:09:00,Bengaluru,5
Pothole #1163,Needs repair,12.894844,77.619948,user163,2025-07-20T10:19:00,Bengaluru,3
Pothole #1164,Causes skidding,12.884979,77.686324,user164,2025-09-28T01:29:00,Bengaluru,3
Pothole #1165,Crater-like,12.889266,77.520008,user165,2025-10-09T09:31:00,Bengaluru,1
Pothole #1166,Crater-like,13.045092,77.502362,user166,2025-11-11T05:14:00,Bengaluru,1
Pothole #1167,Needs repair,12.859734,77.739794,user167,2025-02-01T15:59:00,Bengaluru,2
Pothole #1168,Needs repair,12.97559,77.672579,user168,2025-10-27T20:34:00,Bengaluru,3
Pothole #1169,Deep hole,12.859107,77.537435,user169,2025-02-04T10:19:00,Bengaluru,5
Pothole #1170,Deep hole,12.866822,77.569859,user170,2025-08-06T11:25:00,Bengaluru,4
Pothole #1171,Small crack,12.870627,77.717697,user171,2025-03-18T13:35:00,Bengaluru,2
Pothole #1172,Causes skidding,12.99903,77.564978,user172,2025-06-19T23:31:00,Bengaluru,2
Pothole #1173,Damaged patch,13.009077,77.55213,user173,2025-05-20T03:47:00,Bengaluru,5
Pothole #1174,Damaged patch,13.006721,77.605231,user174,2025-11-15T12:27:00,Bengaluru,3
Pothole #1175,Crater-like,12.876715,77.585373,user175,2025-09-06T19:52:00,Bengaluru,3
Pothole #1176,Crater-like,12.874437,77.62153,user176,2025-01-05T23:37:00,Bengaluru,5
Pothole #1177,Damaged patch,12.983547,77.622031,user177,2025-01-24T23:21:00,Bengaluru,2
Pothole #1178,Crater-like,12.998815,77.742765,user178,2025-07-14T19:27:00,Bengaluru,5
Pothole #1179,Causes skidding,12.95834,77.573954,user179,2025-05-24T03:17:00,Bengaluru,2
Pothole #1180,Needs repair,12.983211,77.590308,user180,2025-04-03T22:41:00,Bengaluru,5
Pothole #1181,Small crack,12.888737,77.680813,user181,2025-06-13T14:58:00,Bengaluru,2
Pothole #1182,Causes skidding,12.904681,77.693335,user182,2025-10-27T17:50:00,Bengaluru,4
Pothole #1183,Crater-like,13.046206,77.515961,user183,2025-06-03T15:20:00,Bengaluru,5
Pothole #1184,Needs repair,12.864774,77.707268,user184,2025-11-28T07:30:00,Bengaluru,2
Pothole #1185,Crater-like,13.0117,77.551671,user185,2025-09-27T20:26:00,Bengaluru,4
Pothole #1186,Crater-like,13.021087,77.598716,user186,2025-04-13T07:15:00,Bengaluru,3
Pothole #1187,Deep hole,12.939015,77.651863,user187,2025-04-13T16:59:00,Bengaluru,5
Pothole #1188,Needs repair,12.879035,77.583998,user188,2025-07-20T23:40:00,Bengaluru,1
Pothole #1189,Deep hole,12.890944,77.516197,user189,2025-09-28T09:16:00,Bengaluru,1
Pothole #1190,Small crack,13.011474,77.699012,user190,2025-11-09T04:23:00,Bengaluru,5
Pothole #1191,Causes skidding,12.955302,77.718557,user191,2025-07-17T14:59:00,Bengaluru,4
Pothole #1192,Causes skidding,13.005823,77.5548,user192,2025-10-22T06:53:00,Bengaluru,4
Pothole #1193,Small crack,12.947266,77.65425,user193,2025-02-06T10:38:00,Bengaluru,2
Pothole #1194,Deep hole,12.902455,77.689296,user194,2025-08-26T10:10:00,Bengaluru,1
Pothole #1195,Damaged patch,12.865347,77.740637,user195,2025-02-14T08:09:00,Bengaluru,2
Pothole #1196,Needs repair,13.022782,77.674358,user196,2025-02-17T15:09:00,Bengaluru,3
Pothole #1197,Small crack,12.985816,77.656411,user197,2025-09-15T23:32:00,Bengaluru,1
Pothole #1198,Needs repair,12.95018,77.605877,user198,2025-07-16T10:27:00,Bengaluru,1
Pothole #1199,Damaged patch,12.951958,77.728106,user199,2025-02-08T22:27:00,Bengaluru,1
Pothole #1200,Small crack,13.013128,77.550373,user200,2025-01-16T05:05:00,Bengaluru,1
Pothole #1201,Needs repair,12.924124,77.687452,user201,2025-01-09T13:00:00,Bengaluru,4
Pothole #1202,Damaged patch,12.96428,77.708281,user202,2025-05-02T21:12:00,Bengaluru,5
Pothole #1203,Damaged patch,12.886976,77.675957,user203,2025-03-19T02:37:00,Bengaluru,1
Pothole #1204,Deep hole,13.034849,77.57557,user204,2025-08-10T12:55:00,Bengaluru,1
Pothole #1205,Damaged patch,12.890437,77.665705,user205,2025-06-20T09:40:00,Bengaluru,2
Pothole #1206,Needs repair,12.9196,77.604261,user206,2025-07-28T10:57:00,Bengaluru,3
Pothole #1207,Needs repair,12.994286,77.52206,user207,2025-02-08T08:53:00,Bengaluru,5
Pothole #1208,Small crack,12.969058,77.65783,user208,2025-01-22T00:08:00,Bengaluru,3
Pothole #1209,Damaged patch,13.010195,77.537007,user209,2025-03-02T14:06:00,Bengaluru,1
Pothole #1210,Crater-like,12.970499,77.624805,user210,2025-05-28T19:38:00,Bengaluru,5
Pothole #1211,Small crack,12.866465,77.625883,user211,2025-03-14T17:53:00,Bengaluru,2
Pothole #1212,Deep hole,12.982223,77.510396,user212,2025-06-21T18:42:00,Bengaluru,5
Pothole #1213,Damaged patch,12.861484,77.660279,user213,2025-03-27T03:10:00,Bengaluru,5
Pothole #1214,Deep hole,12.978461,77.5625,user214,2025-09-27T08:50:00,Bengaluru,3
Pothole #1215,Crater-like,12.988968,77.65463,user215,2025-02-21T16:42:00,Bengaluru,3
Pothole #1216,Deep hole,13.010964,77.618659,user216,2025-03-25T15:16:00,Bengaluru,1
Pothole #1217,Needs repair,12.95808,77.6812,user217,2025-02-15T19:12:00,Bengaluru,4
Pothole #1218,Deep hole,13.011239,77.633463,user218,2025-06-23T04:35:00,Bengaluru,5
Pothole #1219,Causes skidding,12.891574,77.514603,user219,2025-07-06T05:12:00,Bengaluru,4
Pothole #1220,Deep hole,13.009188,77.659487,user220,2025-04-28T12:34:00,Bengaluru,3
Pothole #1221,Deep hole,12.895901,77.685076,user221,2025-08-22T15:51:00,Bengaluru,5
Pothole #1222,Crater-like,13.018725,77.595711,user222,2025-04-18T09:42:00,Bengaluru,3
Pothole #1223,Crater-like,13.039585,77.628566,user223,2025-06-27T16:28:00,Bengaluru,5
Pothole #1224,Deep hole,12.919412,77.583634,user224,2025-03-13T15:45:00,Bengaluru,3
Pothole #1225,Causes skidding,12.935149,77.529371,user225,2025-06-26T14:26:00,Bengaluru,4
Pothole #1226,Crater-like,12.91733,77.555293,user226,2025-05-06T20:37:00,Bengaluru,3
Pothole #1227,Small crack,12.994621,77.640231,user227,2025-01-23T11:39:00,Bengaluru,1
Pothole #1228,Causes skidding,12.995627,77.653192,user228,2025-07-23T07:02:00,Bengaluru,4
Pothole #1229,Damaged patch,13.037871,77.60519,user229,2025-01-15T17:28:00,Bengaluru,3
Pothole #1230,Small crack,12.982106,77.690861,user230,2025-10-05T07:38:00,Bengaluru,4
Pothole #1231,Deep hole,12.900395,77.593939,user231,2025-06-15T20:53:00,Bengaluru,3
Pothole #1232,Crater-like,12.976629,77.570602,user232,2025-04-22T15:34:00,Bengaluru,1
Pothole #1233,Causes skidding,12.85287,77.513673,user233,2025-09-28T10:43:00,Bengaluru,3
Pothole #1234,Causes skidding,12.859168,77.54398,user234,2025-01-20T20:58:00,Bengaluru,1
Pothole #1235,Crater-like,13.035754,77.74084,user235,2025-05-26T17:38:00,Bengaluru,2
Pothole #1236,Small crack,12.894445,77.682523,user236,2025-10-09T08:10:00,Bengaluru,1
Pothole #1237,Deep hole,12.939454,77.647062,user237,2025-03-03T14:54:00,Bengaluru,2
Pothole #1238,Damaged patch,12.877764,77.590964,user238,2025-01-24T16:37:00,Bengaluru,1
Pothole #1239,Crater-like,12.865149,77.643269,user239,2025-09-03T19:03:00,Bengaluru,5
Pothole #1240,Causes skidding,12.999137,77.577302,user240,2025-09-11T22:27:00,Bengaluru,4
Pothole #1241,Causes skidding,13.030934,77.670499,user241,2025-02-23T23:13:00,Bengaluru,3
Pothole #1242,Deep hole,12.941939,77.602434,user242,2025-10-19T09:04:00,Bengaluru,3
Pothole #1243,Deep hole,12.963308,77.730631,user243,2025-08-28T03:05:00,Bengaluru,4
Pothole #1244,Causes skidding,12.96775,77.710462,user244,2025-11-24T15:04:00,Bengaluru,3
Pothole #1245,Needs repair,13.042588,77.67021,user245,2025-04-14T13:39:00,Bengaluru,5
Pothole #1246,Deep hole,12.89721,77.596659,user246,2025-08-27T19:39:00,Bengaluru,3
Pothole #1247,Crater-like,12.991096,77.628284,user247,2025-08-18T20:47:00,Bengaluru,2
Pothole #1248,Damaged patch,13.005635,77.673789,user248,2025-07-18T16:21:00,Bengaluru,2
Pothole #1249,Needs repair,12.973959,77.532943,user249,2025-06-14T05:55:00,Bengaluru,1
Pothole #1250,Needs repair,13.006492,77.512447,user250,2025-08-05T08:59:00,Bengaluru,3
Pothole #1251,Causes skidding,12.850114,77.558806,user251,2025-11-14T06:14:00,Bengaluru,3
Pothole #1252,Causes skidding,12.855543,77.633119,user252,2025-03-11T14:16:00,Bengaluru,4
Pothole #1253,Crater-like,12.941575,77.563291,user253,2025-06-21T20:05:00,Bengaluru,3
Pothole #1254,Needs repair,13.017034,77.55744,user254,2025-06-05T00:02:00,Bengaluru,3
Pothole #1255,Deep hole,12.877995,77.660316,user255,2025-10-26T11:21:00,Bengaluru,4
Pothole #1256,Deep hole,13.018324,77.54723,user256,2025-07-10T10:01:00,Bengaluru,5
Pothole #1257,Small crack,12.912898,77.583417,user257,2025-03-12T04:30:00,Bengaluru,3
Pothole #1258,Needs repair,13.041423,77.67157,user258,2025-07-11T09:10:00,Bengaluru,2
Pothole #1259,Damaged patch,12.953041,77.61619,user259,2025-08-14T04:10:00,Bengaluru,3
Pothole #1260,Small crack,12.859662,77.532156,user260,2025-10-18T23:59:00,Bengaluru,4
Pothole #1261,Damaged patch,12.855684,77.658961,user261,2025-10-05T04:53:00,Bengaluru,2
Pothole #1262,Deep hole,12.894438,77.652387,user262,2025-10-11T13:33:00,Bengaluru,5
Pothole #1263,Causes skidding,12.976212,77.744632,user263,2025-07-24T04:37:00,Bengaluru,5
Pothole #1264,Deep hole,12.889392,77.710207,user264,2025-06-26T11:33:00,Bengaluru,4
Pothole #1265,Needs repair,12.922799,77.691527,user265,2025-06-10T11:41:00,Bengaluru,1
Pothole #1266,Crater-like,12.98852,77.528015,user266,2025-02-08T23:50:00,Bengaluru,4
Pothole #1267,Crater-like,13.021272,77.654185,user267,2025-01-11T20:45:00,Bengaluru,4
Pothole #1268,Crater-like,12.931238,77.602395,user268,2025-08-17T18:46:00,Bengaluru,4
Pothole #1269,Crater-like,13.02565,77.507439,user269,2025-10-20T00:53:00,Bengaluru,1
Pothole #1270,Small crack,12.961956,77.572441,user270,2025-05-17T18:35:00,Bengaluru,3
Pothole #1271,Deep hole,12.904499,77.636515,user271,2025-03-18T10:26:00,Bengaluru,5
Pothole #1272,Causes skidding,13.024224,77.553149,user272,2025-04-05T00:42:00,Bengaluru,2
Pothole #1273,Crater-like,13.030273,77.734635,user273,2025-01-19T14:21:00,Bengaluru,1
Pothole #1274,Deep hole,12.926121,77.677445,user274,2025-10-06T02:12:00,Bengaluru,5
Pothole #1275,Needs repair,12.991611,77.56447,user275,2025-11-10T09:27:00,Bengaluru,2
Pothole #1276,Damaged patch,12.877662,77.507244,user276,2025-05-12T15:31:00,Bengaluru,1
Pothole #1277,Crater-like,13.001774,77.541551,user277,2025-11-24T03:15:00,Bengaluru,2
Pothole #1278,Crater-like,12.984769,77.677229,user278,2025-06-28T04:48:00,Bengaluru,5
Pothole #1279,Deep hole,12.939017,77.541097,user279,2025-05-05T21:38:00,Bengaluru,5
Pothole #1280,Small crack,12.962611,77.568751,user280,2025-09-17T10:15:00,Bengaluru,1
Pothole #1281,Crater-like,13.009995,77.623125,user281,2025-07-18T09:24:00,Bengaluru,2
Pothole #1282,Deep hole,12.980081,77.686078,user282,2025-10-05T20:46:00,Bengaluru,2
Pothole #1283,Damaged patch,12.979875,77.70008,user283,2025-07-25T04:09:00,Bengaluru,3
Pothole #1284,Crater-like,12.880148,77.706764,user284,2025-02-18T21:00:00,Bengaluru,3
Pothole #1285,Deep hole,12.857675,77.680451,user285,2025-11-16T12:42:00,Bengaluru,4
Pothole #1286,Deep hole,13.040342,77.721089,user286,2025-06-01T04:36:00,Bengaluru,4
Pothole #1287,Needs repair,12.855095,77.699145,user287,2025-08-10T01:44:00,Bengaluru,2
Pothole #1288,Crater-like,12.910197,77.532968,user288,2025-08-13T20:29:00,Bengaluru,5
Pothole #1289,Deep hole,12.886875,77.564517,user289,2025-06-07T04:28:00,Bengaluru,3
Pothole #1290,Small crack,13.036556,77.511231,user290,2025-02-26T02:23:00,Bengaluru,4
Pothole #1291,Deep hole,12.969861,77.578352,user291,2025-02-04T12:28:00,Bengaluru,4
Pothole #1292,Needs repair,12.863552,77.691874,user292,2025-03-24T05:42:00,Bengaluru,2
Pothole #1293,Deep hole,12.91758,77.541954,user293,2025-06-18T04:45:00,Bengaluru,3
Pothole #1294,Damaged patch,12.924887,77.519127,user294,2025-05-25T14:22:00,Bengaluru,3
Pothole #1295,Damaged patch,12.878454,77.624288,user295,2025-06-15T05:39:00,Bengaluru,2
Pothole #1296,Causes skidding,12.892562,77.662929,user296,2025-07-18T07:18:00,Bengaluru,5
Pothole #1297,Crater-like,12.891925,77.630959,user297,2025-11-07T17:52:00,Bengaluru,3
Pothole #1298,Needs repair,12.996966,77.738389,user298,2025-02-24T18:49:00,Bengaluru,3
Pothole #1299,Deep hole,13.04244,77.71176,user299,2025-09-04T23:40:00,Bengaluru,5
Pothole #1300,Causes skidding,12.954198,77.660091,user300,2025-10-01T07:59:00,Bengaluru,4
Pothole #1301,Needs repair,12.893434,77.633481,user301,2025-07-13T01:10:00,Bengaluru,5
Pothole #1302,Needs repair,12.986128,77.532279,user302,2025-04-09T02:02:00,Bengaluru,4
Pothole #1303,Crater-like,12.917381,77.664042,user303,2025-01-05T07:35:00,Bengaluru,4
Pothole #1304,Crater-like,12.938823,77.617098,user304,2025-11-06T09:39:00,Bengaluru,3
Pothole #1305,Damaged patch,13.039633,77.555523,user305,2025-05-03T11:32:00,Bengaluru,5
Pothole #1306,Small crack,12.967421,77.595516,user306,2025-02-10T20:33:00,Bengaluru,1
Pothole #1307,Deep hole,12.925212,77.552683,user307,2025-08-25T05:09:00,Bengaluru,2
Pothole #1308,Needs repair,13.016559,77.615048,user308,2025-02-13T09:07:00,Bengaluru,5
Pothole #1309,Causes skidding,12.881171,77.620606,user309,2025-11-18T16:10:00,Bengaluru,2
Pothole #1310,Needs repair,12.968301,77.528659,user310,2025-03-07T18:35:00,Bengaluru,2
Pothole #1311,Crater-like,12.955144,77.563753,user311,2025-04-25T02:28:00,Bengaluru,1
Pothole #1312,Needs repair,13.004381,77.635097,user312,2025-06-04T07:45:00,Bengaluru,3
Pothole #1313,Damaged patch,12.852069,77.643764,user313,2025-03-24T09:32:00,Bengaluru,5
Pothole #1314,Crater-like,12.881302,77.639476,user314,2025-06-27T16:42:00,Bengaluru,4
Pothole #1315,Small crack,12.887107,77.544623,user315,2025-09-07T11:42:00,Bengaluru,2
Pothole #1316,Needs repair,12.907322,77.6989,user316,2025-05-01T08:34:00,Bengaluru,5
Pothole #1317,Deep hole,12.859688,77.538191,user317,2025-09-25T01:56:00,Bengaluru,5
Pothole #1318,Needs repair,12.880548,77.694309,user318,2025-11-25T08:06:00,Bengaluru,5
Pothole #1319,Damaged patch,13.017356,77.648427,user319,2025-01-18T04:11:00,Bengaluru,1
Pothole #1320,Causes skidding,12.927817,77.727306,user320,2025-07-10T12:57:00,Bengaluru,1
Pothole #1321,Causes skidding,12.985392,77.718028,user321,2025-11-21T00:02:00,Bengaluru,3
Pothole #1322,Needs repair,13.047332,77.618806,user322,2025-08-27T00:34:00,Bengaluru,3
Pothole #1323,Causes skidding,12.985495,77.55555,user323,2025-01-26T22:29:00,Bengaluru,4
Pothole #1324,Crater-like,12.87368,77.522951,user324,2025-03-17T06:15:00,Bengaluru,4
Pothole #1325,Crater-like,12.996301,77.537025,user325,2025-04-09T05:33:00,Bengaluru,3
Pothole #1326,Small crack,13.033378,77.71229,user326,2025-11-17T23:33:00,Bengaluru,5
Pothole #1327,Needs repair,12.964052,77.647908,user327,2025-04-01T00:45:00,Bengaluru,2
Pothole #1328,Small crack,12.983952,77.608717,user328,2025-06-07T21:26:00,Bengaluru,1
Pothole #1329,Damaged patch,12.966873,77.521983,user329,2025-01-06T02:01:00,Bengaluru,1
Pothole #1330,Deep hole,12.883983,77.64414,user330,2025-09-15T10:38:00,Bengaluru,3
Pothole #1331,Needs repair,13.042508,77.658911,user331,2025-02-28T22:21:00,Bengaluru,1
Pothole #1332,Crater-like,12.891814,77.567211,user332,2025-08-07T15:25:00,Bengaluru,1
Pothole #1333,Damaged patch,12.905443,77.647515,user333,2025-10-09T21:48:00,Bengaluru,5
Pothole #1334,Causes skidding,12.976553,77.685891,user334,2025-07-23T09:27:00,Bengaluru,4
Pothole #1335,Needs repair,12.988812,77.629609,user335,2025-06-10T18:39:00,Bengaluru,1
Pothole #1336,Causes skidding,13.031237,77.637257,user336,2025-04-06T06:24:00,Bengaluru,3
Pothole #1337,Causes skidding,12.886826,77.547972,user337,2025-06-24T04:42:00,Bengaluru,5
Pothole #1338,Needs repair,12.870006,77.738405,user338,2025-04-02T11:18:00,Bengaluru,3
Pothole #1339,Small crack,12.904631,77.736658,user339,2025-06-26T00:36:00,Bengaluru,4
Pothole #1340,Damaged patch,13.012632,77.623811,user340,2025-11-05T21:39:00,Bengaluru,5
Pothole #1341,Needs repair,13.004289,77.636449,user341,2025-03-24T21:40:00,Bengaluru,4
Pothole #1342,Needs repair,12.957982,77.734586,user342,2025-08-10T14:21:00,Bengaluru,3
Pothole #1343,Causes skidding,12.968871,77.666657,user343,2025-03-23T01:05:00,Bengaluru,4
Pothole #1344,Damaged patch,12.97667,77.546413,user344,2025-11-11T07:03:00,Bengaluru,4
Pothole #1345,Needs repair,12.943778,77.721234,user345,2025-09-21T12:32:00,Bengaluru,2
Pothole #1346,Small crack,13.005007,77.519548,user346,2025-08-17T11:51:00,Bengaluru,2
Pothole #1347,Crater-like,12.893461,77.585161,user347,2025-10-13T08:51:00,Bengaluru,1
Pothole #1348,Causes skidding,12.936464,77.626014,user348,2025-03-25T10:59:00,Bengaluru,3
Pothole #1349,Needs repair,12.919819,77.645093,user349,2025-03-23T21:49:00,Bengaluru,5
Pothole #1350,Causes skidding,12.8553,77.538834,user350,2025-03-25T09:03:00,Bengaluru,5
Pothole #1351,Crater-like,12.965088,77.635394,user351,2025-11-06T22:02:00,Bengaluru,4
Pothole #1352,Small crack,12.959342,77.502447,user352,2025-01-19T22:58:00,Bengaluru,2
Pothole #1353,Needs repair,12.918751,77.692673,user353,2025-11-03T17:34:00,Bengaluru,4
Pothole #1354,Small crack,12.936269,77.504056,user354,2025-03-18T15:28:00,Bengaluru,2
Pothole #1355,Needs repair,12.976404,77.742334,user355,2025-02-03T05:02:00,Bengaluru,5
Pothole #1356,Damaged patch,12.908902,77.656701,user356,2025-06-23T18:06:00,Bengaluru,4
Pothole #1357,Causes skidding,12.998754,77.690097,user357,2025-08-12T15:42:00,Bengaluru,4
Pothole #1358,Crater-like,13.020963,77.561188,user358,2025-03-26T20:23:00,Bengaluru,3
Pothole #1359,Deep hole,12.910433,77.553589,user359,2025-11-06T14:23:00,Bengaluru,4
Pothole #1360,Small crack,13.03989,77.723667,user360,2025-09-16T09:39:00,Bengaluru,3
Pothole #1361,Damaged patch,13.018387,77.507859,user361,2025-06-09T11:05:00,Bengaluru,5
Pothole #1362,Damaged patch,13.009952,77.521335,user362,2025-07-05T10:19:00,Bengaluru,2
Pothole #1363,Deep hole,12.999833,77.689253,user363,2025-10-05T19:35:00,Bengaluru,5
Pothole #1364,Crater-like,12.94527,77.555282,user364,2025-11-09T02:16:00,Bengaluru,4
Pothole #1365,Crater-like,12.949036,77.537004,user365,2025-01-23T04:57:00,Bengaluru,5
Pothole #1366,Causes skidding,13.043391,77.682649,user366,2025-09-10T14:55:00,Bengaluru,1
Pothole #1367,Deep hole,12.933457,77.709536,user367,2025-03-06T13:20:00,Bengaluru,1
Pothole #1368,Causes skidding,12.851077,77.569449,user368,2025-05-27T09:43:00,Bengaluru,1
Pothole #1369,Causes skidding,12.996968,77.702251,user369,2025-06-12T18:53:00,Bengaluru,5
Pothole #1370,Needs repair,13.000914,77.594394,user370,2025-01-28T18:19:00,Bengaluru,1
Pothole #1371,Crater-like,12.985685,77.630246,user371,2025-04-22T10:32:00,Bengaluru,5
Pothole #1372,Crater-like,12.959009,77.709929,user372,2025-06-20T23:20:00,Bengaluru,5
Pothole #1373,Damaged patch,12.898634,77.631254,user373,2025-01-17T14:02:00,Bengaluru,2
Pothole #1374,Causes skidding,12.956019,77.553354,user374,2025-03-19T00:48:00,Bengaluru,3
Pothole #1375,Damaged patch,12.955664,77.608997,user375,2025-02-28T10:48:00,Bengaluru,4
Pothole #1376,Needs repair,12.909795,77.631322,user376,2025-04-09T03:57:00,Bengaluru,2
Pothole #1377,Small crack,13.043995,77.717467,user377,2025-05-22T17:46:00,Bengaluru,1
Pothole #1378,Small crack,13.034655,77.53411,user378,2025-08-18T11:29:00,Bengaluru,4
Pothole #1379,Causes skidding,12.923848,77.650923,user379,2025-09-21T06:16:00,Bengaluru,1
Pothole #1380,Needs repair,12.960115,77.608047,user380,2025-05-15T06:08:00,Bengaluru,5
Pothole #1381,Crater-like,12.904731,77.64105,user381,2025-10-13T12:14:00,Bengaluru,5
Pothole #1382,Small crack,13.031133,77.557996,user382,2025-10-25T00:11:00,Bengaluru,5
Pothole #1383,Deep hole,13.023478,77.617967,user383,2025-11-11T05:27:00,Bengaluru,2
Pothole #1384,Deep hole,12.924143,77.618451,user384,2025-03-16T12:25:00,Bengaluru,4
Pothole #1385,Small crack,12.950286,77.659465,user385,2025-11-11T08:40:00,Bengaluru,5
Pothole #1386,Damaged patch,12.949863,77.623703,user386,2025-06-12T02:51:00,Bengaluru,5
Pothole #1387,Damaged patch,12.962901,77.669658,user387,2025-02-27T00:43:00,Bengaluru,5
Pothole #1388,Deep hole,12.931446,77.635231,user388,2025-01-12T18:32:00,Bengaluru,4
Pothole #1389,Needs repair,13.03118,77.74517,user389,2025-09-25T21:17:00,Bengaluru,2
Pothole #1390,Small crack,12.972871,77.538875,user390,2025-05-10T02:02:00,Bengaluru,1
Pothole #1391,Small crack,12.906533,77.510925,user391,2025-11-11T04:20:00,Bengaluru,5
Pothole #1392,Small crack,12.909598,77.749817,user392,2025-01-14T03:48:00,Bengaluru,3
Pothole #1393,Crater-like,12.859273,77.600632,user393,2025-01-18T02:05:00,Bengaluru,3
Pothole #1394,Small crack,13.038383,77.514748,user394,2025-09-05T03:18:00,Bengaluru,4
Pothole #1395,Causes skidding,12.945007,77.687518,user395,2025-10-04T13:17:00,Bengaluru,5
Pothole #1396,Crater-like,12.943219,77.612887,user396,2025-04-19T02:21:00,Bengaluru,3
Pothole #1397,Causes skidding,12.883734,77.628615,user397,2025-05-27T23:38:00,Bengaluru,1
Pothole #1398,Needs repair,12.985269,77.607608,user398,2025-07-05T11:11:00,Bengaluru,4
Pothole #1399,Causes skidding,12.991499,77.660408,user399,2025-01-27T07:34:00,Bengaluru,1
Pothole #1400,Small crack,13.036087,77.630422,user400,2025-02-09T18:14:00,Bengaluru,3
Pothole #1401,Damaged patch,12.961486,77.746398,user401,2025-05-24T19:35:00,Bengaluru,2
Pothole #1402,Small crack,12.883278,77.589882,user402,2025-09-26T16:56:00,Bengaluru,2
Pothole #1403,Needs repair,12.930314,77.655052,user403,2025-08-15T23:29:00,Bengaluru,4
Pothole #1404,Causes skidding,13.01293,77.695507,user404,2025-09-17T22:21:00,Bengaluru,5
Pothole #1405,Needs repair,12.924312,77.685188,user405,2025-06-02T02:43:00,Bengaluru,2
Pothole #1406,Needs repair,13.023652,77.595213,user406,2025-06-20T03:51:00,Bengaluru,1
Pothole #1407,Causes skidding,12.9337,77.558379,user407,2025-04-20T06:30:00,Bengaluru,2
Pothole #1408,Needs repair,13.022126,77.684876,user408,2025-10-09T13:43:00,Bengaluru,5
Pothole #1409,Crater-like,12.912644,77.666135,user409,2025-04-22T05:01:00,Bengaluru,2
Pothole #1410,Causes skidding,12.962751,77.721978,user410,2025-07-03T04:52:00,Bengaluru,5
Pothole #1411,Damaged patch,12.990372,77.525284,user411,2025-05-02T13:36:00,Bengaluru,3
Pothole #1412,Needs repair,12.974808,77.711774,user412,2025-02-01T21:07:00,Bengaluru,2
Pothole #1413,Crater-like,12.965129,77.712746,user413,2025-05-18T04:23:00,Bengaluru,1
Pothole #1414,Small crack,13.001148,77.696044,user414,2025-05-14T18:56:00,Bengaluru,2
Pothole #1415,Deep hole,13.04149,77.549274,user415,2025-04-15T10:30:00,Bengaluru,1
Pothole #1416,Damaged patch,12.924005,77.589509,user416,2025-06-22T05:40:00,Bengaluru,1
Pothole #1417,Damaged patch,13.038529,77.593603,user417,2025-01-01T15:33:00,Bengaluru,5
Pothole #1418,Damaged patch,12.905646,77.604991,user418,2025-03-09T14:45:00,Bengaluru,4
Pothole #1419,Crater-like,13.038072,77.57086,user419,2025-02-23T06:38:00,Bengaluru,3
Pothole #1420,Small crack,12.988726,77.535302,user420,2025-02-08T10:44:00,Bengaluru,1
Pothole #1421,Small crack,13.039843,77.501969,user421,2025-09-19T12:41:00,Bengaluru,2
Pothole #1422,Damaged patch,12.920759,77.541284,user422,2025-08-09T18:43:00,Bengaluru,5
Pothole #1423,Crater-like,12.902699,77.578434,user423,2025-10-22T06:48:00,Bengaluru,1
Pothole #1424,Causes skidding,13.003681,77.537299,user424,2025-01-11T03:42:00,Bengaluru,3
Pothole #1425,Deep hole,13.018398,77.516657,user425,2025-02-08T12:48:00,Bengaluru,3
Pothole #1426,Damaged patch,13.008084,77.633298,user426,2025-10-17T16:34:00,Bengaluru,5
Pothole #1427,Small crack,13.027465,77.505838,user427,2025-10-10T03:39:00,Bengaluru,1
Pothole #1428,Small crack,13.034468,77.52273,user428,2025-10-05T23:07:00,Bengaluru,3
Pothole #1429,Crater-like,12.890606,77.723804,user429,2025-09-12T17:51:00,Bengaluru,3
Pothole #1430,Causes skidding,12.92612,77.622377,user430,2025-02-20T06:09:00,Bengaluru,5
Pothole #1431,Crater-like,12.874406,77.670084,user431,2025-03-23T18:10:00,Bengaluru,3
Pothole #1432,Damaged patch,13.003929,77.517819,user432,2025-07-19T20:20:00,Bengaluru,3
Pothole #1433,Damaged patch,12.996994,77.665142,user433,2025-03-28T16:04:00,Bengaluru,2
Pothole #1434,Deep hole,12.96436,77.676098,user434,2025-02-14T00:46:00,Bengaluru,3
Pothole #1435,Crater-like,12.965165,77.678192,user435,2025-01-19T12:08:00,Bengaluru,3
Pothole #1436,Crater-like,12.879389,77.745578,user436,2025-06-17T09:48:00,Bengaluru,4
Pothole #1437,Crater-like,13.007376,77.554668,user437,2025-05-18T13:59:00,Bengaluru,5
Pothole #1438,Damaged patch,13.022389,77.592352,user438,2025-09-23T08:08:00,Bengaluru,3
Pothole #1439,Damaged patch,12.98666,77.686772,user439,2025-01-07T23:21:00,Bengaluru,5
Pothole #1440,Causes skidding,12.947892,77.614001,user440,2025-07-08T22:56:00,Bengaluru,5
Pothole #1441,Causes skidding,12.90643,77.73346,user441,2025-07-17T11:11:00,Bengaluru,4
Pothole #1442,Needs repair,13.02512,77.53992,user442,2025-02-18T11:36:00,Bengaluru,4
Pothole #1443,Deep hole,12.894471,77.680364,user443,2025-08-15T15:52:00,Bengaluru,4
Pothole #1444,Small crack,12.959322,77.586621,user444,2025-03-20T04:57:00,Bengaluru,3
Pothole #1445,Needs repair,12.957618,77.583821,user445,2025-11-17T17:00:00,Bengaluru,1
Pothole #1446,Deep hole,12.914107,77.678094,user446,2025-07-21T01:42:00,Bengaluru,3
Pothole #1447,Small crack,12.958582,77.605528,user447,2025-08-12T14:40:00,Bengaluru,3
Pothole #1448,Causes skidding,12.968367,77.509852,user448,2025-02-17T05:36:00,Bengaluru,1
Pothole #1449,Crater-like,12.85544,77.531875,user449,2025-08-09T16:56:00,Bengaluru,1
Pothole #1450,Causes skidding,12.958488,77.621724,user450,2025-07-04T00:08:00,Bengaluru,4
Pothole #1451,Crater-like,12.995487,77.657008,user451,2025-04-03T18:31:00,Bengaluru,4
Pothole #1452,Needs repair,12.873875,77.660529,user452,2025-04-10T15:30:00,Bengaluru,1
Pothole #1453,Needs repair,12.915365,77.593548,user453,2025-10-11T15:56:00,Bengaluru,2
Pothole #1454,Deep hole,12.870704,77.658518,user454,2025-01-11T09:44:00,Bengaluru,2
Pothole #1455,Small crack,13.033058,77.568364,user455,2025-06-04T18:26:00,Bengaluru,4
Pothole #1456,Deep hole,12.884122,77.619927,user456,2025-01-10T04:10:00,Bengaluru,3
Pothole #1457,Damaged patch,12.866642,77.673568,user457,2025-06-22T03:33:00,Bengaluru,5
Pothole #1458,Needs repair,12.871092,77.620036,user458,2025-02-11T08:49:00,Bengaluru,4
Pothole #1459,Causes skidding,13.04397,77.651488,user459,2025-08-12T10:56:00,Bengaluru,5
Pothole #1460,Needs repair,12.889128,77.553203,user460,2025-06-20T00:55:00,Bengaluru,5
Pothole #1461,Needs repair,13.010521,77.5312,user461,2025-08-16T23:20:00,Bengaluru,2
Pothole #1462,Needs repair,13.010311,77.520555,user462,2025-04-19T09:00:00,Bengaluru,1
Pothole #1463,Deep hole,12.851263,77.591086,user463,2025-03-05T03:41:00,Bengaluru,5
Pothole #1464,Small crack,12.862748,77.698832,user464,2025-07-24T19:13:00,Bengaluru,3
Pothole #1465,Causes skidding,13.012161,77.578316,user465,2025-07-05T09:06:00,Bengaluru,1
Pothole #1466,Deep hole,12.987935,77.639835,user466,2025-10-11T06:50:00,Bengaluru,5
Pothole #1467,Needs repair,13.001263,77.585386,user467,2025-07-25T00:25:00,Bengaluru,5
Pothole #1468,Small crack,12.963892,77.733007,user468,2025-11-12T09:24:00,Bengaluru,5
Pothole #1469,Needs repair,12.890845,77.621353,user469,2025-10-17T08:09:00,Bengaluru,4
Pothole #1470,Needs repair,12.908402,77.675623,user470,2025-03-23T17:44:00,Bengaluru,5
Pothole #1471,Needs repair,12.985183,77.521761,user471,2025-02-20T00:38:00,Bengaluru,3
Pothole #1472,Crater-like,12.924493,77.61145,user472,2025-06-01T20:53:00,Bengaluru,5
Pothole #1473,Small crack,12.97091,77.728216,user473,2025-10-14T19:37:00,Bengaluru,2
Pothole #1474,Damaged patch,12.914987,77.594863,user474,2025-04-12T19:01:00,Bengaluru,5
Pothole #1475,Deep hole,12.853519,77.623041,user475,2025-07-28T13:03:00,Bengaluru,5
Pothole #1476,Causes skidding,12.850394,77.523901,user476,2025-11-04T21:39:00,Bengaluru,4
Pothole #1477,Causes skidding,12.999725,77.747752,user477,2025-03-07T19:17:00,Bengaluru,4
Pothole #1478,Needs repair,12.998447,77.668645,user478,2025-06-16T16:29:00,Bengaluru,1
Pothole #1479,Deep hole,12.901826,77.684655,user479,2025-01-20T06:38:00,Bengaluru,5
Pothole #1480,Deep hole,13.044087,77.600884,user480,2025-03-10T11:41:00,Bengaluru,4
Pothole #1481,Small crack,12.904269,77.559154,user481,2025-04-21T19:26:00,Bengaluru,2
Pothole #1482,Causes skidding,12.96762,77.502149,user482,2025-05-14T08:46:00,Bengaluru,4
Pothole #1483,Crater-like,12.88921,77.700473,user483,2025-11-01T00:55:00,Bengaluru,3
Pothole #1484,Crater-like,12.911884,77.602112,user484,2025-03-25T20:26:00,Bengaluru,3
Pothole #1485,Needs repair,12.85186,77.685702,user485,2025-10-01T03:04:00,Bengaluru,3
Pothole #1486,Deep hole,12.929627,77.567002,user486,2025-03-25T07:15:00,Bengaluru,3
Pothole #1487,Needs repair,12.982776,77.682455,user487,2025-01-18T03:15:00,Bengaluru,3
Pothole #1488,Causes skidding,12.880281,77.505303,user488,2025-04-26T23:00:00,Bengaluru,5
Pothole #1489,Damaged patch,13.040155,77.603798,user489,2025-08-22T08:07:00,Bengaluru,4
Pothole #1490,Damaged patch,13.009169,77.572712,user490,2025-11-20T18:13:00,Bengaluru,5
Pothole #1491,Deep hole,12.986806,77.563932,user491,2025-11-25T22:11:00,Bengaluru,4
Pothole #1492,Small crack,13.027587,77.701432,user492,2025-01-11T09:12:00,Bengaluru,5
Pothole #1493,Crater-like,12.857608,77.739036,user493,2025-03-27T02:18:00,Bengaluru,3
Pothole #1494,Needs repair,12.957064,77.68532,user494,2025-08-10T15:50:00,Bengaluru,1
Pothole #1495,Crater-like,13.044712,77.639838,user495,2025-05-04T21:57:00,Bengaluru,1
Pothole #1496,Deep hole,13.036338,77.677524,user496,2025-11-13T04:40:00,Bengaluru,5
Pothole #1497,Small crack,12.962331,77.71005,user497,2025-06-19T10:06:00,Bengaluru,4
Pothole #1498,Crater-like,12.977482,77.531024,user498,2025-06-05T08:35:00,Bengaluru,4
Pothole #1499,Damaged patch,12.876709,77.725606,user499,2025-02-11T02:06:00,Bengaluru,4
Pothole #1500,Causes skidding,12.915616,77.519728,user0,2025-09-05T12:26:00,Bengaluru,5
Pothole #1501,Damaged patch,13.023193,77.693641,user1,2025-06-21T12:51:00,Bengaluru,3
Pothole #1502,Damaged patch,12.88923,77.507052,user2,2025-06-15T03:49:00,Bengaluru,2
Pothole #1503,Deep hole,12.949804,77.650717,user3,2025-10-18T10:29:00,Bengaluru,1
Pothole #1504,Deep hole,12.91722,77.693668,user4,2025-04-26T19:17:00,Bengaluru,1
Pothole #1505,Deep hole,12.941644,77.53829,user5,2025-11-18T14:16:00,Bengaluru,4
Pothole #1506,Deep hole,12.898437,77.507727,user6,2025-07-07T05:01:00,Bengaluru,4
Pothole #1507,Causes skidding,13.019693,77.738195,user7,2025-05-25T03:29:00,Bengaluru,2
Pothole #1508,Small crack,13.037254,77.710438,user8,2025-04-24T18:55:00,Bengaluru,5
Pothole #1509,Needs repair,12.896587,77.529104,user9,2025-09-09T02:14:00,Bengaluru,5
Pothole #1510,Deep hole,12.871455,77.672448,user10,2025-04-26T21:09:00,Bengaluru,2
Pothole #1511,Crater-like,12.890978,77.613791,user11,2025-02-25T08:32:00,Bengaluru,3
Pothole #1512,Damaged patch,12.929033,77.529232,user12,2025-01-15T13:12:00,Bengaluru,5
Pothole #1513,Crater-like,12.925325,77.647289,user13,2025-01-13T10:15:00,Bengaluru,4
Pothole #1514,Needs repair,12.918609,77.733292,user14,2025-09-14T01:28:00,Bengaluru,3
Pothole #1515,Damaged patch,12.930553,77.644955,user15,2025-03-04T04:50:00,Bengaluru,5
Pothole #1516,Needs repair,12.930962,77.532131,user16,2025-06-11T14:01:00,Bengaluru,5
Pothole #1517,Needs repair,12.974064,77.558627,user17,2025-05-12T19:32:00,Bengaluru,1
Pothole #1518,Crater-like,12.916411,77.711557,user18,2025-09-05T14:15:00,Bengaluru,3
Pothole #1519,Needs repair,12.999779,77.609694,user19,2025-11-03T18:12:00,Bengaluru,3
Pothole #1520,Damaged patch,12.94847,77.653608,user20,2025-02-22T10:32:00,Bengaluru,4
Pothole #1521,Deep hole,12.991021,77.542612,user21,2025-10-10T00:20:00,Bengaluru,1
Pothole #1522,Crater-like,12.857698,77.633395,user22,2025-03-28T23:41:00,Bengaluru,1
Pothole #1523,Small crack,12.896373,77.743247,user23,2025-07-08T07:01:00,Bengaluru,2
Pothole #1524,Needs repair,13.044586,77.505476,user24,2025-05-19T04:47:00,Bengaluru,1
Pothole #1525,Needs repair,12.965867,77.670618,user25,2025-08-03T10:21:00,Bengaluru,3
Pothole #1526,Needs repair,12.94914,77.746837,user26,2025-09-04T17:17:00,Bengaluru,5
Pothole #1527,Small crack,12.967951,77.742472,user27,2025-02-02T19:53:00,Bengaluru,4
Pothole #1528,Causes skidding,13.030858,77.623041,user28,2025-03-20T18:35:00,Bengaluru,5
Pothole #1529,Crater-like,13.043378,77.643476,user29,2025-06-16T20:59:00,Bengaluru,5
Pothole #1530,Deep hole,12.978715,77.508895,user30,2025-07-14T03:42:00,Bengaluru,1
Pothole #1531,Causes skidding,12.876161,77.608726,user31,2025-04-06T21:38:00,Bengaluru,5
Pothole #1532,Needs repair,12.922081,77.739625,user32,2025-01-25T15:08:00,Bengaluru,2
Pothole #1533,Needs repair,12.869202,77.670459,user33,2025-11-15T18:22:00,Bengaluru,5
Pothole #1534,Damaged patch,12.983651,77.577422,user34,2025-11-12T00:43:00,Bengaluru,3
Pothole #1535,Needs repair,12.896523,77.671392,user35,2025-09-21T06:25:00,Bengaluru,1
Pothole #1536,Needs repair,12.871534,77.6587,user36,2025-03-13T01:08:00,Bengaluru,2
Pothole #1537,Deep hole,12.959821,77.544236,user37,2025-07-11T04:27:00,Bengaluru,1
Pothole #1538,Needs repair,12.886568,77.561598,user38,2025-02-02T02:42:00,Bengaluru,2
Pothole #1539,Damaged patch,12.850433,77.732988,user39,2025-02-18T17:21:00,Bengaluru,2
Pothole #1540,Damaged patch,12.955414,77.643566,user40,2025-11-15T09:51:00,Bengaluru,3
Pothole #1541,Damaged patch,12.910519,77.729655,user41,2025-05-10T19:29:00,Bengaluru,1
Pothole #1542,Needs repair,12.871681,77.646173,user42,2025-05-04T06:56:00,Bengaluru,5
Pothole #1543,Needs repair,12.91287,77.522194,user43,2025-03-15T14:32:00,Bengaluru,1
Pothole #1544,Damaged patch,12.973334,77.578945,user44,2025-04-15T21:28:00,Bengaluru,1
Pothole #1545,Causes skidding,12.964835,77.740408,user45,2025-11-22T10:22:00,Bengaluru,2
Pothole #1546,Crater-like,12.981743,77.532655,user46,2025-07-08T12:03:00,Bengaluru,4
Pothole #1547,Causes skidding,12.983675,77.500265,user47,2025-08-28T21:56:00,Bengaluru,5
Pothole #1548,Needs repair,12.880842,77.534207,user48,2025-03-21T04:24:00,Bengaluru,4
Pothole #1549,Small crack,12.928232,77.612835,user49,2025-10-20T14:39:00,Bengaluru,3
Pothole #1550,Crater-like,12.850973,77.566522,user50,2025-02-11T20:30:00,Bengaluru,4
Pothole #1551,Needs repair,12.957934,77.691524,user51,2025-11-27T00:28:00,Bengaluru,5
Pothole #1552,Needs repair,12.920573,77.701529,user52,2025-02-08T00:05:00,Bengaluru,1
Pothole #1553,Causes skidding,12.864975,77.737969,user53,2025-07-14T00:13:00,Bengaluru,2
Pothole #1554,Needs repair,13.00415,77.666285,user54,2025-01-13T15:29:00,Bengaluru,3
Pothole #1555,Needs repair,13.017661,77.725822,user55,2025-11-24T01:50:00,Bengaluru,5
Pothole #1556,Small crack,12.960796,77.609873,user56,2025-10-12T21:37:00,Bengaluru,5
Pothole #1557,Needs repair,12.97937,77.512837,user57,2025-04-09T15:50:00,Bengaluru,2
Pothole #1558,Crater-like,13.040349,77.605403,user58,2025-08-11T19:14:00,Bengaluru,1
Pothole #1559,Deep hole,12.933916,77.715054,user59,2025-08-25T11:56:00,Bengaluru,5
Pothole #1560,Causes skidding,12.996448,77.552073,user60,2025-09-18T13:36:00,Bengaluru,1
Pothole #1561,Damaged patch,12.908903,77.698699,user61,2025-08-14T11:45:00,Bengaluru,1
Pothole #1562,Crater-like,12.983315,77.749715,user62,2025-02-20T22:01:00,Bengaluru,1
Pothole #1563,Needs repair,12.989247,77.736911,user63,2025-07-19T20:42:00,Bengaluru,1
Pothole #1564,Needs repair,13.027306,77.579886,user64,2025-08-28T16:31:00,Bengaluru,4
Pothole #1565,Damaged patch,12.972641,77.723928,user65,2025-08-21T04:26:00,Bengaluru,2
Pothole #1566,Causes skidding,12.861642,77.652802,user66,2025-10-05T16:12:00,Bengaluru,3
Pothole #1567,Causes skidding,13.008509,77.729931,user67,2025-05-20T08:26:00,Bengaluru,1
Pothole #1568,Small crack,12.8643,77.547402,user68,2025-08-24T02:05:00,Bengaluru,1
Pothole #1569,Causes skidding,12.859941,77.550869,user69,2025-09-26T13:48:00,Bengaluru,1
Pothole #1570,Small crack,13.027325,77.736915,user70,2025-07-11T00:13:00,Bengaluru,5
Pothole #1571,Causes skidding,12.877823,77.733002,user71,2025-08-04T03:34:00,Bengaluru,5
Pothole #1572,Needs repair,12.918593,77.500271,user72,2025-04-25T06:06:00,Bengaluru,2
Pothole #1573,Causes skidding,12.937942,77.633975,user73,2025-03-03T17:12:00,Bengaluru,1
Pothole #1574,Crater-like,12.957765,77.651168,user74,2025-07-26T13:23:00,Bengaluru,3
Pothole #1575,Deep hole,12.905277,77.521432,user75,2025-01-05T04:31:00,Bengaluru,3
Pothole #1576,Small crack,12.877631,77.508344,user76,2025-01-13T08:16:00,Bengaluru,4
Pothole #1577,Needs repair,13.047726,77.591619,user77,2025-07-09T14:40:00,Bengaluru,5
Pothole #1578,Damaged patch,13.006651,77.723246,user78,2025-06-28T11:50:00,Bengaluru,5
Pothole #1579,Deep hole,12.958626,77.60857,user79,2025-02-27T07:11:00,Bengaluru,3
Pothole #1580,Crater-like,13.046049,77.730354,user80,2025-04-05T14:51:00,Bengaluru,3
Pothole #1581,Deep hole,12.913197,77.717839,user81,2025-02-20T20:09:00,Bengaluru,5
Pothole #1582,Needs repair,12.950641,77.68956,user82,2025-02-06T14:11:00,Bengaluru,1
Pothole #1583,Crater-like,13.014963,77.747993,user83,2025-10-12T03:58:00,Bengaluru,2
Pothole #1584,Small crack,13.02795,77.662285,user84,2025-11-12T04:52:00,Bengaluru,2
Pothole #1585,Small crack,12.99659,77.646644,user85,2025-09-06T02:03:00,Bengaluru,5
Pothole #1586,Small crack,12.963266,77.645645,user86,2025-03-04T20:12:00,Bengaluru,4
Pothole #1587,Deep hole,12.898515,77.730362,user87,2025-02-02T17:31:00,Bengaluru,5
Pothole #1588,Crater-like,12.926814,77.513742,user88,2025-02-18T12:10:00,Bengaluru,5
Pothole #1589,Needs repair,12.85394,77.503904,user89,2025-11-07T13:43:00,Bengaluru,3
Pothole #1590,Needs repair,12.956664,77.514663,user90,2025-03-13T17:13:00,Bengaluru,2
Pothole #1591,Damaged patch,12.933607,77.506036,user91,2025-06-03T01:08:00,Bengaluru,5
Pothole #1592,Damaged patch,13.032484,77.599161,user92,2025-07-19T13:29:00,Bengaluru,5
Pothole #1593,Deep hole,12.861714,77.678933,user93,2025-09-21T19:21:00,Bengaluru,1
Pothole #1594,Causes skidding,12.916857,77.50595,user94,2025-11-23T09:48:00,Bengaluru,5
Pothole #1595,Deep hole,13.03458,77.540861,user95,2025-07-23T00:28:00,Bengaluru,5
Pothole #1596,Needs repair,12.96617,77.568492,user96,2025-10-10T14:36:00,Bengaluru,2
Pothole #1597,Needs repair,12.983735,77.56774,user97,2025-03-28T11:00:00,Bengaluru,2
Pothole #1598,Deep hole,12.954602,77.74709,user98,2025-09-02T10:02:00,Bengaluru,3
Pothole #1599,Damaged patch,12.992664,77.630339,user99,2025-10-08T08:54:00,Bengaluru,4
Pothole #1600,Needs repair,12.955201,77.745943,user100,2025-06-23T10:52:00,Bengaluru,2
Pothole #1601,Damaged patch,12.884353,77.636315,user101,2025-11-05T18:41:00,Bengaluru,3
Pothole #1602,Small crack,12.921946,77.587331,user102,2025-09-23T04:33:00,Bengaluru,5
Pothole #1603,Causes skidding,12.868918,77.67015,user103,2025-06-10T22:46:00,Bengaluru,2
Pothole #1604,Damaged patch,12.992343,77.564764,user104,2025-04-12T01:33:00,Bengaluru,2
Pothole #1605,Causes skidding,12.921288,77.547138,user105,2025-02-22T21:18:00,Bengaluru,4
Pothole #1606,Crater-like,12.952379,77.580526,user106,2025-04-26T19:40:00,Bengaluru,1
Pothole #1607,Causes skidding,12.961005,77.519357,user107,2025-02-24T18:14:00,Bengaluru,3
Pothole #1608,Damaged patch,12.900984,77.600447,user108,2025-07-25T16:20:00,Bengaluru,2
Pothole #1609,Crater-like,13.037435,77.687044,user109,2025-01-27T12:56:00,Bengaluru,4
Pothole #1610,Deep hole,12.978762,77.628135,user110,2025-03-09T18:45:00,Bengaluru,3
Pothole #1611,Deep hole,12.880642,77.594332,user111,2025-02-07T21:04:00,Bengaluru,5
Pothole #1612,Deep hole,12.942027,77.540967,user112,2025-05-06T19:01:00,Bengaluru,5
Pothole #1613,Causes skidding,12.892909,77.530181,user113,2025-01-18T10:22:00,Bengaluru,4
Pothole #1614,Damaged patch,13.0338,77.58753,user114,2025-05-07T17:40:00,Bengaluru,1
Pothole #1615,Crater-like,12.993849,77.732973,user115,2025-03-09T08:07:00,Bengaluru,4
Pothole #1616,Crater-like,12.874973,77.588813,user116,2025-11-04T09:20:00,Bengaluru,2
Pothole #1617,Crater-like,13.037347,77.684404,user117,2025-06-08T13:11:00,Bengaluru,4
Pothole #1618,Crater-like,12.888679,77.569158,user118,2025-02-10T16:26:00,Bengaluru,3
Pothole #1619,Small crack,12.87959,77.693129,user119,2025-09-10T00:57:00,Bengaluru,3
Pothole #1620,Deep hole,13.048156,77.517042,user120,2025-08-07T03:20:00,Bengaluru,4
Pothole #1621,Crater-like,12.936938,77.522824,user121,2025-05-22T23:38:00,Bengaluru,1
Pothole #1622,Needs repair,12.990182,77.588049,user122,2025-10-17T05:53:00,Bengaluru,1
Pothole #1623,Damaged patch,12.910643,77.532524,user123,2025-11-06T21:08:00,Bengaluru,1
Pothole #1624,Crater-like,12.975802,77.749018,user124,2025-03-05T20:44:00,Bengaluru,5
Pothole #1625,Causes skidding,12.913027,77.6552,user125,2025-05-06T17:49:00,Bengaluru,4
Pothole #1626,Deep hole,12.853945,77.730714,user126,2025-05-01T17:02:00,Bengaluru,2
Pothole #1627,Needs repair,13.003577,77.696752,user127,2025-06-15T06:38:00,Bengaluru,3
Pothole #1628,Crater-like,12.92928,77.70698,user128,2025-11-09T00:11:00,Bengaluru,2
Pothole #1629,Small crack,12.93385,77.747468,user129,2025-05-01T12:57:00,Bengaluru,5
Pothole #1630,Needs repair,12.909913,77.654161,user130,2025-02-07T10:16:00,Bengaluru,5
Pothole #1631,Causes skidding,13.022978,77.506398,user131,2025-03-15T23:17:00,Bengaluru,5
Pothole #1632,Small crack,13.015732,77.529918,user132,2025-01-19T19:07:00,Bengaluru,2
Pothole #1633,Needs repair,12.964001,77.606995,user133,2025-10-25T05:18:00,Bengaluru,4
Pothole #1634,Needs repair,12.940145,77.686006,user134,2025-02-25T10:29:00,Bengaluru,1
Pothole #1635,Small crack,13.009212,77.571032,user135,2025-09-19T19:59:00,Bengaluru,2
Pothole #1636,Causes skidding,13.018866,77.716962,user136,2025-05-24T03:48:00,Bengaluru,3
Pothole #1637,Damaged patch,12.99508,77.517609,user137,2025-01-27T02:11:00,Bengaluru,1
Pothole #1638,Damaged patch,12.917759,77.688011,user138,2025-02-21T23:14:00,Bengaluru,1
Pothole #1639,Damaged patch,12.935706,77.654744,user139,2025-08-19T23:16:00,Bengaluru,1
Pothole #1640,Deep hole,12.924734,77.537818,user140,2025-04-17T09:09:00,Bengaluru,2
Pothole #1641,Small crack,12.912229,77.649856,user141,2025-07-18T03:17:00,Bengaluru,1
Pothole #1642,Damaged patch,12.993039,77.713705,user142,2025-08-23T12:20:00,Bengaluru,3
Pothole #1643,Needs repair,12.959129,77.585965,user143,2025-06-13T09:37:00,Bengaluru,3
Pothole #1644,Damaged patch,12.907277,77.527895,user144,2025-11-22T23:04:00,Bengaluru,5
Pothole #1645,Causes skidding,12.869021,77.586357,user145,2025-02-06T07:32:00,Bengaluru,4
Pothole #1646,Small crack,13.042189,77.516812,user146,2025-02-19T23:21:00,Bengaluru,2
Pothole #1647,Causes skidding,12.852249,77.70643,user147,2025-08-18T14:58:00,Bengaluru,5
Pothole #1648,Small crack,13.047266,77.644937,user148,2025-03-07T10:43:00,Bengaluru,4
Pothole #1649,Deep hole,12.858795,77.523247,user149,2025-01-13T15:10:00,Bengaluru,5
Pothole #1650,Needs repair,12.852265,77.618918,user150,2025-11-27T00:08:00,Bengaluru,4
Pothole #1651,Damaged patch,13.014095,77.502286,user151,2025-07-24T19:59:00,Bengaluru,5
Pothole #1652,Needs repair,13.004753,77.542934,user152,2025-09-05T00:49:00,Bengaluru,1
Pothole #1653,Causes skidding,12.99109,77.641594,user153,2025-06-20T07:47:00,Bengaluru,4
Pothole #1654,Causes skidding,12.872603,77.549453,user154,2025-05-03T16:26:00,Bengaluru,3
Pothole #1655,Deep hole,12.897457,77.552992,user155,2025-01-24T21:02:00,Bengaluru,1
Pothole #1656,Needs repair,13.036727,77.646772,user156,2025-06-27T13:08:00,Bengaluru,4
Pothole #1657,Causes skidding,12.862267,77.748735,user157,2025-10-03T17:56:00,Bengaluru,1
Pothole #1658,Damaged patch,12.959669,77.706008,user158,2025-10-02T10:18:00,Bengaluru,4
Pothole #1659,Deep hole,12.863151,77.638134,user159,2025-01-03T18:16:00,Bengaluru,1
Pothole #1660,Crater-like,12.991903,77.694328,user160,2025-02-28T08:55:00,Bengaluru,1
Pothole #1661,Damaged patch,12.926993,77.64663,user161,2025-04-03T19:54:00,Bengaluru,5
Pothole #1662,Damaged patch,12.85086,77.724929,user162,2025-04-06T07:56:00,Bengaluru,3
Pothole #1663,Damaged patch,13.001879,77.642758,user163,2025-11-13T03:37:00,Bengaluru,2
Pothole #1664,Crater-like,12.886234,77.605445,user164,2025-10-22T17:49:00,Bengaluru,4
Pothole #1665,Needs repair,12.87499,77.682518,user165,2025-11-09T15:17:00,Bengaluru,1
Pothole #1666,Small crack,12.953319,77.608508,user166,2025-10-03T05:37:00,Bengaluru,2
Pothole #1667,Crater-like,12.858932,77.564266,user167,2025-07-09T00:55:00,Bengaluru,1
Pothole #1668,Damaged patch,13.032143,77.591886,user168,2025-09-08T04:08:00,Bengaluru,1
Pothole #1669,Small crack,12.926809,77.55294,user169,2025-01-26T20:34:00,Bengaluru,5
Pothole #1670,Small crack,12.96029,77.743526,user170,2025-03-23T07:40:00,Bengaluru,3
Pothole #1671,Damaged patch,12.856812,77.690393,user171,2025-03-22T20:48:00,Bengaluru,2
Pothole #1672,Needs repair,12.882043,77.537321,user172,2025-07-03T12:35:00,Bengaluru,3
Pothole #1673,Needs repair,13.002076,77.517787,user173,2025-02-14T11:56:00,Bengaluru,1
Pothole #1674,Crater-like,12.994156,77.69687,user174,2025-02-09T17:55:00,Bengaluru,5
Pothole #1675,Causes skidding,12.937943,77.574936,user175,2025-08-27T09:40:00,Bengaluru,2
Pothole #1676,Causes skidding,13.016139,77.651878,user176,2025-01-10T23:21:00,Bengaluru,5
Pothole #1677,Deep hole,12.974998,77.562315,user177,2025-05-04T08:13:00,Bengaluru,5
Pothole #1678,Causes skidding,13.003208,77.724522,user178,2025-06-21T03:30:00,Bengaluru,5
Pothole #1679,Needs repair,13.001097,77.699785,user179,2025-03-20T00:49:00,Bengaluru,3
Pothole #1680,Causes skidding,12.902577,77.51573,user180,2025-10-10T22:14:00,Bengaluru,5
Pothole #1681,Crater-like,12.892874,77.5031,user181,2025-11-20T00:49:00,Bengaluru,1
Pothole #1682,Small crack,12.925426,77.652147,user182,2025-07-04T04:42:00,Bengaluru,5
Pothole #1683,Needs repair,12.859602,77.52954,user183,2025-08-26T23:01:00,Bengaluru,4
Pothole #1684,Deep hole,12.928473,77.530383,user184,2025-11-21T04:19:00,Bengaluru,1
Pothole #1685,Damaged patch,12.975731,77.734546,user185,2025-10-26T11:55:00,Bengaluru,5
Pothole #1686,Small crack,12.888467,77.559283,user186,2025-01-04T01:15:00,Bengaluru,5
Pothole #1687,Crater-like,12.865294,77.611097,user187,2025-09-12T17:58:00,Bengaluru,3
Pothole #1688,Small crack,13.0449,77.614463,user188,2025-01-22T21:24:00,Bengaluru,4
Pothole #1689,Damaged patch,12.900628,77.641491,user189,2025-03-11T10:25:00,Bengaluru,4
Pothole #1690,Causes skidding,12.995683,77.559514,user190,2025-05-16T04:08:00,Bengaluru,5
Pothole #1691,Small crack,12.94528,77.61117,user191,2025-07-25T00:30:00,Bengaluru,2
Pothole #1692,Damaged patch,12.976623,77.703214,user192,2025-10-10T15:00:00,Bengaluru,5
Pothole #1693,Crater-like,12.995349,77.530449,user193,2025-04-20T03:24:00,Bengaluru,3
Pothole #1694,Causes skidding,12.865135,77.679067,user194,2025-01-07T07:35:00,Bengaluru,3
Pothole #1695,Damaged patch,12.883479,77.677272,user195,2025-04-01T12:40:00,Bengaluru,1
Pothole #1696,Damaged patch,12.942261,77.566237,user196,2025-09-16T10:13:00,Bengaluru,3
Pothole #1697,Causes skidding,12.903139,77.678642,user197,2025-02-24T22:14:00,Bengaluru,2
Pothole #1698,Damaged patch,12.989738,77.563379,user198,2025-06-02T06:12:00,Bengaluru,4
Pothole #1699,Causes skidding,12.918921,77.636668,user199,2025-06-26T14:22:00,Bengaluru,2
Pothole #1700,Needs repair,12.90124,77.687216,user200,2025-09-13T07:12:00,Bengaluru,3
Pothole #1701,Crater-like,12.924917,77.724076,user201,2025-01-17T18:27:00,Bengaluru,2
Pothole #1702,Needs repair,12.896388,77.735333,user202,2025-10-04T18:11:00,Bengaluru,1
Pothole #1703,Deep hole,13.00365,77.747145,user203,2025-02-27T09:30:00,Bengaluru,4
Pothole #1704,Damaged patch,13.020258,77.700814,user204,2025-03-25T11:18:00,Bengaluru,3
Pothole #1705,Small crack,12.917218,77.667293,user205,2025-08-08T10:31:00,Bengaluru,3
Pothole #1706,Small crack,13.037507,77.736416,user206,2025-08-10T10:59:00,Bengaluru,1
Pothole #1707,Crater-like,12.940529,77.566396,user207,2025-07-19T15:39:00,Bengaluru,3
Pothole #1708,Damaged patch,12.892042,77.727552,user208,2025-07-15T21:56:00,Bengaluru,3
Pothole #1709,Crater-like,12.99,77.568571,user209,2025-06-15T18:28:00,Bengaluru,2
Pothole #1710,Crater-like,12.977516,77.727626,user210,2025-05-19T20:49:00,Bengaluru,3
Pothole #1711,Needs repair,12.985807,77.689092,user211,2025-02-12T16:06:00,Bengaluru,2
Pothole #1712,Deep hole,12.932047,77.525083,user212,2025-06-13T16:05:00,Bengaluru,4
Pothole #1713,Deep hole,12.884759,77.63754,user213,2025-03-10T04:55:00,Bengaluru,3
Pothole #1714,Deep hole,12.936912,77.557066,user214,2025-03-24T07:12:00,Bengaluru,3
Pothole #1715,Deep hole,12.894459,77.616873,user215,2025-09-26T15:15:00,Bengaluru,3
Pothole #1716,Crater-like,12.916432,77.6506,user216,2025-04-24T18:45:00,Bengaluru,4
Pothole #1717,Causes skidding,13.037619,77.635651,user217,2025-06-23T04:15:00,Bengaluru,5
Pothole #1718,Damaged patch,13.038737,77.653139,user218,2025-09-10T18:08:00,Bengaluru,1
Pothole #1719,Needs repair,13.028641,77.602861,user219,2025-11-16T08:54:00,Bengaluru,3
Pothole #1720,Deep hole,12.903217,77.557536,user220,2025-06-08T10:54:00,Bengaluru,2
Pothole #1721,Deep hole,12.943213,77.736042,user221,2025-08-20T09:53:00,Bengaluru,3
Pothole #1722,Crater-like,12.956087,77.60235,user222,2025-03-17T19:25:00,Bengaluru,1
Pothole #1723,Damaged patch,13.033844,77.616025,user223,2025-09-15T14:05:00,Bengaluru,2
Pothole #1724,Small crack,13.036023,77.517594,user224,2025-03-24T23:58:00,Bengaluru,1
Pothole #1725,Deep hole,13.017071,77.538899,user225,2025-08-18T16:25:00,Bengaluru,5
Pothole #1726,Needs repair,12.886156,77.609803,user226,2025-01-28T23:44:00,Bengaluru,1
Pothole #1727,Causes skidding,13.04975,77.58595,user227,2025-10-26T04:31:00,Bengaluru,3
Pothole #1728,Needs repair,13.027842,77.598065,user228,2025-04-12T06:26:00,Bengaluru,5
Pothole #1729,Damaged patch,12.862053,77.685476,user229,2025-02-09T10:14:00,Bengaluru,3
Pothole #1730,Deep hole,13.002895,77.698145,user230,2025-04-16T16:09:00,Bengaluru,1
Pothole #1731,Causes skidding,12.982553,77.730476,user231,2025-09-24T06:59:00,Bengaluru,2
Pothole #1732,Needs repair,12.885627,77.576621,user232,2025-01-18T09:17:00,Bengaluru,5
Pothole #1733,Small crack,12.966024,77.723346,user233,2025-03-05T01:37:00,Bengaluru,5
Pothole #1734,Causes skidding,13.037747,77.687593,user234,2025-10-27T09:02:00,Bengaluru,2
Pothole #1735,Crater-like,12.969818,77.592401,user235,2025-05-03T13:46:00,Bengaluru,4
Pothole #1736,Damaged patch,12.86844,77.664007,user236,2025-05-07T17:14:00,Bengaluru,1
Pothole #1737,Causes skidding,13.012884,77.723449,user237,2025-03-13T07:23:00,Bengaluru,2
Pothole #1738,Crater-like,12.925387,77.666511,user238,2025-06-13T04:50:00,Bengaluru,5
Pothole #1739,Small crack,13.03539,77.61953,user239,2025-10-24T09:27:00,Bengaluru,2
Pothole #1740,Needs repair,12.910367,77.631538,user240,2025-04-16T15:04:00,Bengaluru,4
Pothole #1741,Crater-like,12.855206,77.627562,user241,2025-10-23T02:44:00,Bengaluru,2
Pothole #1742,Small crack,12.857543,77.527621,user242,2025-01-28T22:25:00,Bengaluru,5
Pothole #1743,Damaged patch,13.034473,77.540457,user243,2025-02-07T12:44:00,Bengaluru,2
Pothole #1744,Deep hole,12.982752,77.698192,user244,2025-03-08T03:24:00,Bengaluru,5
Pothole #1745,Needs repair,12.881145,77.664528,user245,2025-09-06T12:49:00,Bengaluru,2
Pothole #1746,Causes skidding,12.857446,77.507823,user246,2025-09-12T17:10:00,Bengaluru,5
Pothole #1747,Crater-like,12.965193,77.678491,user247,2025-06-12T05:03:00,Bengaluru,1
Pothole #1748,Crater-like,13.01564,77.531001,user248,2025-06-07T08:38:00,Bengaluru,1
Pothole #1749,Crater-like,12.869275,77.589405,user249,2025-03-10T04:35:00,Bengaluru,2
Pothole #1750,Needs repair,13.012139,77.727616,user250,2025-05-27T03:57:00,Bengaluru,2
Pothole #1751,Deep hole,13.037414,77.749096,user251,2025-11-08T22:17:00,Bengaluru,1
Pothole #1752,Damaged patch,12.889823,77.748418,user252,2025-02-20T03:34:00,Bengaluru,5
Pothole #1753,Deep hole,12.967398,77.675914,user253,2025-02-16T02:15:00,Bengaluru,4
Pothole #1754,Crater-like,12.934641,77.500139,user254,2025-04-10T00:24:00,Bengaluru,2
Pothole #1755,Damaged patch,12.86257,77.679423,user255,2025-05-10T14:53:00,Bengaluru,3
Pothole #1756,Damaged patch,12.869672,77.655743,user256,2025-06-12T09:53:00,Bengaluru,5
Pothole #1757,Small crack,12.955387,77.668339,user257,2025-01-06T07:35:00,Bengaluru,4
Pothole #1758,Deep hole,12.938008,77.692319,user258,2025-06-11T04:31:00,Bengaluru,2
Pothole #1759,Deep hole,13.047056,77.626592,user259,2025-03-24T10:39:00,Bengaluru,1
Pothole #1760,Crater-like,12.940912,77.725135,user260,2025-08-23T07:01:00,Bengaluru,5
Pothole #1761,Small crack,12.940151,77.665235,user261,2025-07-19T00:06:00,Bengaluru,1
Pothole #1762,Crater-like,12.931036,77.70874,user262,2025-08-01T21:38:00,Bengaluru,4
Pothole #1763,Deep hole,12.987206,77.684522,user263,2025-10-26T15:53:00,Bengaluru,5
Pothole #1764,Small crack,13.025809,77.555705,user264,2025-03-13T14:01:00,Bengaluru,4
Pothole #1765,Causes skidding,12.873204,77.667867,user265,2025-06-27T13:07:00,Bengaluru,1
Pothole #1766,Damaged patch,12.968382,77.603873,user266,2025-11-26T14:28:00,Bengaluru,2
Pothole #1767,Deep hole,12.914059,77.697401,user267,2025-05-14T13:49:00,Bengaluru,5
Pothole #1768,Small crack,12.881935,77.707932,user268,2025-02-11T17:15:00,Bengaluru,1
Pothole #1769,Causes skidding,12.900081,77.569059,user269,2025-08-14T04:29:00,Bengaluru,2
Pothole #1770,Crater-like,13.025876,77.583883,user270,2025-05-05T05:21:00,Bengaluru,2
Pothole #1771,Causes skidding,12.869577,77.717737,user271,2025-07-13T02:24:00,Bengaluru,1
Pothole #1772,Damaged patch,12.942503,77.521327,user272,2025-05-03T02:04:00,Bengaluru,2
Pothole #1773,Deep hole,12.908905,77.610277,user273,2025-11-13T16:05:00,Bengaluru,3
Pothole #1774,Small crack,13.030932,77.576537,user274,2025-06-17T11:20:00,Bengaluru,3
Pothole #1775,Needs repair,13.030938,77.664273,user275,2025-08-17T05:40:00,Bengaluru,5
Pothole #1776,Crater-like,12.938898,77.693324,user276,2025-02-08T08:20:00,Bengaluru,2
Pothole #1777,Causes skidding,12.876918,77.630371,user277,2025-02-22T08:10:00,Bengaluru,3
Pothole #1778,Needs repair,12.902885,77.60848,user278,2025-06-17T18:27:00,Bengaluru,4
Pothole #1779,Causes skidding,12.957092,77.594771,user279,2025-11-11T05:48:00,Bengaluru,3
Pothole #1780,Deep hole,12.875677,77.597571,user280,2025-09-25T15:40:00,Bengaluru,2
Pothole #1781,Needs repair,12.928584,77.604915,user281,2025-05-07T01:29:00,Bengaluru,1
Pothole #1782,Small crack,12.969009,77.662325,user282,2025-09-02T19:28:00,Bengaluru,5
Pothole #1783,Damaged patch,12.899114,77.734796,user283,2025-01-06T13:09:00,Bengaluru,1
Pothole #1784,Causes skidding,13.048345,77.649713,user284,2025-10-20T09:19:00,Bengaluru,4
Pothole #1785,Deep hole,13.048867,77.677822,user285,2025-04-05T01:47:00,Bengaluru,2
Pothole #1786,Deep hole,12.879749,77.581204,user286,2025-06-02T13:40:00,Bengaluru,3
Pothole #1787,Damaged patch,12.975817,77.721007,user287,2025-11-26T22:01:00,Bengaluru,5
Pothole #1788,Crater-like,13.014166,77.665561,user288,2025-11-17T22:23:00,Bengaluru,3
Pothole #1789,Small crack,12.8529,77.657309,user289,2025-01-08T04:03:00,Bengaluru,1
Pothole #1790,Needs repair,13.010025,77.655671,user290,2025-03-08T21:52:00,Bengaluru,1
Pothole #1791,Needs repair,12.944656,77.727387,user291,2025-03-24T13:37:00,Bengaluru,1
Pothole #1792,Crater-like,13.012302,77.525865,user292,2025-10-15T02:59:00,Bengaluru,5
Pothole #1793,Causes skidding,13.020777,77.635839,user293,2025-01-21T05:31:00,Bengaluru,4
Pothole #1794,Causes skidding,13.020494,77.637894,user294,2025-08-06T13:43:00,Bengaluru,3
Pothole #1795,Deep hole,13.003267,77.53383,user295,2025-03-02T11:44:00,Bengaluru,3
Pothole #1796,Crater-like,12.87923,77.723441,user296,2025-06-26T23:04:00,Bengaluru,5
Pothole #1797,Crater-like,12.939212,77.713604,user297,2025-09-04T15:07:00,Bengaluru,3
Pothole #1798,Causes skidding,12.944319,77.738764,user298,2025-07-04T22:48:00,Bengaluru,2
Pothole #1799,Needs repair,12.896752,77.591188,user299,2025-07-02T22:54:00,Bengaluru,1
Pothole #1800,Causes skidding,12.943392,77.694558,user300,2025-06-05T12:03:00,Bengaluru,5
Pothole #1801,Needs repair,12.920792,77.545345,user301,2025-01-21T04:23:00,Bengaluru,3
Pothole #1802,Damaged patch,12.8976,77.683747,user302,2025-02-28T10:04:00,Bengaluru,2
Pothole #1803,Small crack,12.888381,77.50584,user303,2025-11-01T17:21:00,Bengaluru,4
Pothole #1804,Small crack,12.981145,77.552029,user304,2025-09-26T20:46:00,Bengaluru,5
Pothole #1805,Needs repair,12.88329,77.737739,user305,2025-08-26T01:06:00,Bengaluru,4
Pothole #1806,Crater-like,12.951568,77.516336,user306,2025-10-14T13:36:00,Bengaluru,3
Pothole #1807,Damaged patch,12.935654,77.584923,user307,2025-11-14T02:50:00,Bengaluru,2
Pothole #1808,Needs repair,12.970742,77.686539,user308,2025-08-03T21:20:00,Bengaluru,1
Pothole #1809,Needs repair,13.038273,77.724936,user309,2025-02-24T15:35:00,Bengaluru,3
Pothole #1810,Small crack,12.963335,77.719278,user310,2025-03-24T14:40:00,Bengaluru,2
Pothole #1811,Causes skidding,12.953069,77.685731,user311,2025-10-06T00:19:00,Bengaluru,1
Pothole #1812,Small crack,12.914834,77.607229,user312,2025-03-28T19:11:00,Bengaluru,3
Pothole #1813,Needs repair,12.876745,77.595866,user313,2025-10-19T10:06:00,Bengaluru,5
Pothole #1814,Crater-like,12.972421,77.591968,user314,2025-05-14T06:23:00,Bengaluru,2
Pothole #1815,Crater-like,13.039292,77.501985,user315,2025-04-08T09:52:00,Bengaluru,2
Pothole #1816,Damaged patch,12.988496,77.684461,user316,2025-03-25T22:01:00,Bengaluru,2
Pothole #1817,Deep hole,13.027022,77.743788,user317,2025-06-13T20:36:00,Bengaluru,1
Pothole #1818,Needs repair,12.892108,77.569389,user318,2025-06-02T15:13:00,Bengaluru,2
Pothole #1819,Needs repair,13.041147,77.747578,user319,2025-08-23T20:28:00,Bengaluru,2
Pothole #1820,Causes skidding,12.964292,77.648195,user320,2025-04-28T05:50:00,Bengaluru,3
Pothole #1821,Damaged patch,13.049858,77.574732,user321,2025-11-20T08:46:00,Bengaluru,3
Pothole #1822,Damaged patch,12.943169,77.585797,user322,2025-03-20T21:55:00,Bengaluru,2
Pothole #1823,Small crack,13.035222,77.50404,user323,2025-08-10T12:16:00,Bengaluru,4
Pothole #1824,Small crack,12.950737,77.678041,user324,2025-06-08T22:49:00,Bengaluru,5
Pothole #1825,Deep hole,12.917978,77.6709,user325,2025-10-03T04:28:00,Bengaluru,1
Pothole #1826,Deep hole,12.981743,77.730971,user326,2025-09-27T18:04:00,Bengaluru,1
Pothole #1827,Causes skidding,12.885981,77.712764,user327,2025-11-17T18:32:00,Bengaluru,4
Pothole #1828,Causes skidding,13.049308,77.58817,user328,2025-02-22T03:12:00,Bengaluru,2
Pothole #1829,Damaged patch,13.003304,77.547154,user329,2025-08-22T01:40:00,Bengaluru,4
Pothole #1830,Causes skidding,12.903014,77.540493,user330,2025-03-02T07:45:00,Bengaluru,3
Pothole #1831,Crater-like,12.888807,77.600336,user331,2025-08-23T03:59:00,Bengaluru,2
Pothole #1832,Needs repair,13.000166,77.505507,user332,2025-03-27T19:12:00,Bengaluru,4
Pothole #1833,Needs repair,13.009898,77.653757,user333,2025-06-18T21:44:00,Bengaluru,2
Pothole #1834,Causes skidding,12.980225,77.701973,user334,2025-03-14T05:29:00,Bengaluru,2
Pothole #1835,Needs repair,13.027144,77.525052,user335,2025-01-27T16:10:00,Bengaluru,1
Pothole #1836,Damaged patch,12.96828,77.651352,user336,2025-02-20T23:30:00,Bengaluru,3
Pothole #1837,Damaged patch,12.988755,77.691358,user337,2025-08-07T19:19:00,Bengaluru,2
Pothole #1838,Crater-like,12.865359,77.684478,user338,2025-03-13T01:00:00,Bengaluru,1
Pothole #1839,Small crack,13.002438,77.551458,user339,2025-03-06T09:49:00,Bengaluru,3
Pothole #1840,Crater-like,13.040147,77.501162,user340,2025-05-15T16:31:00,Bengaluru,2
Pothole #1841,Deep hole,12.971385,77.567422,user341,2025-03-13T07:33:00,Bengaluru,2
Pothole #1842,Damaged patch,13.007159,77.571338,user342,2025-11-13T01:36:00,Bengaluru,5
Pothole #1843,Crater-like,12.943777,77.60661,user343,2025-07-05T22:42:00,Bengaluru,3
Pothole #1844,Crater-like,12.883643,77.630226,user344,2025-06-02T14:12:00,Bengaluru,2
Pothole #1845,Damaged patch,12.898212,77.683445,user345,2025-06-24T04:10:00,Bengaluru,4
Pothole #1846,Damaged patch,12.881814,77.519651,user346,2025-11-17T15:19:00,Bengaluru,1
Pothole #1847,Deep hole,12.853655,77.550464,user347,2025-09-20T22:39:00,Bengaluru,3
Pothole #1848,Small crack,13.032751,77.735622,user348,2025-08-28T05:28:00,Bengaluru,4
Pothole #1849,Small crack,12.978997,77.743782,user349,2025-10-11T22:19:00,Bengaluru,3
Pothole #1850,Causes skidding,12.93355,77.509746,user350,2025-02-04T10:53:00,Bengaluru,5
Pothole #1851,Damaged patch,12.929407,77.698843,user351,2025-07-10T12:12:00,Bengaluru,4
Pothole #1852,Needs repair,13.011224,77.52011,user352,2025-02-04T04:24:00,Bengaluru,1
Pothole #1853,Deep hole,13.028238,77.624039,user353,2025-06-16T06:15:00,Bengaluru,2
Pothole #1854,Needs repair,12.867779,77.572899,user354,2025-11-24T23:05:00,Bengaluru,1
Pothole #1855,Causes skidding,12.87947,77.514774,user355,2025-02-02T04:13:00,Bengaluru,5
Pothole #1856,Damaged patch,12.941723,77.594399,user356,2025-01-26T10:57:00,Bengaluru,1
Pothole #1857,Damaged patch,13.016757,77.59199,user357,2025-09-08T19:18:00,Bengaluru,3
Pothole #1858,Small crack,12.9768,77.585919,user358,2025-05-06T13:40:00,Bengaluru,1
Pothole #1859,Damaged patch,12.859148,77.579559,user359,2025-07-23T02:12:00,Bengaluru,3
Pothole #1860,Damaged patch,13.033453,77.74243,user360,2025-08-04T11:25:00,Bengaluru,4
Pothole #1861,Crater-like,12.982307,77.717488,user361,2025-07-20T01:33:00,Bengaluru,5
Pothole #1862,Small crack,12.985177,77.700683,user362,2025-08-16T10:41:00,Bengaluru,4
Pothole #1863,Deep hole,13.016247,77.69738,user363,2025-09-22T17:44:00,Bengaluru,2
Pothole #1864,Causes skidding,13.042258,77.718406,user364,2025-06-01T04:33:00,Bengaluru,1
Pothole #1865,Small crack,13.000018,77.645675,user365,2025-03-21T15:12:00,Bengaluru,4
Pothole #1866,Deep hole,13.033732,77.531995,user366,2025-03-27T02:02:00,Bengaluru,1
Pothole #1867,Small crack,12.890693,77.744335,user367,2025-01-10T03:02:00,Bengaluru,3
Pothole #1868,Deep hole,12.922336,77.708285,user368,2025-05-21T14:53:00,Bengaluru,1
Pothole #1869,Deep hole,12.874787,77.541199,user369,2025-11-27T17:36:00,Bengaluru,3
Pothole #1870,Deep hole,12.966228,77.687783,user370,2025-06-24T01:58:00,Bengaluru,5
Pothole #1871,Damaged patch,12.997363,77.685601,user371,2025-08-24T04:20:00,Bengaluru,2
Pothole #1872,Deep hole,12.98332,77.519716,user372,2025-05-18T13:08:00,Bengaluru,5
Pothole #1873,Damaged patch,12.927132,77.57966,user373,2025-10-02T01:05:00,Bengaluru,2
Pothole #1874,Needs repair,13.029039,77.564428,user374,2025-07-13T23:03:00,Bengaluru,4
Pothole #1875,Small crack,12.911917,77.627309,user375,2025-01-03T05:49:00,Bengaluru,2
Pothole #1876,Small crack,12.935479,77.531582,user376,2025-08-19T12:46:00,Bengaluru,2
Pothole #1877,Crater-like,12.90677,77.54292,user377,2025-10-20T10:46:00,Bengaluru,5
Pothole #1878,Causes skidding,12.966564,77.538402,user378,2025-05-24T16:53:00,Bengaluru,5
Pothole #1879,Deep hole,12.92396,77.708036,user379,2025-05-12T00:38:00,Bengaluru,4
Pothole #1880,Crater-like,12.945584,77.605291,user380,2025-08-25T18:31:00,Bengaluru,1
Pothole #1881,Crater-like,12.901207,77.734322,user381,2025-07-01T23:40:00,Bengaluru,2
Pothole #1882,Needs repair,13.044711,77.603977,user382,2025-09-10T13:15:00,Bengaluru,4
Pothole #1883,Crater-like,13.034348,77.56451,user383,2025-04-17T09:36:00,Bengaluru,1
Pothole #1884,Damaged patch,13.0179,77.740176,user384,2025-06-12T19:44:00,Bengaluru,4
Pothole #1885,Needs repair,12.940728,77.629691,user385,2025-09-16T05:39:00,Bengaluru,3
Pothole #1886,Damaged patch,12.854882,77.741115,user386,2025-08-03T07:50:00,Bengaluru,3
Pothole #1887,Deep hole,12.911216,77.634343,user387,2025-03-02T16:51:00,Bengaluru,5
Pothole #1888,Deep hole,12.914117,77.576227,user388,2025-08-03T17:53:00,Bengaluru,3
Pothole #1889,Deep hole,12.998485,77.607639,user389,2025-02-25T06:55:00,Bengaluru,1
Pothole #1890,Needs repair,13.041774,77.720632,user390,2025-11-23T00:13:00,Bengaluru,4
Pothole #1891,Causes skidding,13.031001,77.519204,user391,2025-01-01T08:44:00,Bengaluru,5
Pothole #1892,Causes skidding,12.916592,77.572872,user392,2025-08-15T03:56:00,Bengaluru,1
Pothole #1893,Causes skidding,12.96205,77.727938,user393,2025-01-15T21:53:00,Bengaluru,2
Pothole #1894,Needs repair,12.894141,77.63698,user394,2025-05-27T00:39:00,Bengaluru,2
Pothole #1895,Crater-like,13.017814,77.534839,user395,2025-01-10T20:02:00,Bengaluru,2
Pothole #1896,Crater-like,12.982623,77.683082,user396,2025-01-18T11:32:00,Bengaluru,2
Pothole #1897,Causes skidding,12.959414,77.689259,user397,2025-05-16T14:01:00,Bengaluru,5
Pothole #1898,Crater-like,12.854556,77.615622,user398,2025-10-28T13:15:00,Bengaluru,4
Pothole #1899,Causes skidding,12.932109,77.6929,user399,2025-09-11T07:32:00,Bengaluru,4
Pothole #1900,Crater-like,12.945361,77.602974,user400,2025-04-28T00:55:00,Bengaluru,4
Pothole #1901,Small crack,12.961624,77.742213,user401,2025-01-28T23:33:00,Bengaluru,1
Pothole #1902,Small crack,12.903316,77.698828,user402,2025-04-18T22:19:00,Bengaluru,2
Pothole #1903,Small crack,12.882275,77.564316,user403,2025-01-25T01:35:00,Bengaluru,4
Pothole #1904,Causes skidding,12.954086,77.610869,user404,2025-06-27T13:21:00,Bengaluru,3
Pothole #1905,Small crack,12.872727,77.520243,user405,2025-09-14T16:31:00,Bengaluru,3
Pothole #1906,Causes skidding,13.022314,77.710891,user406,2025-08-16T13:41:00,Bengaluru,1
Pothole #1907,Deep hole,12.935368,77.548787,user407,2025-10-22T17:20:00,Bengaluru,4
Pothole #1908,Needs repair,12.8518,77.505924,user408,2025-08-03T19:50:00,Bengaluru,5
Pothole #1909,Deep hole,12.952885,77.64841,user409,2025-08-26T15:01:00,Bengaluru,2
Pothole #1910,Crater-like,12.980153,77.646975,user410,2025-09-24T00:42:00,Bengaluru,2
Pothole #1911,Needs repair,12.927929,77.741787,user411,2025-11-13T00:02:00,Bengaluru,5
Pothole #1912,Crater-like,12.994865,77.692012,user412,2025-09-02T19:38:00,Bengaluru,3
Pothole #1913,Small crack,12.994235,77.584699,user413,2025-10-26T00:12:00,Bengaluru,2
Pothole #1914,Damaged patch,12.970761,77.663123,user414,2025-01-24T13:25:00,Bengaluru,4
Pothole #1915,Small crack,12.962838,77.708281,user415,2025-08-17T09:08:00,Bengaluru,4
Pothole #1916,Small crack,13.008834,77.577695,user416,2025-06-04T04:40:00,Bengaluru,1
Pothole #1917,Causes skidding,12.870602,77.563406,user417,2025-07-12T15:40:00,Bengaluru,3
Pothole #1918,Small crack,12.865201,77.500058,user418,2025-10-15T01:09:00,Bengaluru,5
Pothole #1919,Damaged patch,12.854424,77.582589,user419,2025-02-17T03:12:00,Bengaluru,1
Pothole #1920,Needs repair,12.889641,77.539674,user420,2025-07-28T05:26:00,Bengaluru,5
Pothole #1921,Needs repair,12.944729,77.505387,user421,2025-09-08T08:03:00,Bengaluru,3
Pothole #1922,Crater-like,13.002596,77.699038,user422,2025-08-12T13:15:00,Bengaluru,3
Pothole #1923,Deep hole,13.004241,77.518131,user423,2025-09-12T11:56:00,Bengaluru,2
Pothole #1924,Damaged patch,12.998341,77.589217,user424,2025-11-20T08:34:00,Bengaluru,1
Pothole #1925,Deep hole,13.018146,77.573433,user425,2025-05-28T05:57:00,Bengaluru,4
Pothole #1926,Crater-like,12.987495,77.646499,user426,2025-01-23T11:04:00,Bengaluru,4
Pothole #1927,Deep hole,13.045908,77.513994,user427,2025-01-21T15:38:00,Bengaluru,5
Pothole #1928,Crater-like,12.978171,77.548415,user428,2025-08-16T10:11:00,Bengaluru,3
Pothole #1929,Small crack,12.887783,77.702303,user429,2025-11-25T02:19:00,Bengaluru,1
Pothole #1930,Damaged patch,13.047006,77.534509,user430,2025-04-06T16:31:00,Bengaluru,2
Pothole #1931,Causes skidding,12.912851,77.543299,user431,2025-11-12T10:52:00,Bengaluru,1
Pothole #1932,Damaged patch,13.002471,77.52478,user432,2025-10-08T11:19:00,Bengaluru,3
Pothole #1933,Crater-like,12.90492,77.631835,user433,2025-02-01T07:43:00,Bengaluru,1
Pothole #1934,Deep hole,12.861432,77.50192,user434,2025-07-27T10:41:00,Bengaluru,2
Pothole #1935,Needs repair,13.0495,77.695418,user435,2025-01-08T19:14:00,Bengaluru,3
Pothole #1936,Small crack,12.91207,77.707008,user436,2025-03-12T13:49:00,Bengaluru,1
Pothole #1937,Causes skidding,12.973506,77.533841,user437,2025-10-25T06:29:00,Bengaluru,3
Pothole #1938,Crater-like,12.997763,77.559933,user438,2025-03-15T04:29:00,Bengaluru,2
Pothole #1939,Causes skidding,12.92598,77.715484,user439,2025-09-05T13:47:00,Bengaluru,2
Pothole #1940,Damaged patch,13.022635,77.734371,user440,2025-01-03T20:58:00,Bengaluru,2
Pothole #1941,Crater-like,12.872803,77.711431,user441,2025-11-07T14:59:00,Bengaluru,5
Pothole #1942,Damaged patch,13.001986,77.507373,user442,2025-08-11T05:36:00,Bengaluru,2
Pothole #1943,Needs repair,12.943901,77.698181,user443,2025-05-06T20:27:00,Bengaluru,3
Pothole #1944,Small crack,13.016605,77.589267,user444,2025-11-07T21:14:00,Bengaluru,3
Pothole #1945,Damaged patch,12.904451,77.565463,user445,2025-05-17T11:29:00,Bengaluru,5
Pothole #1946,Small crack,12.922648,77.510435,user446,2025-04-20T13:58:00,Bengaluru,5
Pothole #1947,Small crack,12.995907,77.615367,user447,2025-05-27T01:40:00,Bengaluru,1
Pothole #1948,Crater-like,12.965133,77.609516,user448,2025-07-06T22:00:00,Bengaluru,2
Pothole #1949,Needs repair,12.96747,77.50202,user449,2025-09-22T19:56:00,Bengaluru,1
Pothole #1950,Damaged patch,12.941151,77.664941,user450,2025-03-12T06:25:00,Bengaluru,2
Pothole #1951,Causes skidding,12.951384,77.665044,user451,2025-08-05T22:19:00,Bengaluru,2
Pothole #1952,Needs repair,12.938958,77.692712,user452,2025-09-16T10:23:00,Bengaluru,5
Pothole #1953,Deep hole,12.927107,77.562977,user453,2025-08-06T15:01:00,Bengaluru,3
Pothole #1954,Damaged patch,13.034265,77.729988,user454,2025-04-16T07:10:00,Bengaluru,5
Pothole #1955,Damaged patch,12.861734,77.598227,user455,2025-04-06T03:55:00,Bengaluru,1
Pothole #1956,Deep hole,12.919172,77.673259,user456,2025-11-16T22:35:00,Bengaluru,3
Pothole #1957,Deep hole,12.944825,77.563128,user457,2025-06-18T22:12:00,Bengaluru,4
Pothole #1958,Small crack,13.0479,77.519365,user458,2025-08-09T00:47:00,Bengaluru,1
Pothole #1959,Needs repair,12.885677,77.515515,user459,2025-05-09T22:53:00,Bengaluru,2
Pothole #1960,Small crack,12.924125,77.517152,user460,2025-01-07T21:35:00,Bengaluru,5
Pothole #1961,Damaged patch,12.992755,77.57337,user461,2025-10-10T17:53:00,Bengaluru,2
Pothole #1962,Causes skidding,12.959886,77.630795,user462,2025-05-19T02:43:00,Bengaluru,2
Pothole #1963,Causes skidding,12.992813,77.53955,user463,2025-03-04T11:15:00,Bengaluru,3
Pothole #1964,Small crack,12.878877,77.55625,user464,2025-10-17T07:34:00,Bengaluru,4
Pothole #1965,Causes skidding,12.879316,77.554184,user465,2025-11-18T21:38:00,Bengaluru,5
Pothole #1966,Crater-like,12.891778,77.653214,user466,2025-06-20T00:20:00,Bengaluru,4
Pothole #1967,Damaged patch,12.868155,77.565445,user467,2025-11-09T04:35:00,Bengaluru,2
Pothole #1968,Deep hole,13.017921,77.647582,user468,2025-08-03T16:42:00,Bengaluru,2
Pothole #1969,Damaged patch,12.900166,77.517309,user469,2025-10-16T04:47:00,Bengaluru,1
Pothole #1970,Small crack,13.010304,77.507764,user470,2025-10-11T05:45:00,Bengaluru,5
Pothole #1971,Crater-like,12.992752,77.630531,user471,2025-10-19T16:25:00,Bengaluru,4
Pothole #1972,Crater-like,12.930561,77.633902,user472,2025-11-25T14:09:00,Bengaluru,2
Pothole #1973,Causes skidding,12.899025,77.726195,user473,2025-10-28T13:25:00,Bengaluru,5
Pothole #1974,Causes skidding,12.976188,77.629867,user474,2025-03-23T18:12:00,Bengaluru,5
Pothole #1975,Damaged patch,12.972345,77.698856,user475,2025-09-15T16:42:00,Bengaluru,2
Pothole #1976,Deep hole,12.920614,77.693133,user476,2025-09-02T12:55:00,Bengaluru,3
Pothole #1977,Needs repair,12.87335,77.588576,user477,2025-02-28T03:55:00,Bengaluru,3
Pothole #1978,Damaged patch,12.981661,77.736309,user478,2025-04-25T09:33:00,Bengaluru,2
Pothole #1979,Crater-like,12.989155,77.722244,user479,2025-08-08T08:57:00,Bengaluru,4
Pothole #1980,Needs repair,13.017646,77.600469,user480,2025-10-07T00:46:00,Bengaluru,2
Pothole #1981,Deep hole,12.963873,77.544279,user481,2025-09-23T11:50:00,Bengaluru,3
Pothole #1982,Needs repair,12.995785,77.590699,user482,2025-03-05T21:08:00,Bengaluru,3
Pothole #1983,Crater-like,12.991949,77.576484,user483,2025-06-17T11:25:00,Bengaluru,5
Pothole #1984,Damaged patch,12.938092,77.643381,user484,2025-06-02T16:06:00,Bengaluru,4
Pothole #1985,Damaged patch,12.967989,77.529012,user485,2025-09-21T20:22:00,Bengaluru,3
Pothole #1986,Crater-like,12.883341,77.693398,user486,2025-06-10T10:51:00,Bengaluru,2
Pothole #1987,Crater-like,13.040783,77.528066,user487,2025-11-09T19:12:00,Bengaluru,4
Pothole #1988,Needs repair,12.902219,77.600081,user488,2025-11-20T12:45:00,Bengaluru,2
Pothole #1989,Small crack,12.973939,77.50281,user489,2025-10-12T06:13:00,Bengaluru,1
Pothole #1990,Small crack,12.976996,77.673428,user490,2025-05-05T14:09:00,Bengaluru,3
Pothole #1991,Deep hole,12.962133,77.552637,user491,2025-06-08T07:19:00,Bengaluru,4
Pothole #1992,Crater-like,12.936405,77.552932,user492,2025-10-08T09:18:00,Bengaluru,5
Pothole #1993,Deep hole,12.973048,77.662035,user493,2025-10-06T12:29:00,Bengaluru,2
Pothole #1994,Crater-like,13.027721,77.536964,user494,2025-06-26T21:55:00,Bengaluru,5
Pothole #1995,Causes skidding,12.964997,77.51588,user495,2025-06-12T08:26:00,Bengaluru,2
Pothole #1996,Crater-like,12.909998,77.664904,user496,2025-05-04T19:31:00,Bengaluru,5
Pothole #1997,Damaged patch,12.864849,77.622558,user497,2025-08-18T21:07:00,Bengaluru,2
Pothole #1998,Small crack,12.855314,77.513526,user498,2025-11-15T23:37:00,Bengaluru,3
Pothole #1999,Damaged patch,12.877298,77.562098,user499,2025-01-02T13:50:00,Bengaluru,3
Pothole #2000,Crater-like,12.967119,77.720567,user0,2025-06-24T11:33:00,Bengaluru,3
Pothole #2001,Damaged patch,12.978269,77.539288,user1,2025-07-03T14:11:00,Bengaluru,1
Pothole #2002,Causes skidding,13.027817,77.712173,user2,2025-09-11T09:09:00,Bengaluru,3
Pothole #2003,Damaged patch,12.956113,77.543626,user3,2025-05-13T22:10:00,Bengaluru,2
Pothole #2004,Causes skidding,12.913974,77.607997,user4,2025-09-12T13:36:00,Bengaluru,3
Pothole #2005,Needs repair,13.038539,77.682734,user5,2025-09-15T09:11:00,Bengaluru,3
Pothole #2006,Deep hole,12.926547,77.666818,user6,2025-11-22T18:03:00,Bengaluru,1
Pothole #2007,Crater-like,12.862991,77.617177,user7,2025-07-20T17:37:00,Bengaluru,4
Pothole #2008,Causes skidding,13.032859,77.61551,user8,2025-08-21T10:26:00,Bengaluru,2
Pothole #2009,Causes skidding,12.890173,77.505589,user9,2025-03-09T16:00:00,Bengaluru,2
Pothole #2010,Deep hole,12.876076,77.688772,user10,2025-01-28T15:12:00,Bengaluru,2
Pothole #2011,Causes skidding,12.90694,77.639214,user11,2025-11-05T18:41:00,Bengaluru,1
Pothole #2012,Needs repair,13.032253,77.536821,user12,2025-08-18T09:28:00,Bengaluru,3
Pothole #2013,Damaged patch,13.019067,77.551858,user13,2025-02-23T21:10:00,Bengaluru,5
Pothole #2014,Damaged patch,12.998461,77.523596,user14,2025-04-23T21:01:00,Bengaluru,1
Pothole #2015,Needs repair,12.897491,77.598509,user15,2025-03-16T08:23:00,Bengaluru,3
Pothole #2016,Deep hole,12.917644,77.558725,user16,2025-01-26T09:40:00,Bengaluru,2
Pothole #2017,Needs repair,13.039163,77.678277,user17,2025-07-08T08:41:00,Bengaluru,5
Pothole #2018,Small crack,13.015496,77.566675,user18,2025-01-24T15:34:00,Bengaluru,1
Pothole #2019,Causes skidding,12.86087,77.712834,user19,2025-03-05T13:45:00,Bengaluru,2
Pothole #2020,Deep hole,12.942902,77.559286,user20,2025-04-09T18:14:00,Bengaluru,4
Pothole #2021,Damaged patch,12.876738,77.726,user21,2025-07-24T03:24:00,Bengaluru,4
Pothole #2022,Causes skidding,12.895338,77.682939,user22,2025-03-09T09:11:00,Bengaluru,1
Pothole #2023,Small crack,12.961182,77.586987,user23,2025-04-28T07:39:00,Bengaluru,4
Pothole #2024,Needs repair,12.924728,77.545796,user24,2025-11-25T17:45:00,Bengaluru,3
Pothole #2025,Damaged patch,12.935701,77.659549,user25,2025-09-15T00:13:00,Bengaluru,4
Pothole #2026,Small crack,12.922886,77.63247,user26,2025-11-06T13:10:00,Bengaluru,2
Pothole #2027,Small crack,12.878113,77.51011,user27,2025-03-25T14:51:00,Bengaluru,4
Pothole #2028,Crater-like,12.936749,77.715905,user28,2025-03-18T06:50:00,Bengaluru,4
Pothole #2029,Crater-like,12.883361,77.662603,user29,2025-02-10T23:38:00,Bengaluru,2
Pothole #2030,Small crack,12.878575,77.526732,user30,2025-07-17T04:28:00,Bengaluru,4
Pothole #2031,Causes skidding,12.897049,77.603478,user31,2025-01-28T10:15:00,Bengaluru,5
Pothole #2032,Small crack,12.881708,77.572199,user32,2025-02-25T07:27:00,Bengaluru,3
Pothole #2033,Damaged patch,12.995069,77.679056,user33,2025-11-14T18:12:00,Bengaluru,4
Pothole #2034,Damaged patch,12.919529,77.746448,user34,2025-09-06T12:58:00,Bengaluru,2
Pothole #2035,Needs repair,12.858104,77.690871,user35,2025-07-03T03:52:00,Bengaluru,2
Pothole #2036,Deep hole,12.920286,77.569665,user36,2025-09-01T04:59:00,Bengaluru,2
Pothole #2037,Causes skidding,12.974239,77.68656,user37,2025-08-03T09:23:00,Bengaluru,2
Pothole #2038,Crater-like,12.898677,77.503899,user38,2025-02-22T02:47:00,Bengaluru,1
Pothole #2039,Small crack,13.033186,77.703851,user39,2025-04-25T22:47:00,Bengaluru,1
Pothole #2040,Crater-like,13.016375,77.639385,user40,2025-04-22T04:11:00,Bengaluru,3
Pothole #2041,Damaged patch,12.989714,77.721927,user41,2025-11-13T19:02:00,Bengaluru,1
Pothole #2042,Small crack,12.954429,77.550303,user42,2025-05-26T14:56:00,Bengaluru,1
Pothole #2043,Causes skidding,12.957264,77.622964,user43,2025-02-18T02:56:00,Bengaluru,5
Pothole #2044,Crater-like,12.927771,77.590991,user44,2025-05-18T10:38:00,Bengaluru,5
Pothole #2045,Deep hole,12.960002,77.610353,user45,2025-08-25T20:58:00,Bengaluru,4
Pothole #2046,Causes skidding,13.042338,77.688244,user46,2025-02-15T02:55:00,Bengaluru,3
Pothole #2047,Causes skidding,12.862441,77.515838,user47,2025-02-20T16:41:00,Bengaluru,5
Pothole #2048,Crater-like,12.983809,77.711083,user48,2025-02-28T03:42:00,Bengaluru,2
Pothole #2049,Deep hole,12.967376,77.720955,user49,2025-10-07T07:39:00,Bengaluru,2
Pothole #2050,Causes skidding,13.008863,77.50471,user50,2025-04-09T06:12:00,Bengaluru,2
Pothole #2051,Causes skidding,12.97566,77.627275,user51,2025-04-21T23:26:00,Bengaluru,2
Pothole #2052,Damaged patch,12.870247,77.711792,user52,2025-09-11T17:22:00,Bengaluru,3
Pothole #2053,Crater-like,12.914518,77.50606,user53,2025-08-13T17:24:00,Bengaluru,1
Pothole #2054,Damaged patch,12.971004,77.584934,user54,2025-01-25T05:33:00,Bengaluru,1
Pothole #2055,Damaged patch,13.00475,77.610274,user55,2025-01-16T00:37:00,Bengaluru,3
Pothole #2056,Crater-like,12.86823,77.507582,user56,2025-06-20T15:07:00,Bengaluru,4
Pothole #2057,Causes skidding,12.961108,77.714455,user57,2025-06-04T13:49:00,Bengaluru,1
Pothole #2058,Deep hole,13.047018,77.509307,user58,2025-02-06T01:36:00,Bengaluru,1
Pothole #2059,Small crack,12.983967,77.720717,user59,2025-09-16T09:45:00,Bengaluru,1
Pothole #2060,Damaged patch,12.981015,77.557515,user60,2025-09-24T15:49:00,Bengaluru,5
Pothole #2061,Crater-like,12.896297,77.685718,user61,2025-11-17T19:43:00,Bengaluru,2
Pothole #2062,Small crack,13.040174,77.603175,user62,2025-11-11T21:45:00,Bengaluru,1
Pothole #2063,Crater-like,12.864137,77.601232,user63,2025-03-22T04:44:00,Bengaluru,5
Pothole #2064,Small crack,13.023872,77.527207,user64,2025-10-18T09:37:00,Bengaluru,5
Pothole #2065,Small crack,13.041671,77.630336,user65,2025-07-23T07:34:00,Bengaluru,1
Pothole #2066,Crater-like,12.906136,77.505462,user66,2025-09-21T05:56:00,Bengaluru,4
Pothole #2067,Small crack,12.864418,77.618228,user67,2025-06-28T15:48:00,Bengaluru,5
Pothole #2068,Small crack,12.871574,77.584587,user68,2025-08-06T07:55:00,Bengaluru,3
Pothole #2069,Deep hole,12.899857,77.565044,user69,2025-01-01T11:08:00,Bengaluru,1
Pothole #2070,Causes skidding,12.850784,77.574417,user70,2025-01-07T13:04:00,Bengaluru,3
Pothole #2071,Crater-like,12.885208,77.67029,user71,2025-02-18T04:20:00,Bengaluru,1
Pothole #2072,Crater-like,12.993268,77.7435,user72,2025-04-19T01:38:00,Bengaluru,3
Pothole #2073,Crater-like,12.991195,77.598478,user73,2025-06-17T21:18:00,Bengaluru,4
Pothole #2074,Crater-like,12.898243,77.523669,user74,2025-07-12T10:50:00,Bengaluru,1
Pothole #2075,Crater-like,12.920628,77.548009,user75,2025-05-23T14:09:00,Bengaluru,1
Pothole #2076,Damaged patch,12.950012,77.742046,user76,2025-05-27T07:21:00,Bengaluru,3
Pothole #2077,Damaged patch,12.909719,77.664672,user77,2025-03-26T12:40:00,Bengaluru,4
Pothole #2078,Damaged patch,13.018643,77.583575,user78,2025-03-03T15:57:00,Bengaluru,3
Pothole #2079,Deep hole,12.992415,77.530364,user79,2025-06-16T05:28:00,Bengaluru,5
Pothole #2080,Crater-like,12.930975,77.668572,user80,2025-08-01T15:23:00,Bengaluru,2
Pothole #2081,Needs repair,12.922857,77.569273,user81,2025-07-08T07:45:00,Bengaluru,3
Pothole #2082,Causes skidding,12.852003,77.56072,user82,2025-01-02T23:50:00,Bengaluru,3
Pothole #2083,Crater-like,12.981032,77.549745,user83,2025-01-20T06:18:00,Bengaluru,2
Pothole #2084,Crater-like,13.019075,77.68198,user84,2025-10-12T02:58:00,Bengaluru,1
Pothole #2085,Small crack,13.005229,77.733038,user85,2025-11-27T05:01:00,Bengaluru,2
Pothole #2086,Damaged patch,13.024311,77.572312,user86,2025-01-19T13:28:00,Bengaluru,4
Pothole #2087,Crater-like,13.036182,77.532917,user87,2025-03-09T17:31:00,Bengaluru,4
Pothole #2088,Small crack,12.935715,77.549676,user88,2025-03-24T20:34:00,Bengaluru,2
Pothole #2089,Causes skidding,13.039508,77.52752,user89,2025-05-17T12:19:00,Bengaluru,5
Pothole #2090,Crater-like,12.997352,77.595611,user90,2025-09-24T08:38:00,Bengaluru,3
Pothole #2091,Deep hole,12.919446,77.531767,user91,2025-11-19T15:52:00,Bengaluru,1
Pothole #2092,Small crack,12.850025,77.673379,user92,2025-11-22T05:59:00,Bengaluru,3
Pothole #2093,Crater-like,12.921663,77.684211,user93,2025-11-18T01:28:00,Bengaluru,3
Pothole #2094,Causes skidding,12.936458,77.738712,user94,2025-02-17T22:35:00,Bengaluru,3
Pothole #2095,Crater-like,13.007868,77.6331,user95,2025-01-21T01:06:00,Bengaluru,3
Pothole #2096,Crater-like,12.889254,77.506657,user96,2025-01-09T19:30:00,Bengaluru,1
Pothole #2097,Damaged patch,12.903193,77.709577,user97,2025-04-02T14:51:00,Bengaluru,1
Pothole #2098,Needs repair,12.896421,77.678808,user98,2025-06-20T04:45:00,Bengaluru,5
Pothole #2099,Small crack,12.943815,77.515584,user99,2025-04-16T19:58:00,Bengaluru,2
Pothole #2100,Causes skidding,12.960613,77.594829,user100,2025-01-17T00:02:00,Bengaluru,2
Pothole #2101,Small crack,12.999796,77.610354,user101,2025-02-06T00:32:00,Bengaluru,5
Pothole #2102,Causes skidding,12.973049,77.512775,user102,2025-03-02T01:23:00,Bengaluru,4
Pothole #2103,Causes skidding,13.003582,77.696058,user103,2025-10-05T09:16:00,Bengaluru,5
Pothole #2104,Deep hole,12.851129,77.629109,user104,2025-02-28T12:33:00,Bengaluru,1
Pothole #2105,Crater-like,12.876179,77.580836,user105,2025-09-17T16:54:00,Bengaluru,5
Pothole #2106,Small crack,12.908904,77.602672,user106,2025-06-13T06:33:00,Bengaluru,4
Pothole #2107,Damaged patch,13.010232,77.679034,user107,2025-11-06T23:01:00,Bengaluru,2
Pothole #2108,Damaged patch,13.013706,77.505787,user108,2025-02-24T03:54:00,Bengaluru,2
Pothole #2109,Damaged patch,12.925543,77.546462,user109,2025-05-18T09:16:00,Bengaluru,1
Pothole #2110,Deep hole,13.005218,77.502024,user110,2025-03-17T21:43:00,Bengaluru,3
Pothole #2111,Needs repair,13.0235,77.674601,user111,2025-11-09T14:47:00,Bengaluru,5
Pothole #2112,Needs repair,12.898318,77.539433,user112,2025-02-27T23:37:00,Bengaluru,2
Pothole #2113,Needs repair,12.960628,77.726857,user113,2025-01-27T01:44:00,Bengaluru,3
Pothole #2114,Causes skidding,12.961641,77.726368,user114,2025-09-03T15:38:00,Bengaluru,2
Pothole #2115,Small crack,13.04567,77.590895,user115,2025-06-20T20:33:00,Bengaluru,2
Pothole #2116,Crater-like,12.884051,77.73411,user116,2025-09-07T19:36:00,Bengaluru,5
Pothole #2117,Causes skidding,13.019257,77.503245,user117,2025-09-13T10:17:00,Bengaluru,4
Pothole #2118,Crater-like,12.958474,77.660442,user118,2025-11-07T01:56:00,Bengaluru,2
Pothole #2119,Small crack,13.026562,77.57819,user119,2025-03-19T22:25:00,Bengaluru,1
Pothole #2120,Small crack,13.015531,77.710815,user120,2025-06-08T21:37:00,Bengaluru,1
Pothole #2121,Damaged patch,12.898509,77.52887,user121,2025-11-09T02:05:00,Bengaluru,2
Pothole #2122,Crater-like,12.9305,77.715467,user122,2025-11-22T04:02:00,Bengaluru,4
Pothole #2123,Needs repair,12.983956,77.689397,user123,2025-11-17T13:40:00,Bengaluru,1
Pothole #2124,Deep hole,12.958578,77.584162,user124,2025-11-11T20:42:00,Bengaluru,4
Pothole #2125,Deep hole,12.873058,77.735739,user125,2025-11-28T09:52:00,Bengaluru,3
Pothole #2126,Small crack,12.920945,77.542095,user126,2025-08-18T01:54:00,Bengaluru,1
Pothole #2127,Deep hole,12.860198,77.584672,user127,2025-05-06T00:45:00,Bengaluru,1
Pothole #2128,Needs repair,12.910341,77.716603,user128,2025-09-09T11:49:00,Bengaluru,4
Pothole #2129,Crater-like,12.910132,77.529103,user129,2025-07-01T07:29:00,Bengaluru,2
Pothole #2130,Causes skidding,12.936138,77.643239,user130,2025-02-15T16:50:00,Bengaluru,3
Pothole #2131,Crater-like,12.931621,77.607209,user131,2025-08-26T00:25:00,Bengaluru,5
Pothole #2132,Small crack,13.00314,77.702838,user132,2025-09-02T06:17:00,Bengaluru,1
Pothole #2133,Crater-like,12.888669,77.675601,user133,2025-05-01T09:19:00,Bengaluru,2
Pothole #2134,Damaged patch,12.940111,77.713829,user134,2025-07-09T01:49:00,Bengaluru,2
Pothole #2135,Causes skidding,12.857501,77.652662,user135,2025-11-27T20:33:00,Bengaluru,5
Pothole #2136,Crater-like,13.011572,77.528182,user136,2025-06-16T22:40:00,Bengaluru,3
Pothole #2137,Needs repair,13.010667,77.734985,user137,2025-05-06T04:35:00,Bengaluru,3
Pothole #2138,Needs repair,12.859639,77.634106,user138,2025-07-01T15:11:00,Bengaluru,1
Pothole #2139,Deep hole,12.863076,77.609208,user139,2025-05-02T04:04:00,Bengaluru,2
Pothole #2140,Deep hole,12.868271,77.561879,user140,2025-04-22T19:43:00,Bengaluru,4
Pothole #2141,Small crack,12.980942,77.579022,user141,2025-11-03T07:18:00,Bengaluru,1
Pothole #2142,Crater-like,12.956285,77.645777,user142,2025-02-07T13:14:00,Bengaluru,3
Pothole #2143,Small crack,12.892709,77.544795,user143,2025-02-14T10:57:00,Bengaluru,3
Pothole #2144,Small crack,12.980114,77.731768,user144,2025-02-20T05:11:00,Bengaluru,1
Pothole #2145,Damaged patch,12.907876,77.621804,user145,2025-01-05T21:49:00,Bengaluru,2
Pothole #2146,Small crack,12.915623,77.557731,user146,2025-11-18T11:49:00,Bengaluru,4
Pothole #2147,Crater-like,13.02395,77.511165,user147,2025-03-10T03:22:00,Bengaluru,3
Pothole #2148,Deep hole,13.01863,77.646161,user148,2025-03-11T17:13:00,Bengaluru,4
Pothole #2149,Causes skidding,12.954411,77.524688,user149,2025-07-05T16:55:00,Bengaluru,1
Pothole #2150,Crater-like,12.965458,77.645303,user150,2025-03-13T02:02:00,Bengaluru,2
Pothole #2151,Crater-like,12.861325,77.634758,user151,2025-03-28T06:25:00,Bengaluru,5
Pothole #2152,Small crack,13.035788,77.691777,user152,2025-01-19T08:09:00,Bengaluru,4
Pothole #2153,Damaged patch,12.899706,77.507029,user153,2025-08-09T05:05:00,Bengaluru,3
Pothole #2154,Crater-like,12.900936,77.709434,user154,2025-11-02T00:38:00,Bengaluru,2
Pothole #2155,Deep hole,13.005966,77.703409,user155,2025-02-02T08:54:00,Bengaluru,5
Pothole #2156,Needs repair,13.043552,77.560005,user156,2025-06-19T08:09:00,Bengaluru,4
Pothole #2157,Causes skidding,13.019117,77.588735,user157,2025-01-07T11:15:00,Bengaluru,5
Pothole #2158,Damaged patch,13.044736,77.583289,user158,2025-09-17T13:40:00,Bengaluru,3
Pothole #2159,Needs repair,12.903491,77.571391,user159,2025-04-06T10:42:00,Bengaluru,2
Pothole #2160,Crater-like,12.850913,77.594639,user160,2025-11-02T01:49:00,Bengaluru,4
Pothole #2161,Crater-like,13.010204,77.702536,user161,2025-11-26T08:10:00,Bengaluru,1
Pothole #2162,Causes skidding,12.861307,77.566186,user162,2025-08-24T01:28:00,Bengaluru,3
Pothole #2163,Crater-like,13.023031,77.6555,user163,2025-04-18T16:41:00,Bengaluru,2
Pothole #2164,Crater-like,12.868991,77.665053,user164,2025-08-15T11:33:00,Bengaluru,3
Pothole #2165,Deep hole,12.87023,77.648506,user165,2025-08-11T19:49:00,Bengaluru,1
Pothole #2166,Needs repair,12.956509,77.540752,user166,2025-04-28T01:29:00,Bengaluru,5
Pothole #2167,Deep hole,12.973266,77.542449,user167,2025-01-05T12:00:00,Bengaluru,2
Pothole #2168,Damaged patch,12.895381,77.676953,user168,2025-09-11T11:03:00,Bengaluru,2
Pothole #2169,Damaged patch,12.952556,77.702263,user169,2025-06-22T18:19:00,Bengaluru,3
Pothole #2170,Deep hole,12.943315,77.748635,user170,2025-09-23T22:23:00,Bengaluru,1
Pothole #2171,Deep hole,13.018142,77.585711,user171,2025-06-06T03:14:00,Bengaluru,1
Pothole #2172,Small crack,12.862878,77.520606,user172,2025-04-12T01:54:00,Bengaluru,3
Pothole #2173,Crater-like,12.908664,77.529496,user173,2025-03-13T02:43:00,Bengaluru,5
Pothole #2174,Small crack,12.941177,77.503237,user174,2025-07-24T01:18:00,Bengaluru,2
Pothole #2175,Causes skidding,12.913897,77.649128,user175,2025-08-03T03:02:00,Bengaluru,1
Pothole #2176,Deep hole,12.993303,77.722864,user176,2025-10-13T23:23:00,Bengaluru,3
Pothole #2177,Damaged patch,12.877216,77.674207,user177,2025-10-23T09:19:00,Bengaluru,4
Pothole #2178,Crater-like,12.975317,77.691633,user178,2025-03-24T03:53:00,Bengaluru,5
Pothole #2179,Deep hole,12.870636,77.610104,user179,2025-11-15T16:07:00,Bengaluru,2
Pothole #2180,Damaged patch,12.94102,77.603234,user180,2025-05-22T07:34:00,Bengaluru,2
Pothole #2181,Damaged patch,12.927167,77.717128,user181,2025-05-14T13:39:00,Bengaluru,5
Pothole #2182,Small crack,12.92379,77.552332,user182,2025-05-01T07:24:00,Bengaluru,4
Pothole #2183,Small crack,12.997585,77.632946,user183,2025-02-06T15:05:00,Bengaluru,2
Pothole #2184,Crater-like,13.04187,77.511467,user184,2025-03-23T12:22:00,Bengaluru,4
Pothole #2185,Causes skidding,12.95524,77.705423,user185,2025-01-20T15:44:00,Bengaluru,3
Pothole #2186,Needs repair,13.046249,77.568809,user186,2025-01-14T07:31:00,Bengaluru,3
Pothole #2187,Deep hole,12.906602,77.731087,user187,2025-08-06T21:57:00,Bengaluru,2
Pothole #2188,Needs repair,12.930624,77.508865,user188,2025-08-12T19:35:00,Bengaluru,5
Pothole #2189,Crater-like,12.990619,77.562574,user189,2025-04-15T22:16:00,Bengaluru,3
Pothole #2190,Crater-like,13.017716,77.699733,user190,2025-11-24T10:12:00,Bengaluru,4
Pothole #2191,Damaged patch,12.923398,77.724467,user191,2025-07-22T06:23:00,Bengaluru,4
Pothole #2192,Damaged patch,12.977317,77.585867,user192,2025-07-27T05:45:00,Bengaluru,4
Pothole #2193,Small crack,12.925865,77.602488,user193,2025-05-13T11:57:00,Bengaluru,1
Pothole #2194,Needs repair,12.98447,77.556423,user194,2025-06-04T21:33:00,Bengaluru,2
Pothole #2195,Needs repair,12.9862,77.654177,user195,2025-09-16T06:52:00,Bengaluru,4
Pothole #2196,Damaged patch,12.880095,77.683134,user196,2025-09-17T15:21:00,Bengaluru,3
Pothole #2197,Crater-like,12.88461,77.532529,user197,2025-01-12T17:47:00,Bengaluru,1
Pothole #2198,Crater-like,12.967811,77.518963,user198,2025-09-08T23:08:00,Bengaluru,3
Pothole #2199,Deep hole,12.984898,77.679718,user199,2025-05-04T17:04:00,Bengaluru,4
Pothole #2200,Deep hole,12.916052,77.568393,user200,2025-07-28T08:03:00,Bengaluru,3
Pothole #2201,Crater-like,12.914464,77.630067,user201,2025-05-18T06:09:00,Bengaluru,5
Pothole #2202,Small crack,12.961611,77.741499,user202,2025-06-19T15:38:00,Bengaluru,4
Pothole #2203,Deep hole,12.964295,77.643911,user203,2025-10-18T20:52:00,Bengaluru,5
Pothole #2204,Needs repair,12.891964,77.727662,user204,2025-02-18T17:16:00,Bengaluru,4
Pothole #2205,Deep hole,13.003811,77.615094,user205,2025-11-11T06:23:00,Bengaluru,3
Pothole #2206,Deep hole,12.882308,77.677772,user206,2025-08-24T02:28:00,Bengaluru,5
Pothole #2207,Deep hole,12.908133,77.66471,user207,2025-03-09T02:39:00,Bengaluru,4
Pothole #2208,Damaged patch,12.872004,77.620241,user208,2025-09-23T17:35:00,Bengaluru,2
Pothole #2209,Needs repair,13.044459,77.632134,user209,2025-02-11T13:02:00,Bengaluru,5
Pothole #2210,Deep hole,12.988415,77.63121,user210,2025-09-07T22:25:00,Bengaluru,5
Pothole #2211,Causes skidding,12.986465,77.700377,user211,2025-09-09T14:24:00,Bengaluru,2
Pothole #2212,Deep hole,12.887733,77.571981,user212,2025-04-16T13:20:00,Bengaluru,2
Pothole #2213,Needs repair,12.914522,77.517506,user213,2025-11-14T22:13:00,Bengaluru,4
Pothole #2214,Damaged patch,13.034583,77.503674,user214,2025-10-09T01:58:00,Bengaluru,2
Pothole #2215,Causes skidding,13.022746,77.57223,user215,2025-03-19T05:34:00,Bengaluru,1
Pothole #2216,Damaged patch,12.987068,77.667213,user216,2025-06-14T10:13:00,Bengaluru,2
Pothole #2217,Needs repair,12.85435,77.541404,user217,2025-01-25T19:06:00,Bengaluru,3
Pothole #2218,Needs repair,13.018951,77.510331,user218,2025-03-07T11:30:00,Bengaluru,4
Pothole #2219,Causes skidding,12.927343,77.691228,user219,2025-08-14T20:14:00,Bengaluru,3
Pothole #2220,Crater-like,13.00201,77.523718,user220,2025-10-04T11:16:00,Bengaluru,4
Pothole #2221,Crater-like,13.03609,77.641385,user221,2025-05-21T22:15:00,Bengaluru,3
Pothole #2222,Crater-like,12.999616,77.594394,user222,2025-05-07T06:56:00,Bengaluru,3
Pothole #2223,Deep hole,13.02887,77.61394,user223,2025-06-21T20:54:00,Bengaluru,2
Pothole #2224,Crater-like,12.871551,77.598885,user224,2025-11-03T11:25:00,Bengaluru,5
Pothole #2225,Small crack,12.911978,77.549971,user225,2025-09-01T18:09:00,Bengaluru,1
Pothole #2226,Causes skidding,12.992951,77.714467,user226,2025-11-10T23:26:00,Bengaluru,4
Pothole #2227,Deep hole,12.921362,77.745966,user227,2025-01-23T02:13:00,Bengaluru,4
Pothole #2228,Needs repair,12.922429,77.702766,user228,2025-04-07T14:28:00,Bengaluru,5
Pothole #2229,Deep hole,13.028041,77.506172,user229,2025-01-04T14:30:00,Bengaluru,5
Pothole #2230,Crater-like,12.969871,77.536169,user230,2025-07-09T20:41:00,Bengaluru,3
Pothole #2231,Causes skidding,12.922432,77.749021,user231,2025-03-28T12:24:00,Bengaluru,4
Pothole #2232,Needs repair,12.931507,77.659277,user232,2025-10-24T11:49:00,Bengaluru,3
Pothole #2233,Damaged patch,12.983754,77.645242,user233,2025-01-20T06:28:00,Bengaluru,1
Pothole #2234,Crater-like,13.04048,77.658564,user234,2025-09-28T12:42:00,Bengaluru,2
Pothole #2235,Damaged patch,12.959342,77.507951,user235,2025-11-10T20:48:00,Bengaluru,4
Pothole #2236,Needs repair,12.889323,77.735556,user236,2025-02-23T07:00:00,Bengaluru,2
Pothole #2237,Crater-like,12.915052,77.709302,user237,2025-04-21T02:47:00,Bengaluru,4
Pothole #2238,Damaged patch,12.861704,77.567737,user238,2025-04-28T11:26:00,Bengaluru,3
Pothole #2239,Deep hole,12.885235,77.728981,user239,2025-06-12T08:05:00,Bengaluru,4
Pothole #2240,Causes skidding,12.957884,77.72488,user240,2025-01-05T07:16:00,Bengaluru,3
Pothole #2241,Small crack,12.877896,77.545646,user241,2025-08-24T20:29:00,Bengaluru,4
Pothole #2242,Needs repair,12.906032,77.654162,user242,2025-01-17T01:46:00,Bengaluru,5
Pothole #2243,Small crack,12.943735,77.543965,user243,2025-03-21T19:41:00,Bengaluru,1
Pothole #2244,Needs repair,12.961239,77.628317,user244,2025-08-17T07:48:00,Bengaluru,5
Pothole #2245,Damaged patch,12.925279,77.698317,user245,2025-03-04T16:19:00,Bengaluru,5
Pothole #2246,Damaged patch,13.028158,77.584283,user246,2025-01-01T06:34:00,Bengaluru,1
Pothole #2247,Deep hole,12.936843,77.695417,user247,2025-11-14T01:41:00,Bengaluru,3
Pothole #2248,Deep hole,12.888786,77.6835,user248,2025-08-08T07:46:00,Bengaluru,5
Pothole #2249,Deep hole,12.950848,77.641901,user249,2025-11-19T14:17:00,Bengaluru,4
Pothole #2250,Crater-like,12.882898,77.541857,user250,2025-04-22T23:22:00,Bengaluru,3
Pothole #2251,Small crack,12.864714,77.665306,user251,2025-04-23T02:05:00,Bengaluru,3
Pothole #2252,Needs repair,13.043981,77.600819,user252,2025-04-09T21:38:00,Bengaluru,2
Pothole #2253,Causes skidding,13.014954,77.645775,user253,2025-02-08T03:56:00,Bengaluru,5
Pothole #2254,Causes skidding,12.966899,77.744125,user254,2025-04-12T05:31:00,Bengaluru,3
Pothole #2255,Crater-like,12.997034,77.690614,user255,2025-05-25T13:46:00,Bengaluru,4
Pothole #2256,Crater-like,13.028931,77.525364,user256,2025-01-10T21:03:00,Bengaluru,2
Pothole #2257,Small crack,12.909957,77.575914,user257,2025-02-20T20:52:00,Bengaluru,4
Pothole #2258,Small crack,12.905469,77.505702,user258,2025-10-03T04:30:00,Bengaluru,5
Pothole #2259,Crater-like,12.898099,77.574836,user259,2025-03-28T18:47:00,Bengaluru,5
Pothole #2260,Needs repair,12.882354,77.516799,user260,2025-01-12T15:59:00,Bengaluru,5
Pothole #2261,Deep hole,12.891413,77.691418,user261,2025-07-03T19:16:00,Bengaluru,2
Pothole #2262,Damaged patch,12.983202,77.63437,user262,2025-11-23T16:31:00,Bengaluru,2
Pothole #2263,Needs repair,12.891691,77.507227,user263,2025-06-18T03:46:00,Bengaluru,5
Pothole #2264,Damaged patch,13.043921,77.639796,user264,2025-01-16T22:33:00,Bengaluru,1
Pothole #2265,Needs repair,12.85539,77.537486,user265,2025-02-08T13:21:00,Bengaluru,5
Pothole #2266,Needs repair,12.956889,77.540186,user266,2025-10-23T09:35:00,Bengaluru,1
Pothole #2267,Crater-like,12.866966,77.660279,user267,2025-02-22T09:52:00,Bengaluru,4
Pothole #2268,Causes skidding,13.000497,77.561625,user268,2025-09-20T02:06:00,Bengaluru,1
Pothole #2269,Causes skidding,13.015802,77.566717,user269,2025-05-06T20:22:00,Bengaluru,4
Pothole #2270,Damaged patch,12.894569,77.586802,user270,2025-10-06T23:31:00,Bengaluru,1
Pothole #2271,Needs repair,13.037209,77.618548,user271,2025-05-09T09:45:00,Bengaluru,3
Pothole #2272,Needs repair,12.97114,77.748641,user272,2025-06-21T09:22:00,Bengaluru,5
Pothole #2273,Small crack,12.873983,77.626288,user273,2025-09-15T21:29:00,Bengaluru,5
Pothole #2274,Crater-like,13.049998,77.706968,user274,2025-11-22T20:43:00,Bengaluru,1
Pothole #2275,Crater-like,12.906969,77.71551,user275,2025-11-26T23:15:00,Bengaluru,3
Pothole #2276,Damaged patch,12.908343,77.710591,user276,2025-08-01T01:57:00,Bengaluru,3
Pothole #2277,Crater-like,12.982748,77.711835,user277,2025-10-27T11:50:00,Bengaluru,1
Pothole #2278,Crater-like,13.011924,77.598826,user278,2025-07-06T19:30:00,Bengaluru,3
Pothole #2279,Crater-like,13.02742,77.678125,user279,2025-02-07T08:22:00,Bengaluru,3
Pothole #2280,Damaged patch,13.037181,77.657974,user280,2025-01-03T06:51:00,Bengaluru,3
Pothole #2281,Crater-like,12.956887,77.624012,user281,2025-09-25T12:23:00,Bengaluru,1
Pothole #2282,Damaged patch,12.996519,77.736429,user282,2025-09-28T18:59:00,Bengaluru,4
Pothole #2283,Damaged patch,13.047799,77.580603,user283,2025-08-21T08:04:00,Bengaluru,2
Pothole #2284,Deep hole,12.904623,77.659408,user284,2025-04-10T01:30:00,Bengaluru,5
Pothole #2285,Small crack,13.010368,77.69722,user285,2025-05-20T06:39:00,Bengaluru,1
Pothole #2286,Deep hole,12.869149,77.656866,user286,2025-10-09T09:09:00,Bengaluru,4
Pothole #2287,Small crack,13.039262,77.624212,user287,2025-05-22T19:32:00,Bengaluru,1
Pothole #2288,Causes skidding,12.860624,77.732795,user288,2025-02-21T20:12:00,Bengaluru,4
Pothole #2289,Damaged patch,12.892482,77.581334,user289,2025-04-16T21:34:00,Bengaluru,2
Pothole #2290,Causes skidding,12.973517,77.719863,user290,2025-03-08T00:46:00,Bengaluru,2
Pothole #2291,Small crack,12.92012,77.56191,user291,2025-04-06T20:53:00,Bengaluru,1
Pothole #2292,Damaged patch,12.96326,77.57096,user292,2025-11-08T21:20:00,Bengaluru,3
Pothole #2293,Small crack,13.035299,77.641513,user293,2025-04-12T14:47:00,Bengaluru,5
Pothole #2294,Damaged patch,13.009901,77.639194,user294,2025-04-09T17:06:00,Bengaluru,2
Pothole #2295,Damaged patch,12.948617,77.650351,user295,2025-04-14T03:52:00,Bengaluru,2
Pothole #2296,Causes skidding,12.88925,77.679669,user296,2025-08-06T14:43:00,Bengaluru,4
Pothole #2297,Needs repair,12.984325,77.714454,user297,2025-08-05T23:44:00,Bengaluru,4
Pothole #2298,Deep hole,12.875065,77.508792,user298,2025-05-14T21:25:00,Bengaluru,1
Pothole #2299,Needs repair,12.892704,77.535782,user299,2025-02-19T02:52:00,Bengaluru,4
Pothole #2300,Crater-like,13.016107,77.556436,user300,2025-05-16T18:32:00,Bengaluru,4
Pothole #2301,Causes skidding,13.042309,77.619318,user301,2025-03-25T14:18:00,Bengaluru,1
Pothole #2302,Needs repair,12.890847,77.592987,user302,2025-11-17T13:29:00,Bengaluru,4
Pothole #2303,Causes skidding,12.928384,77.543236,user303,2025-07-18T23:32:00,Bengaluru,2
Pothole #2304,Damaged patch,13.03047,77.661501,user304,2025-05-25T00:57:00,Bengaluru,4
Pothole #2305,Small crack,13.029884,77.518251,user305,2025-10-06T18:00:00,Bengaluru,1
Pothole #2306,Crater-like,12.96335,77.722573,user306,2025-02-01T01:03:00,Bengaluru,2
Pothole #2307,Needs repair,12.999053,77.747362,user307,2025-01-08T11:20:00,Bengaluru,4
Pothole #2308,Deep hole,12.969382,77.613578,user308,2025-05-12T03:49:00,Bengaluru,3
Pothole #2309,Small crack,12.997925,77.543512,user309,2025-01-26T13:26:00,Bengaluru,3
Pothole #2310,Damaged patch,12.980391,77.611279,user310,2025-05-04T01:24:00,Bengaluru,4
Pothole #2311,Damaged patch,12.973952,77.646706,user311,2025-06-23T13:56:00,Bengaluru,3
Pothole #2312,Damaged patch,12.884687,77.643016,user312,2025-02-16T07:43:00,Bengaluru,3
Pothole #2313,Deep hole,12.88698,77.658359,user313,2025-09-13T10:37:00,Bengaluru,4
Pothole #2314,Deep hole,12.983706,77.697584,user314,2025-05-01T05:25:00,Bengaluru,5
Pothole #2315,Deep hole,12.981216,77.667027,user315,2025-05-06T11:07:00,Bengaluru,2
Pothole #2316,Damaged patch,13.022119,77.729832,user316,2025-06-10T07:45:00,Bengaluru,3
Pothole #2317,Damaged patch,12.997146,77.646809,user317,2025-04-15T00:49:00,Bengaluru,4
Pothole #2318,Causes skidding,13.048471,77.596335,user318,2025-05-16T00:01:00,Bengaluru,3
Pothole #2319,Deep hole,12.863396,77.525436,user319,2025-07-17T08:41:00,Bengaluru,4
Pothole #2320,Deep hole,12.928826,77.73344,user320,2025-10-25T19:17:00,Bengaluru,2
Pothole #2321,Crater-like,12.94874,77.749772,user321,2025-02-24T16:33:00,Bengaluru,4
Pothole #2322,Deep hole,12.914658,77.597296,user322,2025-05-17T10:45:00,Bengaluru,3
Pothole #2323,Needs repair,12.933218,77.573638,user323,2025-03-16T20:19:00,Bengaluru,1
Pothole #2324,Crater-like,12.942038,77.627852,user324,2025-10-25T12:57:00,Bengaluru,4
Pothole #2325,Crater-like,12.853966,77.671895,user325,2025-06-08T17:40:00,Bengaluru,3
Pothole #2326,Small crack,13.016963,77.655104,user326,2025-03-22T11:14:00,Bengaluru,3
Pothole #2327,Needs repair,12.924188,77.564078,user327,2025-08-07T15:54:00,Bengaluru,3
Pothole #2328,Crater-like,12.867175,77.581356,user328,2025-05-19T07:50:00,Bengaluru,3
Pothole #2329,Small crack,12.887118,77.500599,user329,2025-05-11T04:40:00,Bengaluru,2
Pothole #2330,Causes skidding,12.884809,77.701272,user330,2025-08-10T11:58:00,Bengaluru,5
Pothole #2331,Crater-like,12.913612,77.552055,user331,2025-10-18T15:53:00,Bengaluru,2
Pothole #2332,Causes skidding,12.993304,77.699096,user332,2025-05-10T01:02:00,Bengaluru,2
Pothole #2333,Damaged patch,12.867112,77.527656,user333,2025-07-12T00:13:00,Bengaluru,2
Pothole #2334,Small crack,12.896985,77.690672,user334,2025-11-09T21:26:00,Bengaluru,1
Pothole #2335,Crater-like,12.93543,77.704061,user335,2025-05-12T18:46:00,Bengaluru,3
Pothole #2336,Needs repair,12.85286,77.712895,user336,2025-05-13T12:53:00,Bengaluru,4
Pothole #2337,Deep hole,12.906978,77.585743,user337,2025-02-13T11:05:00,Bengaluru,5
Pothole #2338,Needs repair,12.925337,77.571456,user338,2025-03-24T04:02:00,Bengaluru,5
Pothole #2339,Small crack,13.027498,77.622482,user339,2025-02-27T09:10:00,Bengaluru,1
Pothole #2340,Crater-like,12.985874,77.686388,user340,2025-03-14T12:48:00,Bengaluru,2
Pothole #2341,Needs repair,12.887586,77.645176,user341,2025-06-19T12:53:00,Bengaluru,4
Pothole #2342,Damaged patch,12.863548,77.570216,user342,2025-10-16T19:01:00,Bengaluru,5
Pothole #2343,Small crack,13.043323,77.574862,user343,2025-05-11T22:10:00,Bengaluru,1
Pothole #2344,Causes skidding,13.047103,77.543336,user344,2025-02-23T09:29:00,Bengaluru,4
Pothole #2345,Damaged patch,13.043809,77.623108,user345,2025-07-23T07:34:00,Bengaluru,4
Pothole #2346,Needs repair,12.946955,77.62108,user346,2025-02-13T14:20:00,Bengaluru,5
Pothole #2347,Crater-like,12.987689,77.633233,user347,2025-02-08T15:50:00,Bengaluru,3
Pothole #2348,Deep hole,12.938326,77.655189,user348,2025-05-04T22:22:00,Bengaluru,3
Pothole #2349,Damaged patch,12.878399,77.578255,user349,2025-04-11T12:27:00,Bengaluru,3
Pothole #2350,Deep hole,12.854142,77.503059,user350,2025-01-07T23:14:00,Bengaluru,4
Pothole #2351,Needs repair,12.993414,77.664136,user351,2025-08-21T01:42:00,Bengaluru,4
Pothole #2352,Damaged patch,13.02892,77.530632,user352,2025-05-22T23:01:00,Bengaluru,2
Pothole #2353,Needs repair,13.048039,77.632862,user353,2025-10-01T06:30:00,Bengaluru,3
Pothole #2354,Causes skidding,13.043545,77.567349,user354,2025-06-28T18:39:00,Bengaluru,3
Pothole #2355,Causes skidding,12.990787,77.567501,user355,2025-01-16T20:25:00,Bengaluru,3
Pothole #2356,Damaged patch,12.855308,77.642941,user356,2025-09-24T20:09:00,Bengaluru,4
Pothole #2357,Damaged patch,12.957143,77.544724,user357,2025-05-14T11:25:00,Bengaluru,4
Pothole #2358,Deep hole,12.910471,77.656751,user358,2025-04-11T23:24:00,Bengaluru,5
Pothole #2359,Small crack,13.004509,77.672467,user359,2025-11-14T06:30:00,Bengaluru,3
Pothole #2360,Causes skidding,12.991808,77.689675,user360,2025-07-08T07:19:00,Bengaluru,1
Pothole #2361,Needs repair,13.020198,77.55613,user361,2025-08-18T23:25:00,Bengaluru,5
Pothole #2362,Crater-like,12.964236,77.684758,user362,2025-06-14T09:38:00,Bengaluru,3
Pothole #2363,Small crack,12.995523,77.561513,user363,2025-02-21T07:58:00,Bengaluru,1
Pothole #2364,Damaged patch,12.920071,77.594115,user364,2025-04-19T22:22:00,Bengaluru,2
Pothole #2365,Deep hole,13.029908,77.579637,user365,2025-10-06T15:48:00,Bengaluru,3
Pothole #2366,Small crack,12.969013,77.653905,user366,2025-01-05T10:22:00,Bengaluru,5
Pothole #2367,Causes skidding,12.956489,77.51942,user367,2025-01-08T19:06:00,Bengaluru,5
Pothole #2368,Needs repair,13.041928,77.530508,user368,2025-01-23T23:05:00,Bengaluru,5
Pothole #2369,Causes skidding,13.045208,77.593979,user369,2025-11-20T18:14:00,Bengaluru,4
Pothole #2370,Small crack,12.92331,77.527961,user370,2025-06-01T17:44:00,Bengaluru,5
Pothole #2371,Crater-like,12.936334,77.719549,user371,2025-10-01T03:31:00,Bengaluru,5
Pothole #2372,Small crack,13.042957,77.50543,user372,2025-08-09T02:00:00,Bengaluru,1
Pothole #2373,Crater-like,12.872045,77.554162,user373,2025-02-16T20:13:00,Bengaluru,4
Pothole #2374,Causes skidding,12.981083,77.746532,user374,2025-08-17T00:08:00,Bengaluru,5
Pothole #2375,Needs repair,12.881567,77.630734,user375,2025-08-18T23:05:00,Bengaluru,3
Pothole #2376,Damaged patch,13.015449,77.560306,user376,2025-02-09T13:03:00,Bengaluru,4
Pothole #2377,Damaged patch,12.989219,77.744981,user377,2025-06-26T01:51:00,Bengaluru,4
Pothole #2378,Deep hole,12.973195,77.691035,user378,2025-11-24T08:54:00,Bengaluru,1
Pothole #2379,Needs repair,12.859436,77.62103,user379,2025-01-13T18:48:00,Bengaluru,1
Pothole #2380,Crater-like,12.898654,77.633954,user380,2025-09-10T18:12:00,Bengaluru,3
Pothole #2381,Small crack,12.973799,77.51298,user381,2025-10-02T00:43:00,Bengaluru,5
Pothole #2382,Needs repair,12.871336,77.513329,user382,2025-03-13T18:27:00,Bengaluru,2
Pothole #2383,Small crack,12.946597,77.580146,user383,2025-10-02T06:56:00,Bengaluru,5
Pothole #2384,Small crack,12.944134,77.591349,user384,2025-10-05T17:15:00,Bengaluru,4
Pothole #2385,Crater-like,13.031047,77.603541,user385,2025-03-23T11:17:00,Bengaluru,2
Pothole #2386,Deep hole,13.005204,77.606718,user386,2025-07-07T05:45:00,Bengaluru,5
Pothole #2387,Deep hole,13.020215,77.616273,user387,2025-05-03T11:01:00,Bengaluru,2
Pothole #2388,Causes skidding,12.913387,77.571878,user388,2025-07-22T12:30:00,Bengaluru,5
Pothole #2389,Small crack,12.852665,77.54609,user389,2025-01-18T03:33:00,Bengaluru,3
Pothole #2390,Deep hole,12.965273,77.526884,user390,2025-02-11T03:19:00,Bengaluru,2
Pothole #2391,Small crack,12.920478,77.650982,user391,2025-10-10T00:46:00,Bengaluru,1
Pothole #2392,Crater-like,12.878364,77.693929,user392,2025-03-26T14:41:00,Bengaluru,2
Pothole #2393,Needs repair,12.964756,77.709105,user393,2025-06-04T05:24:00,Bengaluru,2
Pothole #2394,Damaged patch,12.898307,77.526957,user394,2025-06-18T12:16:00,Bengaluru,2
Pothole #2395,Causes skidding,12.965175,77.641581,user395,2025-03-11T06:37:00,Bengaluru,4
Pothole #2396,Deep hole,12.938734,77.58411,user396,2025-01-07T01:26:00,Bengaluru,3
Pothole #2397,Needs repair,12.892558,77.518603,user397,2025-07-13T02:17:00,Bengaluru,5
Pothole #2398,Needs repair,12.940921,77.57254,user398,2025-02-22T03:55:00,Bengaluru,2
Pothole #2399,Needs repair,12.948767,77.512986,user399,2025-11-21T12:36:00,Bengaluru,4
Pothole #2400,Damaged patch,12.901846,77.683259,user400,2025-06-18T23:10:00,Bengaluru,1
Pothole #2401,Needs repair,12.989445,77.608097,user401,2025-06-15T08:59:00,Bengaluru,3
Pothole #2402,Damaged patch,12.886248,77.685499,user402,2025-08-06T04:32:00,Bengaluru,2
Pothole #2403,Causes skidding,12.98722,77.719007,user403,2025-09-03T20:25:00,Bengaluru,2
Pothole #2404,Deep hole,12.87136,77.571884,user404,2025-04-19T18:09:00,Bengaluru,4
Pothole #2405,Damaged patch,12.935502,77.509688,user405,2025-04-07T05:08:00,Bengaluru,3
Pothole #2406,Damaged patch,12.946072,77.71204,user406,2025-03-24T23:45:00,Bengaluru,1
Pothole #2407,Deep hole,12.863391,77.702914,user407,2025-09-08T09:11:00,Bengaluru,5
Pothole #2408,Causes skidding,13.006239,77.711923,user408,2025-05-18T00:05:00,Bengaluru,5
Pothole #2409,Damaged patch,12.982745,77.537108,user409,2025-01-12T21:57:00,Bengaluru,5
Pothole #2410,Causes skidding,12.904108,77.526898,user410,2025-03-26T00:32:00,Bengaluru,5
Pothole #2411,Deep hole,12.889143,77.723078,user411,2025-01-06T19:05:00,Bengaluru,1
Pothole #2412,Small crack,12.94682,77.552149,user412,2025-07-28T03:10:00,Bengaluru,5
Pothole #2413,Needs repair,12.853535,77.535511,user413,2025-01-20T04:06:00,Bengaluru,2
Pothole #2414,Deep hole,12.984138,77.515448,user414,2025-09-15T06:27:00,Bengaluru,1
Pothole #2415,Damaged patch,12.991758,77.648461,user415,2025-08-02T16:34:00,Bengaluru,4
Pothole #2416,Crater-like,12.954641,77.628984,user416,2025-02-22T07:38:00,Bengaluru,4
Pothole #2417,Small crack,12.890484,77.691585,user417,2025-06-21T08:29:00,Bengaluru,3
Pothole #2418,Needs repair,12.929386,77.56172,user418,2025-06-07T22:37:00,Bengaluru,5
Pothole #2419,Needs repair,13.043579,77.533362,user419,2025-11-23T13:08:00,Bengaluru,1
Pothole #2420,Small crack,13.029563,77.631001,user420,2025-10-28T12:04:00,Bengaluru,3
Pothole #2421,Deep hole,12.872332,77.71437,user421,2025-09-15T16:42:00,Bengaluru,4
Pothole #2422,Causes skidding,12.975303,77.539707,user422,2025-03-01T03:27:00,Bengaluru,3
Pothole #2423,Damaged patch,12.925505,77.559316,user423,2025-04-25T10:59:00,Bengaluru,3
Pothole #2424,Needs repair,13.028579,77.624188,user424,2025-07-22T13:09:00,Bengaluru,4
Pothole #2425,Damaged patch,13.020463,77.529536,user425,2025-04-05T02:47:00,Bengaluru,1
Pothole #2426,Deep hole,12.984554,77.628593,user426,2025-11-20T06:46:00,Bengaluru,5
Pothole #2427,Damaged patch,12.971035,77.566484,user427,2025-04-25T09:10:00,Bengaluru,3
Pothole #2428,Deep hole,12.91652,77.550419,user428,2025-06-21T03:37:00,Bengaluru,3
Pothole #2429,Deep hole,13.030874,77.51796,user429,2025-01-06T23:31:00,Bengaluru,5
Pothole #2430,Needs repair,12.884758,77.516923,user430,2025-10-21T11:29:00,Bengaluru,3
Pothole #2431,Damaged patch,13.046531,77.593075,user431,2025-11-25T21:08:00,Bengaluru,4
Pothole #2432,Crater-like,13.013601,77.537784,user432,2025-02-03T18:14:00,Bengaluru,3
Pothole #2433,Small crack,12.916958,77.533577,user433,2025-03-25T23:40:00,Bengaluru,5
Pothole #2434,Causes skidding,13.03761,77.532371,user434,2025-01-20T23:53:00,Bengaluru,3
Pothole #2435,Causes skidding,12.89711,77.743249,user435,2025-02-06T09:25:00,Bengaluru,5
Pothole #2436,Causes skidding,13.016275,77.661136,user436,2025-06-26T07:53:00,Bengaluru,3
Pothole #2437,Crater-like,13.029794,77.539354,user437,2025-01-02T17:49:00,Bengaluru,4
Pothole #2438,Damaged patch,12.852948,77.535835,user438,2025-04-04T03:46:00,Bengaluru,1
Pothole #2439,Crater-like,12.89978,77.666614,user439,2025-06-26T15:05:00,Bengaluru,2
Pothole #2440,Causes skidding,13.007198,77.512037,user440,2025-09-02T06:12:00,Bengaluru,1
Pothole #2441,Needs repair,12.892988,77.555714,user441,2025-07-18T00:18:00,Bengaluru,3
Pothole #2442,Small crack,13.044155,77.503248,user442,2025-04-12T17:06:00,Bengaluru,1
Pothole #2443,Needs repair,12.972122,77.699189,user443,2025-04-16T20:38:00,Bengaluru,3
Pothole #2444,Crater-like,12.992814,77.678607,user444,2025-05-14T06:25:00,Bengaluru,3
Pothole #2445,Damaged patch,12.873736,77.516265,user445,2025-01-26T04:00:00,Bengaluru,2
Pothole #2446,Deep hole,12.982361,77.551214,user446,2025-07-02T07:21:00,Bengaluru,4
Pothole #2447,Small crack,13.042078,77.537066,user447,2025-08-07T15:38:00,Bengaluru,1
Pothole #2448,Damaged patch,12.963746,77.691183,user448,2025-06-27T19:44:00,Bengaluru,1
Pothole #2449,Deep hole,12.957478,77.619965,user449,2025-11-08T22:40:00,Bengaluru,3
Pothole #2450,Needs repair,12.977785,77.636398,user450,2025-05-13T11:49:00,Bengaluru,4
Pothole #2451,Damaged patch,13.017889,77.564276,user451,2025-11-07T00:18:00,Bengaluru,5
Pothole #2452,Causes skidding,12.88754,77.675326,user452,2025-11-10T18:17:00,Bengaluru,3
Pothole #2453,Causes skidding,12.958749,77.691423,user453,2025-02-16T07:46:00,Bengaluru,2
Pothole #2454,Needs repair,13.018775,77.602185,user454,2025-04-20T16:13:00,Bengaluru,4
Pothole #2455,Crater-like,12.925105,77.627756,user455,2025-09-09T10:38:00,Bengaluru,3
Pothole #2456,Causes skidding,12.892872,77.51577,user456,2025-03-15T17:41:00,Bengaluru,1
Pothole #2457,Deep hole,12.878562,77.687498,user457,2025-10-04T17:36:00,Bengaluru,5
Pothole #2458,Crater-like,13.049514,77.708456,user458,2025-08-14T22:48:00,Bengaluru,5
Pothole #2459,Needs repair,12.962573,77.68759,user459,2025-11-22T21:40:00,Bengaluru,3
Pothole #2460,Damaged patch,12.998341,77.723366,user460,2025-10-12T11:49:00,Bengaluru,2
Pothole #2461,Deep hole,13.032195,77.605658,user461,2025-03-17T22:18:00,Bengaluru,3
Pothole #2462,Causes skidding,12.922186,77.506251,user462,2025-01-14T14:36:00,Bengaluru,4
Pothole #2463,Small crack,12.881141,77.74706,user463,2025-03-12T17:36:00,Bengaluru,4
Pothole #2464,Damaged patch,12.940396,77.593197,user464,2025-08-08T05:53:00,Bengaluru,1
Pothole #2465,Causes skidding,12.931368,77.731309,user465,2025-03-08T05:57:00,Bengaluru,5
Pothole #2466,Deep hole,13.010618,77.53535,user466,2025-10-15T04:38:00,Bengaluru,5
Pothole #2467,Crater-like,12.890147,77.63742,user467,2025-07-28T04:47:00,Bengaluru,2
Pothole #2468,Damaged patch,12.85459,77.554226,user468,2025-02-05T03:32:00,Bengaluru,5
Pothole #2469,Crater-like,12.880677,77.51653,user469,2025-08-21T07:24:00,Bengaluru,2
Pothole #2470,Deep hole,12.971803,77.557024,user470,2025-08-03T03:24:00,Bengaluru,5
Pothole #2471,Needs repair,12.954827,77.513471,user471,2025-04-08T07:09:00,Bengaluru,3
Pothole #2472,Needs repair,12.981295,77.674076,user472,2025-03-16T02:30:00,Bengaluru,5
Pothole #2473,Crater-like,13.002992,77.696205,user473,2025-03-18T06:16:00,Bengaluru,1
Pothole #2474,Crater-like,12.939287,77.554237,user474,2025-11-17T16:31:00,Bengaluru,5
Pothole #2475,Crater-like,12.872447,77.569853,user475,2025-07-10T08:24:00,Bengaluru,3
Pothole #2476,Small crack,13.01159,77.57233,user476,2025-02-12T22:50:00,Bengaluru,5
Pothole #2477,Damaged patch,12.932234,77.582121,user477,2025-09-21T09:52:00,Bengaluru,5
Pothole #2478,Causes skidding,12.996474,77.618886,user478,2025-10-14T05:22:00,Bengaluru,5
Pothole #2479,Needs repair,12.981479,77.597165,user479,2025-07-08T11:14:00,Bengaluru,4
Pothole #2480,Needs repair,13.031722,77.508401,user480,2025-10-24T05:24:00,Bengaluru,4
Pothole #2481,Crater-like,13.048409,77.68002,user481,2025-03-21T10:53:00,Bengaluru,3
Pothole #2482,Deep hole,12.900631,77.746914,user482,2025-08-02T08:18:00,Bengaluru,1
Pothole #2483,Deep hole,13.012179,77.740601,user483,2025-11-12T01:37:00,Bengaluru,2
Pothole #2484,Needs repair,12.89437,77.526334,user484,2025-09-26T07:36:00,Bengaluru,3
Pothole #2485,Causes skidding,12.930745,77.721391,user485,2025-01-01T21:39:00,Bengaluru,4
Pothole #2486,Small crack,12.87893,77.723504,user486,2025-03-12T10:43:00,Bengaluru,1
Pothole #2487,Crater-like,13.004788,77.607742,user487,2025-06-13T10:04:00,Bengaluru,2
Pothole #2488,Crater-like,13.024915,77.518225,user488,2025-03-27T04:10:00,Bengaluru,2
Pothole #2489,Deep hole,12.958379,77.582692,user489,2025-04-01T21:20:00,Bengaluru,1
Pothole #2490,Crater-like,12.914647,77.521165,user490,2025-01-26T06:42:00,Bengaluru,2
Pothole #2491,Damaged patch,12.864444,77.690438,user491,2025-03-19T01:20:00,Bengaluru,1
Pothole #2492,Deep hole,12.923032,77.714722,user492,2025-07-04T02:11:00,Bengaluru,5
Pothole #2493,Small crack,12.8756,77.531722,user493,2025-06-21T01:49:00,Bengaluru,2
Pothole #2494,Causes skidding,12.905398,77.698377,user494,2025-11-17T01:04:00,Bengaluru,3
Pothole #2495,Crater-like,12.942282,77.584918,user495,2025-04-01T20:14:00,Bengaluru,3
Pothole #2496,Needs repair,12.952261,77.65296,user496,2025-11-15T08:41:00,Bengaluru,1
Pothole #2497,Deep hole,12.993614,77.580645,user497,2025-01-19T08:12:00,Bengaluru,2
Pothole #2498,Needs repair,12.857503,77.551741,user498,2025-05-07T02:38:00,Bengaluru,4
Pothole #2499,Crater-like,13.003486,77.544869,user499,2025-04-18T10:11:00,Bengaluru,5
Pothole #2500,Needs repair,12.959531,77.664402,user0,2025-09-04T20:16:00,Bengaluru,5
Pothole #2501,Crater-like,12.954106,77.673776,user1,2025-03-04T23:37:00,Bengaluru,1
Pothole #2502,Deep hole,12.90008,77.617173,user2,2025-02-23T06:53:00,Bengaluru,2
Pothole #2503,Needs repair,12.872798,77.673835,user3,2025-03-16T07:34:00,Bengaluru,1
Pothole #2504,Damaged patch,12.908837,77.698372,user4,2025-11-01T15:53:00,Bengaluru,2
Pothole #2505,Damaged patch,13.003024,77.504627,user5,2025-05-04T00:08:00,Bengaluru,4
Pothole #2506,Damaged patch,12.851519,77.585294,user6,2025-03-15T11:04:00,Bengaluru,3
Pothole #2507,Causes skidding,12.936801,77.508152,user7,2025-02-05T11:08:00,Bengaluru,1
Pothole #2508,Damaged patch,13.019112,77.501241,user8,2025-05-23T22:12:00,Bengaluru,1
Pothole #2509,Damaged patch,12.932701,77.590346,user9,2025-10-10T06:55:00,Bengaluru,1
Pothole #2510,Damaged patch,13.042637,77.606128,user10,2025-03-22T08:02:00,Bengaluru,1
Pothole #2511,Small crack,13.021723,77.605128,user11,2025-11-28T03:24:00,Bengaluru,3
Pothole #2512,Crater-like,12.973547,77.722335,user12,2025-11-22T17:30:00,Bengaluru,4
Pothole #2513,Deep hole,12.854211,77.50161,user13,2025-03-24T10:01:00,Bengaluru,4
Pothole #2514,Deep hole,12.897289,77.611268,user14,2025-06-03T10:34:00,Bengaluru,1
Pothole #2515,Crater-like,12.972782,77.53762,user15,2025-01-12T13:47:00,Bengaluru,1
Pothole #2516,Causes skidding,12.892489,77.532581,user16,2025-10-16T22:31:00,Bengaluru,2
Pothole #2517,Deep hole,12.993414,77.716862,user17,2025-07-01T06:12:00,Bengaluru,2
Pothole #2518,Damaged patch,12.920239,77.639219,user18,2025-02-10T11:02:00,Bengaluru,2
Pothole #2519,Damaged patch,13.041994,77.725246,user19,2025-10-05T22:30:00,Bengaluru,4
Pothole #2520,Causes skidding,12.935811,77.718643,user20,2025-06-26T03:56:00,Bengaluru,5
Pothole #2521,Crater-like,12.996502,77.555913,user21,2025-06-25T03:29:00,Bengaluru,3
Pothole #2522,Needs repair,12.910344,77.604362,user22,2025-05-25T05:21:00,Bengaluru,1
Pothole #2523,Damaged patch,12.969711,77.663025,user23,2025-02-05T13:54:00,Bengaluru,1
Pothole #2524,Needs repair,12.896378,77.55178,user24,2025-04-10T05:53:00,Bengaluru,1
Pothole #2525,Deep hole,13.027758,77.568708,user25,2025-10-05T11:55:00,Bengaluru,2
Pothole #2526,Causes skidding,12.953003,77.581013,user26,2025-10-28T19:36:00,Bengaluru,2
Pothole #2527,Causes skidding,12.878495,77.732321,user27,2025-05-24T03:27:00,Bengaluru,3
Pothole #2528,Deep hole,12.944305,77.73449,user28,2025-04-23T17:55:00,Bengaluru,5
Pothole #2529,Needs repair,13.005772,77.74587,user29,2025-11-05T18:00:00,Bengaluru,5
Pothole #2530,Deep hole,12.936133,77.517335,user30,2025-06-19T18:52:00,Bengaluru,1
Pothole #2531,Causes skidding,12.918928,77.573987,user31,2025-11-18T01:28:00,Bengaluru,3
Pothole #2532,Causes skidding,12.915463,77.521096,user32,2025-10-03T07:53:00,Bengaluru,2
Pothole #2533,Small crack,12.979317,77.659195,user33,2025-03-18T05:32:00,Bengaluru,3
Pothole #2534,Damaged patch,12.992238,77.564172,user34,2025-05-27T05:07:00,Bengaluru,5
Pothole #2535,Damaged patch,13.011188,77.681283,user35,2025-07-26T08:47:00,Bengaluru,3
Pothole #2536,Small crack,12.945602,77.727543,user36,2025-07-16T01:11:00,Bengaluru,1
Pothole #2537,Needs repair,12.879117,77.54307,user37,2025-11-14T14:41:00,Bengaluru,5
Pothole #2538,Damaged patch,12.929831,77.712025,user38,2025-11-04T03:19:00,Bengaluru,4
Pothole #2539,Deep hole,12.871286,77.602943,user39,2025-09-26T18:30:00,Bengaluru,3
Pothole #2540,Causes skidding,13.013648,77.678892,user40,2025-03-06T20:55:00,Bengaluru,1
Pothole #2541,Crater-like,13.025576,77.681748,user41,2025-01-08T06:06:00,Bengaluru,1
Pothole #2542,Deep hole,12.980684,77.653144,user42,2025-04-22T18:45:00,Bengaluru,4
Pothole #2543,Needs repair,12.942855,77.515516,user43,2025-11-02T03:48:00,Bengaluru,5
Pothole #2544,Small crack,12.865915,77.521471,user44,2025-03-21T14:59:00,Bengaluru,3
Pothole #2545,Deep hole,12.913576,77.536627,user45,2025-05-08T05:13:00,Bengaluru,2
Pothole #2546,Causes skidding,13.027026,77.500585,user46,2025-07-18T07:21:00,Bengaluru,5
Pothole #2547,Damaged patch,12.925303,77.669231,user47,2025-11-27T18:57:00,Bengaluru,5
Pothole #2548,Deep hole,12.998914,77.595755,user48,2025-02-06T11:20:00,Bengaluru,4
Pothole #2549,Deep hole,12.94841,77.749186,user49,2025-11-27T22:46:00,Bengaluru,2
Pothole #2550,Small crack,12.940556,77.697618,user50,2025-02-18T03:41:00,Bengaluru,3
Pothole #2551,Damaged patch,13.04691,77.729987,user51,2025-05-06T10:40:00,Bengaluru,5
Pothole #2552,Damaged patch,12.918849,77.586605,user52,2025-10-04T08:02:00,Bengaluru,5
Pothole #2553,Needs repair,12.879362,77.708891,user53,2025-09-04T21:36:00,Bengaluru,5
Pothole #2554,Damaged patch,12.943107,77.699188,user54,2025-03-21T08:04:00,Bengaluru,2
Pothole #2555,Crater-like,13.0416,77.699708,user55,2025-11-03T14:29:00,Bengaluru,4
Pothole #2556,Causes skidding,12.997196,77.730419,user56,2025-09-16T18:00:00,Bengaluru,4
Pothole #2557,Crater-like,12.876123,77.607892,user57,2025-08-19T22:58:00,Bengaluru,1
Pothole #2558,Causes skidding,13.037054,77.518935,user58,2025-07-13T22:07:00,Bengaluru,5
Pothole #2559,Damaged patch,12.859999,77.661688,user59,2025-11-05T04:55:00,Bengaluru,2
Pothole #2560,Damaged patch,12.852339,77.595967,user60,2025-06-23T16:12:00,Bengaluru,1
Pothole #2561,Needs repair,12.881631,77.519633,user61,2025-05-04T13:04:00,Bengaluru,4
Pothole #2562,Small crack,13.021661,77.508912,user62,2025-09-09T04:28:00,Bengaluru,1
Pothole #2563,Causes skidding,12.925823,77.528998,user63,2025-02-09T00:57:00,Bengaluru,2
Pothole #2564,Crater-like,13.027315,77.501027,user64,2025-02-09T13:16:00,Bengaluru,4
Pothole #2565,Damaged patch,12.965382,77.62829,user65,2025-04-13T18:10:00,Bengaluru,3
Pothole #2566,Small crack,13.02575,77.523778,user66,2025-08-11T11:56:00,Bengaluru,2
Pothole #2567,Causes skidding,12.940535,77.62319,user67,2025-08-26T07:33:00,Bengaluru,2
Pothole #2568,Deep hole,12.863746,77.588176,user68,2025-10-06T16:50:00,Bengaluru,5
Pothole #2569,Causes skidding,12.960792,77.670404,user69,2025-01-06T12:27:00,Bengaluru,1
Pothole #2570,Crater-like,12.858146,77.657713,user70,2025-05-05T01:57:00,Bengaluru,1
Pothole #2571,Small crack,13.038585,77.675991,user71,2025-11-07T13:35:00,Bengaluru,3
Pothole #2572,Deep hole,12.894748,77.731826,user72,2025-03-04T02:15:00,Bengaluru,3
Pothole #2573,Small crack,12.867419,77.652672,user73,2025-04-07T06:35:00,Bengaluru,2
Pothole #2574,Needs repair,12.993964,77.680527,user74,2025-11-04T21:13:00,Bengaluru,2
Pothole #2575,Crater-like,13.049525,77.517256,user75,2025-10-21T22:54:00,Bengaluru,2
Pothole #2576,Needs repair,12.997747,77.672396,user76,2025-08-02T01:49:00,Bengaluru,2
Pothole #2577,Small crack,12.884836,77.632353,user77,2025-04-15T12:03:00,Bengaluru,3
Pothole #2578,Crater-like,12.873403,77.671286,user78,2025-04-13T18:22:00,Bengaluru,4
Pothole #2579,Causes skidding,13.015105,77.587347,user79,2025-04-05T03:25:00,Bengaluru,2
Pothole #2580,Crater-like,12.904516,77.615915,user80,2025-04-20T20:30:00,Bengaluru,3
Pothole #2581,Needs repair,12.867944,77.738015,user81,2025-05-16T23:27:00,Bengaluru,5
Pothole #2582,Deep hole,12.976518,77.525969,user82,2025-10-28T01:56:00,Bengaluru,5
Pothole #2583,Crater-like,12.976956,77.709268,user83,2025-08-27T01:33:00,Bengaluru,4
Pothole #2584,Deep hole,13.02373,77.640119,user84,2025-03-07T16:31:00,Bengaluru,1
Pothole #2585,Deep hole,12.878755,77.507877,user85,2025-04-21T03:37:00,Bengaluru,2
Pothole #2586,Small crack,12.954467,77.505683,user86,2025-03-13T20:28:00,Bengaluru,4
Pothole #2587,Crater-like,12.926778,77.527382,user87,2025-06-23T11:33:00,Bengaluru,1
Pothole #2588,Deep hole,12.862736,77.71251,user88,2025-03-25T17:20:00,Bengaluru,1
Pothole #2589,Damaged patch,13.042112,77.518008,user89,2025-04-09T15:42:00,Bengaluru,2
Pothole #2590,Deep hole,12.871169,77.607624,user90,2025-06-19T20:09:00,Bengaluru,1
Pothole #2591,Deep hole,12.91127,77.729436,user91,2025-06-05T09:36:00,Bengaluru,4
Pothole #2592,Needs repair,12.988867,77.743212,user92,2025-06-07T21:46:00,Bengaluru,4
Pothole #2593,Causes skidding,12.917134,77.526233,user93,2025-05-24T17:15:00,Bengaluru,3
Pothole #2594,Causes skidding,12.905278,77.512029,user94,2025-09-12T10:57:00,Bengaluru,4
Pothole #2595,Crater-like,12.891773,77.509408,user95,2025-09-14T20:39:00,Bengaluru,4
Pothole #2596,Causes skidding,13.032425,77.529981,user96,2025-07-16T03:55:00,Bengaluru,5
Pothole #2597,Crater-like,12.930557,77.619848,user97,2025-01-06T13:10:00,Bengaluru,3
Pothole #2598,Deep hole,12.868047,77.73861,user98,2025-08-18T05:42:00,Bengaluru,1
Pothole #2599,Crater-like,12.970332,77.744274,user99,2025-01-21T18:52:00,Bengaluru,1
Pothole #2600,Causes skidding,13.008085,77.713086,user100,2025-01-03T17:13:00,Bengaluru,3
Pothole #2601,Deep hole,13.02695,77.622277,user101,2025-02-06T03:22:00,Bengaluru,3
Pothole #2602,Causes skidding,12.99039,77.622413,user102,2025-03-25T04:44:00,Bengaluru,4
Pothole #2603,Needs repair,12.903885,77.646626,user103,2025-11-26T01:44:00,Bengaluru,3
Pothole #2604,Crater-like,12.953158,77.565952,user104,2025-09-20T06:42:00,Bengaluru,4
Pothole #2605,Deep hole,13.046321,77.637358,user105,2025-09-11T23:21:00,Bengaluru,3
Pothole #2606,Causes skidding,12.880436,77.549475,user106,2025-03-19T18:07:00,Bengaluru,5
Pothole #2607,Deep hole,13.036932,77.581542,user107,2025-07-24T12:37:00,Bengaluru,1
Pothole #2608,Damaged patch,12.920221,77.583732,user108,2025-08-07T02:52:00,Bengaluru,1
Pothole #2609,Causes skidding,12.958708,77.679837,user109,2025-01-16T17:39:00,Bengaluru,1
Pothole #2610,Needs repair,13.001971,77.670204,user110,2025-04-19T06:38:00,Bengaluru,2
Pothole #2611,Needs repair,12.947023,77.512871,user111,2025-07-04T18:43:00,Bengaluru,1
Pothole #2612,Crater-like,12.884238,77.505065,user112,2025-02-11T13:56:00,Bengaluru,2
Pothole #2613,Crater-like,12.90836,77.549502,user113,2025-08-21T16:08:00,Bengaluru,2
Pothole #2614,Crater-like,12.963347,77.604032,user114,2025-08-19T02:10:00,Bengaluru,1
Pothole #2615,Crater-like,12.873243,77.527087,user115,2025-10-28T14:36:00,Bengaluru,2
Pothole #2616,Small crack,13.007099,77.547466,user116,2025-11-10T21:13:00,Bengaluru,1
Pothole #2617,Crater-like,12.867347,77.601558,user117,2025-07-21T20:57:00,Bengaluru,4
Pothole #2618,Causes skidding,12.984766,77.624268,user118,2025-05-11T22:34:00,Bengaluru,2
Pothole #2619,Needs repair,12.986927,77.605781,user119,2025-10-19T14:23:00,Bengaluru,4
Pothole #2620,Small crack,13.022517,77.624476,user120,2025-05-23T00:40:00,Bengaluru,4
Pothole #2621,Deep hole,12.987039,77.55217,user121,2025-06-25T05:18:00,Bengaluru,4
Pothole #2622,Needs repair,12.926068,77.668044,user122,2025-04-09T08:49:00,Bengaluru,2
Pothole #2623,Deep hole,12.894354,77.550893,user123,2025-10-23T01:37:00,Bengaluru,3
Pothole #2624,Causes skidding,12.916659,77.694272,user124,2025-06-27T08:46:00,Bengaluru,1
Pothole #2625,Small crack,13.028439,77.650676,user125,2025-04-26T13:25:00,Bengaluru,1
Pothole #2626,Deep hole,12.925862,77.560356,user126,2025-09-05T05:40:00,Bengaluru,5
Pothole #2627,Deep hole,12.950291,77.507716,user127,2025-01-15T23:12:00,Bengaluru,4
Pothole #2628,Causes skidding,12.886266,77.575859,user128,2025-04-04T09:08:00,Bengaluru,1
Pothole #2629,Crater-like,12.876744,77.667037,user129,2025-05-25T00:34:00,Bengaluru,3
Pothole #2630,Needs repair,12.880237,77.547309,user130,2025-04-26T04:30:00,Bengaluru,4
Pothole #2631,Crater-like,13.037911,77.689639,user131,2025-08-16T23:44:00,Bengaluru,2
Pothole #2632,Damaged patch,12.867571,77.744233,user132,2025-01-07T02:49:00,Bengaluru,3
Pothole #2633,Crater-like,12.964454,77.603804,user133,2025-07-13T22:05:00,Bengaluru,1
Pothole #2634,Crater-like,13.039783,77.573932,user134,2025-09-11T15:53:00,Bengaluru,1
Pothole #2635,Needs repair,12.903085,77.593055,user135,2025-05-20T12:08:00,Bengaluru,1
Pothole #2636,Needs repair,12.970222,77.637057,user136,2025-05-07T06:29:00,Bengaluru,2
Pothole #2637,Small crack,12.974791,77.682855,user137,2025-02-10T05:48:00,Bengaluru,3
Pothole #2638,Causes skidding,13.041836,77.613791,user138,2025-03-04T07:06:00,Bengaluru,3
Pothole #2639,Small crack,12.925072,77.669634,user139,2025-04-23T07:40:00,Bengaluru,5
Pothole #2640,Causes skidding,13.007443,77.706113,user140,2025-10-01T16:21:00,Bengaluru,2
Pothole #2641,Small crack,12.965755,77.572911,user141,2025-01-08T05:41:00,Bengaluru,3
Pothole #2642,Deep hole,12.961254,77.600096,user142,2025-05-02T18:51:00,Bengaluru,3
Pothole #2643,Deep hole,13.018304,77.566229,user143,2025-04-22T11:17:00,Bengaluru,1
Pothole #2644,Causes skidding,12.896091,77.637448,user144,2025-02-25T00:34:00,Bengaluru,5
Pothole #2645,Small crack,12.995913,77.587867,user145,2025-02-08T03:41:00,Bengaluru,5
Pothole #2646,Small crack,12.972179,77.610284,user146,2025-01-08T10:19:00,Bengaluru,3
Pothole #2647,Crater-like,12.904385,77.587196,user147,2025-10-20T13:02:00,Bengaluru,2
Pothole #2648,Causes skidding,12.934607,77.558515,user148,2025-07-25T04:11:00,Bengaluru,3
Pothole #2649,Damaged patch,12.980712,77.678843,user149,2025-02-08T22:58:00,Bengaluru,3
Pothole #2650,Crater-like,12.956449,77.563849,user150,2025-10-26T08:35:00,Bengaluru,3
Pothole #2651,Damaged patch,12.864195,77.585496,user151,2025-05-09T11:30:00,Bengaluru,4
Pothole #2652,Damaged patch,12.99656,77.502336,user152,2025-05-24T20:07:00,Bengaluru,2
Pothole #2653,Crater-like,12.886381,77.623277,user153,2025-05-24T17:57:00,Bengaluru,1
Pothole #2654,Deep hole,12.979632,77.534413,user154,2025-07-05T09:39:00,Bengaluru,2
Pothole #2655,Deep hole,13.000571,77.552466,user155,2025-03-23T20:28:00,Bengaluru,1
Pothole #2656,Crater-like,12.990661,77.684986,user156,2025-06-06T07:47:00,Bengaluru,1
Pothole #2657,Causes skidding,12.872592,77.518657,user157,2025-02-24T22:09:00,Bengaluru,4
Pothole #2658,Deep hole,12.977738,77.617139,user158,2025-01-01T12:50:00,Bengaluru,3
Pothole #2659,Deep hole,12.899763,77.596766,user159,2025-05-05T15:45:00,Bengaluru,3
Pothole #2660,Damaged patch,12.867269,77.514138,user160,2025-01-02T23:04:00,Bengaluru,1
Pothole #2661,Small crack,13.000028,77.576928,user161,2025-07-10T06:58:00,Bengaluru,2
Pothole #2662,Small crack,12.860403,77.627128,user162,2025-01-01T16:00:00,Bengaluru,2
Pothole #2663,Small crack,12.924402,77.685107,user163,2025-01-14T04:49:00,Bengaluru,1
Pothole #2664,Deep hole,13.017517,77.67034,user164,2025-01-11T15:21:00,Bengaluru,4
Pothole #2665,Small crack,13.04197,77.714878,user165,2025-07-08T18:05:00,Bengaluru,3
Pothole #2666,Needs repair,12.996197,77.683125,user166,2025-04-11T04:46:00,Bengaluru,2
Pothole #2667,Needs repair,12.917461,77.630995,user167,2025-03-12T10:13:00,Bengaluru,4
Pothole #2668,Causes skidding,12.886685,77.514768,user168,2025-03-01T17:16:00,Bengaluru,3
Pothole #2669,Needs repair,12.945184,77.619565,user169,2025-08-17T16:00:00,Bengaluru,4
Pothole #2670,Small crack,13.010978,77.530244,user170,2025-06-12T02:33:00,Bengaluru,4
Pothole #2671,Crater-like,12.999289,77.672286,user171,2025-11-20T10:45:00,Bengaluru,5
Pothole #2672,Small crack,13.016644,77.627532,user172,2025-03-19T09:56:00,Bengaluru,2
Pothole #2673,Small crack,12.867809,77.666313,user173,2025-02-13T21:52:00,Bengaluru,3
Pothole #2674,Deep hole,13.003779,77.620793,user174,2025-06-09T01:38:00,Bengaluru,1
Pothole #2675,Causes skidding,12.942404,77.619624,user175,2025-09-22T02:13:00,Bengaluru,1
Pothole #2676,Causes skidding,12.992979,77.723259,user176,2025-03-15T11:59:00,Bengaluru,3
Pothole #2677,Crater-like,12.895079,77.590172,user177,2025-07-09T02:02:00,Bengaluru,2
Pothole #2678,Deep hole,12.981145,77.565829,user178,2025-07-22T02:22:00,Bengaluru,5
Pothole #2679,Deep hole,12.885296,77.654853,user179,2025-06-26T17:14:00,Bengaluru,1
Pothole #2680,Crater-like,12.991971,77.574862,user180,2025-02-07T10:00:00,Bengaluru,2
Pothole #2681,Small crack,13.040687,77.597874,user181,2025-09-08T11:40:00,Bengaluru,2
Pothole #2682,Deep hole,13.027506,77.529027,user182,2025-05-20T15:18:00,Bengaluru,5
Pothole #2683,Deep hole,12.946925,77.578498,user183,2025-02-16T12:06:00,Bengaluru,1
Pothole #2684,Deep hole,12.866108,77.61141,user184,2025-11-13T05:00:00,Bengaluru,5
Pothole #2685,Damaged patch,12.948381,77.588373,user185,2025-08-08T03:32:00,Bengaluru,4
Pothole #2686,Deep hole,12.983522,77.569275,user186,2025-01-07T14:38:00,Bengaluru,2
Pothole #2687,Small crack,12.850176,77.626427,user187,2025-02-09T03:22:00,Bengaluru,3
Pothole #2688,Small crack,12.977131,77.525708,user188,2025-11-09T15:52:00,Bengaluru,2
Pothole #2689,Deep hole,12.963349,77.550344,user189,2025-04-21T02:24:00,Bengaluru,2
Pothole #2690,Damaged patch,13.002711,77.718405,user190,2025-02-11T07:41:00,Bengaluru,4
Pothole #2691,Damaged patch,12.913749,77.526836,user191,2025-01-11T22:13:00,Bengaluru,3
Pothole #2692,Causes skidding,12.868167,77.539866,user192,2025-02-07T07:00:00,Bengaluru,3
Pothole #2693,Causes skidding,13.029666,77.637245,user193,2025-08-05T10:02:00,Bengaluru,5
Pothole #2694,Damaged patch,12.962654,77.696593,user194,2025-10-10T23:45:00,Bengaluru,5
Pothole #2695,Causes skidding,12.979578,77.696519,user195,2025-08-22T00:59:00,Bengaluru,4
Pothole #2696,Damaged patch,12.893845,77.689286,user196,2025-06-27T22:40:00,Bengaluru,1
Pothole #2697,Causes skidding,13.020436,77.513802,user197,2025-11-01T22:22:00,Bengaluru,1
Pothole #2698,Needs repair,13.021403,77.607652,user198,2025-02-18T10:24:00,Bengaluru,3
Pothole #2699,Causes skidding,12.881443,77.702934,user199,2025-08-22T07:56:00,Bengaluru,4
Pothole #2700,Crater-like,12.969928,77.748072,user200,2025-02-09T12:46:00,Bengaluru,4
Pothole #2701,Needs repair,12.922953,77.66894,user201,2025-04-05T05:11:00,Bengaluru,2
Pothole #2702,Damaged patch,12.881848,77.717009,user202,2025-02-22T02:08:00,Bengaluru,3
Pothole #2703,Deep hole,12.966011,77.74427,user203,2025-05-23T15:10:00,Bengaluru,5
Pothole #2704,Deep hole,12.898596,77.562018,user204,2025-08-15T13:21:00,Bengaluru,5
Pothole #2705,Damaged patch,12.995758,77.580664,user205,2025-11-25T07:53:00,Bengaluru,1
Pothole #2706,Needs repair,13.026811,77.578543,user206,2025-09-01T09:16:00,Bengaluru,5
Pothole #2707,Small crack,12.969519,77.61705,user207,2025-05-24T08:54:00,Bengaluru,2
Pothole #2708,Causes skidding,13.041331,77.534963,user208,2025-03-20T01:01:00,Bengaluru,3
Pothole #2709,Small crack,13.014279,77.562367,user209,2025-10-08T10:49:00,Bengaluru,1
Pothole #2710,Small crack,12.855608,77.625504,user210,2025-04-11T18:01:00,Bengaluru,1
Pothole #2711,Small crack,12.95629,77.559494,user211,2025-09-09T05:58:00,Bengaluru,5
Pothole #2712,Needs repair,12.950684,77.666278,user212,2025-06-25T20:57:00,Bengaluru,4
Pothole #2713,Damaged patch,12.941095,77.644323,user213,2025-11-20T11:14:00,Bengaluru,5
Pothole #2714,Needs repair,12.903087,77.655615,user214,2025-10-01T10:13:00,Bengaluru,4
Pothole #2715,Causes skidding,12.961342,77.546832,user215,2025-11-08T05:16:00,Bengaluru,5
Pothole #2716,Small crack,12.932057,77.525002,user216,2025-03-18T07:02:00,Bengaluru,1
Pothole #2717,Small crack,12.996058,77.680577,user217,2025-08-27T11:59:00,Bengaluru,1
Pothole #2718,Small crack,13.028759,77.530908,user218,2025-09-08T00:39:00,Bengaluru,4
Pothole #2719,Crater-like,12.968724,77.565194,user219,2025-09-07T06:34:00,Bengaluru,4
Pothole #2720,Small crack,12.967585,77.71134,user220,2025-01-24T01:32:00,Bengaluru,3
Pothole #2721,Small crack,12.931222,77.6264,user221,2025-07-09T16:33:00,Bengaluru,5
Pothole #2722,Needs repair,13.035584,77.597241,user222,2025-04-22T12:05:00,Bengaluru,2
Pothole #2723,Damaged patch,12.994412,77.550066,user223,2025-02-25T09:25:00,Bengaluru,2
Pothole #2724,Deep hole,12.974407,77.545452,user224,2025-07-10T19:01:00,Bengaluru,3
Pothole #2725,Needs repair,12.90208,77.646619,user225,2025-10-25T00:29:00,Bengaluru,3
Pothole #2726,Damaged patch,13.018046,77.613377,user226,2025-08-04T08:12:00,Bengaluru,5
Pothole #2727,Damaged patch,12.946919,77.670301,user227,2025-09-18T14:59:00,Bengaluru,4
Pothole #2728,Crater-like,12.968681,77.672877,user228,2025-05-06T06:18:00,Bengaluru,2
Pothole #2729,Deep hole,12.878577,77.50129,user229,2025-07-08T13:43:00,Bengaluru,3
Pothole #2730,Causes skidding,12.881115,77.514417,user230,2025-03-13T08:52:00,Bengaluru,5
Pothole #2731,Deep hole,12.991155,77.513476,user231,2025-01-18T07:57:00,Bengaluru,5
Pothole #2732,Small crack,12.948474,77.572343,user232,2025-01-22T19:05:00,Bengaluru,5
Pothole #2733,Damaged patch,13.007791,77.632565,user233,2025-01-24T21:50:00,Bengaluru,4
Pothole #2734,Causes skidding,13.035723,77.559101,user234,2025-06-20T00:51:00,Bengaluru,5
Pothole #2735,Needs repair,12.928339,77.603321,user235,2025-09-01T10:33:00,Bengaluru,4
Pothole #2736,Crater-like,12.891385,77.675144,user236,2025-08-11T10:28:00,Bengaluru,5
Pothole #2737,Damaged patch,12.928035,77.557207,user237,2025-03-23T00:56:00,Bengaluru,4
Pothole #2738,Needs repair,13.020116,77.674496,user238,2025-10-07T07:23:00,Bengaluru,1
Pothole #2739,Crater-like,13.019617,77.691855,user239,2025-01-15T00:53:00,Bengaluru,2
Pothole #2740,Crater-like,13.001485,77.599662,user240,2025-05-20T12:10:00,Bengaluru,5
Pothole #2741,Crater-like,13.007319,77.664375,user241,2025-08-10T06:15:00,Bengaluru,4
Pothole #2742,Causes skidding,12.993775,77.744755,user242,2025-02-26T05:56:00,Bengaluru,2
Pothole #2743,Crater-like,12.895632,77.605668,user243,2025-11-26T15:08:00,Bengaluru,5
Pothole #2744,Crater-like,12.987429,77.60983,user244,2025-05-14T09:53:00,Bengaluru,3
Pothole #2745,Deep hole,12.926175,77.506197,user245,2025-10-11T04:09:00,Bengaluru,2
Pothole #2746,Causes skidding,12.885258,77.644862,user246,2025-02-20T13:45:00,Bengaluru,2
Pothole #2747,Causes skidding,13.000919,77.560233,user247,2025-02-24T03:55:00,Bengaluru,3
Pothole #2748,Crater-like,13.017572,77.700543,user248,2025-10-26T11:57:00,Bengaluru,3
Pothole #2749,Causes skidding,12.887204,77.600819,user249,2025-04-22T09:32:00,Bengaluru,3
Pothole #2750,Needs repair,13.020525,77.682414,user250,2025-06-11T20:38:00,Bengaluru,4
Pothole #2751,Crater-like,12.953161,77.648564,user251,2025-11-12T02:38:00,Bengaluru,2
Pothole #2752,Needs repair,12.978194,77.616109,user252,2025-11-03T03:24:00,Bengaluru,2
Pothole #2753,Needs repair,12.904551,77.673651,user253,2025-03-21T06:59:00,Bengaluru,1
Pothole #2754,Crater-like,12.861364,77.593437,user254,2025-02-05T09:10:00,Bengaluru,2
Pothole #2755,Causes skidding,13.03851,77.556205,user255,2025-10-19T12:03:00,Bengaluru,4
Pothole #2756,Small crack,12.935286,77.600698,user256,2025-03-11T16:41:00,Bengaluru,1
Pothole #2757,Small crack,12.983353,77.506042,user257,2025-10-21T22:32:00,Bengaluru,1
Pothole #2758,Deep hole,12.911803,77.61144,user258,2025-09-04T19:14:00,Bengaluru,2
Pothole #2759,Deep hole,12.938598,77.694191,user259,2025-09-17T03:53:00,Bengaluru,2
Pothole #2760,Crater-like,12.879648,77.721257,user260,2025-06-09T05:28:00,Bengaluru,2
Pothole #2761,Small crack,12.980717,77.502671,user261,2025-03-06T03:17:00,Bengaluru,1
Pothole #2762,Causes skidding,13.029273,77.537072,user262,2025-09-18T20:30:00,Bengaluru,2
Pothole #2763,Small crack,13.014177,77.503845,user263,2025-09-12T19:37:00,Bengaluru,1
Pothole #2764,Damaged patch,13.01168,77.567402,user264,2025-06-27T12:55:00,Bengaluru,2
Pothole #2765,Causes skidding,12.985349,77.653884,user265,2025-03-15T23:07:00,Bengaluru,2
Pothole #2766,Small crack,12.935352,77.558689,user266,2025-11-11T08:03:00,Bengaluru,1
Pothole #2767,Needs repair,13.010283,77.566755,user267,2025-07-06T16:18:00,Bengaluru,1
Pothole #2768,Causes skidding,12.905154,77.723336,user268,2025-06-14T21:18:00,Bengaluru,3
Pothole #2769,Crater-like,13.009635,77.6571,user269,2025-07-06T01:18:00,Bengaluru,2
Pothole #2770,Deep hole,13.030448,77.550447,user270,2025-10-22T06:54:00,Bengaluru,2
Pothole #2771,Small crack,12.974359,77.58653,user271,2025-06-10T18:08:00,Bengaluru,1
Pothole #2772,Deep hole,13.040853,77.74652,user272,2025-04-04T14:26:00,Bengaluru,2
Pothole #2773,Deep hole,13.025521,77.572819,user273,2025-04-01T05:20:00,Bengaluru,5
Pothole #2774,Small crack,12.948536,77.744243,user274,2025-03-10T11:25:00,Bengaluru,1
Pothole #2775,Crater-like,12.948932,77.585573,user275,2025-08-25T07:23:00,Bengaluru,2
Pothole #2776,Deep hole,12.891284,77.699289,user276,2025-05-13T16:07:00,Bengaluru,1
Pothole #2777,Small crack,13.016154,77.518953,user277,2025-02-05T02:46:00,Bengaluru,5
Pothole #2778,Crater-like,12.964767,77.569001,user278,2025-08-19T03:51:00,Bengaluru,3
Pothole #2779,Needs repair,12.987716,77.702631,user279,2025-05-19T00:34:00,Bengaluru,4
Pothole #2780,Deep hole,12.994402,77.627137,user280,2025-04-22T13:09:00,Bengaluru,1
Pothole #2781,Deep hole,13.046859,77.641439,user281,2025-02-11T04:00:00,Bengaluru,2
Pothole #2782,Crater-like,12.874683,77.715045,user282,2025-06-11T15:45:00,Bengaluru,3
Pothole #2783,Causes skidding,12.869338,77.595049,user283,2025-05-18T16:29:00,Bengaluru,3
Pothole #2784,Small crack,13.002472,77.679958,user284,2025-06-25T05:03:00,Bengaluru,1
Pothole #2785,Deep hole,13.03111,77.65033,user285,2025-05-25T11:27:00,Bengaluru,5
Pothole #2786,Damaged patch,13.031964,77.721274,user286,2025-05-25T10:57:00,Bengaluru,1
Pothole #2787,Needs repair,13.016912,77.691288,user287,2025-06-26T12:24:00,Bengaluru,2
Pothole #2788,Needs repair,13.023754,77.501145,user288,2025-04-16T16:29:00,Bengaluru,4
Pothole #2789,Causes skidding,13.008371,77.525361,user289,2025-10-28T00:51:00,Bengaluru,4
Pothole #2790,Small crack,12.899092,77.611144,user290,2025-09-03T04:50:00,Bengaluru,1
Pothole #2791,Deep hole,12.902643,77.729235,user291,2025-02-20T01:31:00,Bengaluru,3
Pothole #2792,Needs repair,12.898048,77.634865,user292,2025-07-08T16:10:00,Bengaluru,5
Pothole #2793,Small crack,12.874278,77.725915,user293,2025-03-22T09:24:00,Bengaluru,3
Pothole #2794,Damaged patch,12.98508,77.539595,user294,2025-10-22T22:06:00,Bengaluru,2
Pothole #2795,Crater-like,12.982607,77.732493,user295,2025-11-09T14:08:00,Bengaluru,2
Pothole #2796,Small crack,13.035814,77.531153,user296,2025-04-02T01:03:00,Bengaluru,3
Pothole #2797,Crater-like,12.97394,77.562783,user297,2025-02-02T19:39:00,Bengaluru,4
Pothole #2798,Needs repair,12.928974,77.731568,user298,2025-02-04T09:32:00,Bengaluru,4
Pothole #2799,Damaged patch,12.901285,77.629119,user299,2025-09-04T02:55:00,Bengaluru,4
Pothole #2800,Damaged patch,12.984979,77.735475,user300,2025-03-03T03:29:00,Bengaluru,1
Pothole #2801,Needs repair,13.001322,77.51117,user301,2025-01-26T09:47:00,Bengaluru,4
Pothole #2802,Needs repair,13.03316,77.652576,user302,2025-11-18T17:06:00,Bengaluru,1
Pothole #2803,Small crack,12.899922,77.734324,user303,2025-05-13T14:35:00,Bengaluru,1
Pothole #2804,Damaged patch,12.924716,77.633224,user304,2025-04-23T08:24:00,Bengaluru,3
Pothole #2805,Damaged patch,12.99128,77.548941,user305,2025-10-26T10:23:00,Bengaluru,1
Pothole #2806,Causes skidding,12.917274,77.541514,user306,2025-11-27T10:17:00,Bengaluru,1
Pothole #2807,Crater-like,12.965448,77.562791,user307,2025-11-08T20:24:00,Bengaluru,5
Pothole #2808,Crater-like,13.049005,77.630247,user308,2025-11-23T03:03:00,Bengaluru,1
Pothole #2809,Crater-like,13.025642,77.560214,user309,2025-06-11T08:45:00,Bengaluru,3
Pothole #2810,Crater-like,12.881242,77.54986,user310,2025-06-14T18:42:00,Bengaluru,4
Pothole #2811,Deep hole,12.928015,77.673092,user311,2025-10-07T01:09:00,Bengaluru,5
Pothole #2812,Crater-like,12.87869,77.577136,user312,2025-01-11T23:38:00,Bengaluru,1
Pothole #2813,Causes skidding,12.875247,77.564452,user313,2025-09-25T03:58:00,Bengaluru,2
Pothole #2814,Causes skidding,12.995926,77.504309,user314,2025-07-20T08:21:00,Bengaluru,3
Pothole #2815,Small crack,12.925867,77.708188,user315,2025-06-26T05:18:00,Bengaluru,4
Pothole #2816,Small crack,12.885585,77.679419,user316,2025-02-12T08:34:00,Bengaluru,3
Pothole #2817,Causes skidding,13.020562,77.525024,user317,2025-01-14T09:56:00,Bengaluru,4
Pothole #2818,Causes skidding,13.027636,77.737722,user318,2025-09-08T20:38:00,Bengaluru,5
Pothole #2819,Small crack,12.984626,77.741925,user319,2025-06-20T01:08:00,Bengaluru,4
Pothole #2820,Causes skidding,12.989526,77.54456,user320,2025-03-08T03:28:00,Bengaluru,2
Pothole #2821,Deep hole,13.015022,77.701261,user321,2025-03-28T21:08:00,Bengaluru,3
Pothole #2822,Small crack,12.971328,77.532313,user322,2025-04-09T08:51:00,Bengaluru,4
Pothole #2823,Needs repair,12.9617,77.734744,user323,2025-04-25T15:07:00,Bengaluru,3
Pothole #2824,Crater-like,12.931891,77.562858,user324,2025-04-22T14:14:00,Bengaluru,3
Pothole #2825,Deep hole,12.940218,77.605645,user325,2025-02-18T20:25:00,Bengaluru,4
Pothole #2826,Causes skidding,13.046783,77.710327,user326,2025-04-19T12:26:00,Bengaluru,2
Pothole #2827,Causes skidding,13.029105,77.627985,user327,2025-11-28T12:17:00,Bengaluru,1
Pothole #2828,Damaged patch,12.985697,77.558602,user328,2025-03-21T10:12:00,Bengaluru,2
Pothole #2829,Causes skidding,12.887201,77.553377,user329,2025-06-28T09:18:00,Bengaluru,1
Pothole #2830,Damaged patch,12.919403,77.61179,user330,2025-03-12T16:07:00,Bengaluru,5
Pothole #2831,Deep hole,13.029323,77.617026,user331,2025-03-19T18:36:00,Bengaluru,3
Pothole #2832,Damaged patch,12.902774,77.679766,user332,2025-02-12T07:57:00,Bengaluru,1
Pothole #2833,Damaged patch,13.013382,77.632424,user333,2025-09-03T01:35:00,Bengaluru,5
Pothole #2834,Small crack,12.954297,77.521877,user334,2025-07-28T03:11:00,Bengaluru,1
Pothole #2835,Causes skidding,12.962085,77.524538,user335,2025-11-07T12:51:00,Bengaluru,3
Pothole #2836,Needs repair,12.93236,77.529822,user336,2025-07-10T02:25:00,Bengaluru,5
Pothole #2837,Small crack,13.012477,77.658741,user337,2025-03-04T22:49:00,Bengaluru,5
Pothole #2838,Small crack,13.013126,77.525405,user338,2025-10-17T11:51:00,Bengaluru,3
Pothole #2839,Crater-like,13.027563,77.548899,user339,2025-05-19T05:10:00,Bengaluru,1
Pothole #2840,Needs repair,12.878643,77.537749,user340,2025-11-10T12:21:00,Bengaluru,2
Pothole #2841,Deep hole,12.967482,77.686688,user341,2025-02-08T09:38:00,Bengaluru,2
Pothole #2842,Causes skidding,12.952417,77.630436,user342,2025-06-26T21:10:00,Bengaluru,5
Pothole #2843,Causes skidding,12.856959,77.523771,user343,2025-06-17T14:45:00,Bengaluru,5
Pothole #2844,Causes skidding,13.04074,77.601219,user344,2025-03-14T01:12:00,Bengaluru,4
Pothole #2845,Causes skidding,12.903996,77.702302,user345,2025-03-01T01:04:00,Bengaluru,2
Pothole #2846,Small crack,13.020622,77.545951,user346,2025-07-17T09:06:00,Bengaluru,5
Pothole #2847,Crater-like,12.885167,77.586939,user347,2025-08-04T20:02:00,Bengaluru,3
Pothole #2848,Damaged patch,12.877442,77.607002,user348,2025-05-10T07:28:00,Bengaluru,2
Pothole #2849,Damaged patch,12.860681,77.654861,user349,2025-02-04T23:31:00,Bengaluru,2
Pothole #2850,Small crack,12.930192,77.501992,user350,2025-08-28T07:34:00,Bengaluru,3
Pothole #2851,Crater-like,12.877047,77.734766,user351,2025-09-24T19:57:00,Bengaluru,4
Pothole #2852,Damaged patch,12.94232,77.569125,user352,2025-04-26T08:59:00,Bengaluru,4
Pothole #2853,Deep hole,12.958547,77.709332,user353,2025-02-23T07:41:00,Bengaluru,1
Pothole #2854,Deep hole,12.916386,77.669216,user354,2025-03-08T05:03:00,Bengaluru,4
Pothole #2855,Needs repair,12.921712,77.542399,user355,2025-02-03T13:09:00,Bengaluru,1
Pothole #2856,Causes skidding,12.988015,77.561717,user356,2025-01-23T06:00:00,Bengaluru,2
Pothole #2857,Small crack,12.897354,77.645351,user357,2025-04-02T13:43:00,Bengaluru,2
Pothole #2858,Needs repair,12.851194,77.619854,user358,2025-04-14T23:04:00,Bengaluru,1
Pothole #2859,Needs repair,13.007547,77.654855,user359,2025-04-21T19:04:00,Bengaluru,1
Pothole #2860,Needs repair,12.990882,77.588,user360,2025-02-11T16:55:00,Bengaluru,2
Pothole #2861,Causes skidding,12.876924,77.651008,user361,2025-06-06T14:33:00,Bengaluru,2
Pothole #2862,Needs repair,13.028996,77.684393,user362,2025-07-24T04:16:00,Bengaluru,3
Pothole #2863,Deep hole,13.012775,77.547785,user363,2025-01-08T18:10:00,Bengaluru,3
Pothole #2864,Crater-like,12.923948,77.581474,user364,2025-05-02T16:37:00,Bengaluru,2
Pothole #2865,Damaged patch,12.990302,77.747379,user365,2025-06-23T16:55:00,Bengaluru,5
Pothole #2866,Causes skidding,12.857268,77.641383,user366,2025-10-28T05:42:00,Bengaluru,4
Pothole #2867,Needs repair,13.015984,77.737895,user367,2025-09-25T10:09:00,Bengaluru,2
Pothole #2868,Damaged patch,13.037543,77.638999,user368,2025-08-04T06:35:00,Bengaluru,1
Pothole #2869,Causes skidding,12.921445,77.627918,user369,2025-06-01T15:08:00,Bengaluru,1
Pothole #2870,Needs repair,12.946147,77.708906,user370,2025-10-28T11:57:00,Bengaluru,3
Pothole #2871,Damaged patch,12.974284,77.676753,user371,2025-06-11T10:38:00,Bengaluru,2
Pothole #2872,Causes skidding,12.903958,77.617753,user372,2025-02-10T00:38:00,Bengaluru,3
Pothole #2873,Causes skidding,12.856866,77.696538,user373,2025-09-07T01:03:00,Bengaluru,2
Pothole #2874,Small crack,13.029757,77.560338,user374,2025-09-18T17:31:00,Bengaluru,4
Pothole #2875,Crater-like,12.933342,77.586046,user375,2025-07-16T19:03:00,Bengaluru,2
Pothole #2876,Crater-like,12.959439,77.504663,user376,2025-07-17T16:34:00,Bengaluru,4
Pothole #2877,Causes skidding,12.860758,77.64186,user377,2025-08-14T16:01:00,Bengaluru,4
Pothole #2878,Causes skidding,12.927343,77.676005,user378,2025-10-09T10:57:00,Bengaluru,5
Pothole #2879,Damaged patch,12.9469,77.696097,user379,2025-07-23T22:14:00,Bengaluru,2
Pothole #2880,Small crack,12.984178,77.670451,user380,2025-08-11T09:35:00,Bengaluru,1
Pothole #2881,Causes skidding,12.971461,77.572982,user381,2025-09-16T23:46:00,Bengaluru,2
Pothole #2882,Small crack,12.86615,77.546774,user382,2025-05-11T04:13:00,Bengaluru,3
Pothole #2883,Small crack,12.881714,77.610664,user383,2025-07-25T20:28:00,Bengaluru,5
Pothole #2884,Small crack,13.046156,77.504317,user384,2025-09-21T16:38:00,Bengaluru,5
Pothole #2885,Small crack,12.932497,77.7018,user385,2025-04-09T03:40:00,Bengaluru,2
Pothole #2886,Deep hole,12.99887,77.59092,user386,2025-01-20T03:33:00,Bengaluru,2
Pothole #2887,Needs repair,13.027435,77.675561,user387,2025-06-02T21:19:00,Bengaluru,2
Pothole #2888,Needs repair,12.877347,77.500898,user388,2025-06-16T07:32:00,Bengaluru,1
Pothole #2889,Crater-like,12.938649,77.685897,user389,2025-01-01T23:52:00,Bengaluru,4
Pothole #2890,Crater-like,12.854684,77.677351,user390,2025-04-11T16:14:00,Bengaluru,2
Pothole #2891,Needs repair,13.045731,77.741012,user391,2025-06-12T21:37:00,Bengaluru,3
Pothole #2892,Damaged patch,13.028248,77.52565,user392,2025-07-20T01:27:00,Bengaluru,1
Pothole #2893,Needs repair,12.902082,77.657158,user393,2025-02-24T22:42:00,Bengaluru,4
Pothole #2894,Small crack,12.980457,77.696747,user394,2025-05-09T02:24:00,Bengaluru,1
Pothole #2895,Deep hole,12.984168,77.621595,user395,2025-09-17T08:25:00,Bengaluru,5
Pothole #2896,Damaged patch,12.968501,77.607049,user396,2025-01-04T22:02:00,Bengaluru,4
Pothole #2897,Small crack,12.980549,77.699177,user397,2025-04-09T19:22:00,Bengaluru,5
Pothole #2898,Damaged patch,12.905276,77.579077,user398,2025-03-17T22:27:00,Bengaluru,3
Pothole #2899,Causes skidding,12.857517,77.623293,user399,2025-02-16T16:53:00,Bengaluru,3
Pothole #2900,Damaged patch,12.96527,77.713803,user400,2025-10-04T13:11:00,Bengaluru,5
Pothole #2901,Crater-like,12.86549,77.656932,user401,2025-11-11T01:10:00,Bengaluru,2
Pothole #2902,Small crack,13.041866,77.56133,user402,2025-09-25T09:12:00,Bengaluru,2
Pothole #2903,Damaged patch,12.890699,77.714185,user403,2025-06-06T14:58:00,Bengaluru,5
Pothole #2904,Small crack,13.027487,77.619607,user404,2025-06-11T23:57:00,Bengaluru,3
Pothole #2905,Causes skidding,12.912889,77.739194,user405,2025-11-18T05:26:00,Bengaluru,1
Pothole #2906,Causes skidding,12.879392,77.505233,user406,2025-03-06T01:59:00,Bengaluru,1
Pothole #2907,Needs repair,12.896001,77.52177,user407,2025-03-25T13:46:00,Bengaluru,5
Pothole #2908,Needs repair,12.887281,77.579363,user408,2025-06-22T03:29:00,Bengaluru,2
Pothole #2909,Needs repair,12.924052,77.685928,user409,2025-11-06T16:54:00,Bengaluru,1
Pothole #2910,Needs repair,12.995768,77.74224,user410,2025-11-01T20:14:00,Bengaluru,1
Pothole #2911,Small crack,13.020969,77.727351,user411,2025-11-28T23:17:00,Bengaluru,3
Pothole #2912,Deep hole,12.912269,77.744236,user412,2025-09-02T20:03:00,Bengaluru,5
Pothole #2913,Small crack,12.980463,77.587702,user413,2025-02-08T12:19:00,Bengaluru,1
Pothole #2914,Small crack,13.030569,77.569744,user414,2025-05-19T03:40:00,Bengaluru,4
Pothole #2915,Small crack,13.01173,77.609584,user415,2025-07-04T16:19:00,Bengaluru,5
Pothole #2916,Crater-like,12.992332,77.682439,user416,2025-01-02T16:11:00,Bengaluru,3
Pothole #2917,Small crack,12.927727,77.63492,user417,2025-09-25T22:16:00,Bengaluru,3
Pothole #2918,Small crack,12.955945,77.691031,user418,2025-02-15T05:15:00,Bengaluru,1
Pothole #2919,Causes skidding,13.04896,77.630347,user419,2025-06-23T11:05:00,Bengaluru,2
Pothole #2920,Damaged patch,12.889583,77.582458,user420,2025-10-10T04:55:00,Bengaluru,1
Pothole #2921,Damaged patch,13.043833,77.584201,user421,2025-10-06T17:59:00,Bengaluru,5
Pothole #2922,Small crack,12.95686,77.537348,user422,2025-09-26T22:29:00,Bengaluru,3
Pothole #2923,Causes skidding,12.924947,77.548139,user423,2025-11-18T05:41:00,Bengaluru,3
Pothole #2924,Causes skidding,13.048596,77.716231,user424,2025-04-05T12:20:00,Bengaluru,4
Pothole #2925,Causes skidding,13.009922,77.652372,user425,2025-09-27T17:40:00,Bengaluru,3
Pothole #2926,Damaged patch,12.918385,77.514327,user426,2025-03-10T21:55:00,Bengaluru,2
Pothole #2927,Crater-like,13.032767,77.509149,user427,2025-11-05T10:50:00,Bengaluru,1
Pothole #2928,Deep hole,13.044279,77.583732,user428,2025-09-26T21:09:00,Bengaluru,3
Pothole #2929,Small crack,13.000593,77.621705,user429,2025-05-01T01:23:00,Bengaluru,4
Pothole #2930,Small crack,12.883855,77.729217,user430,2025-08-25T01:47:00,Bengaluru,2
Pothole #2931,Causes skidding,13.039712,77.748138,user431,2025-01-26T08:39:00,Bengaluru,1
Pothole #2932,Deep hole,13.013827,77.582739,user432,2025-07-24T09:55:00,Bengaluru,5
Pothole #2933,Damaged patch,12.987242,77.681941,user433,2025-03-28T16:39:00,Bengaluru,2
Pothole #2934,Crater-like,12.922968,77.707286,user434,2025-04-10T04:13:00,Bengaluru,1
Pothole #2935,Damaged patch,12.947556,77.524213,user435,2025-08-24T11:48:00,Bengaluru,4
Pothole #2936,Crater-like,12.978105,77.715316,user436,2025-09-19T13:54:00,Bengaluru,4
Pothole #2937,Deep hole,13.026378,77.508911,user437,2025-10-25T22:43:00,Bengaluru,4
Pothole #2938,Needs repair,13.005778,77.574249,user438,2025-08-23T11:00:00,Bengaluru,2
Pothole #2939,Causes skidding,12.965283,77.663666,user439,2025-06-01T13:17:00,Bengaluru,1
Pothole #2940,Crater-like,13.009974,77.687082,user440,2025-08-17T06:30:00,Bengaluru,3
Pothole #2941,Crater-like,12.927337,77.517974,user441,2025-02-01T03:58:00,Bengaluru,4
Pothole #2942,Crater-like,12.940943,77.748694,user442,2025-06-11T02:33:00,Bengaluru,3
Pothole #2943,Damaged patch,12.923476,77.630437,user443,2025-09-20T05:49:00,Bengaluru,5
Pothole #2944,Crater-like,12.99844,77.705742,user444,2025-02-22T03:30:00,Bengaluru,3
Pothole #2945,Small crack,12.884383,77.689656,user445,2025-09-19T20:32:00,Bengaluru,3
Pothole #2946,Crater-like,12.9333,77.643949,user446,2025-09-12T18:01:00,Bengaluru,2
Pothole #2947,Crater-like,12.965274,77.582648,user447,2025-10-15T09:20:00,Bengaluru,1
Pothole #2948,Damaged patch,13.027698,77.554848,user448,2025-08-16T09:37:00,Bengaluru,3
Pothole #2949,Damaged patch,12.906572,77.595625,user449,2025-08-22T20:09:00,Bengaluru,4
Pothole #2950,Needs repair,13.047,77.740717,user450,2025-06-24T11:45:00,Bengaluru,4
Pothole #2951,Deep hole,12.98621,77.66064,user451,2025-02-01T00:04:00,Bengaluru,3
Pothole #2952,Damaged patch,12.962614,77.565072,user452,2025-10-14T11:49:00,Bengaluru,5
Pothole #2953,Small crack,13.01263,77.60549,user453,2025-06-05T22:47:00,Bengaluru,3
Pothole #2954,Crater-like,12.9429,77.557226,user454,2025-08-07T11:25:00,Bengaluru,5
Pothole #2955,Damaged patch,12.997938,77.70803,user455,2025-01-05T11:29:00,Bengaluru,5
Pothole #2956,Deep hole,12.890855,77.749312,user456,2025-10-12T19:36:00,Bengaluru,1
Pothole #2957,Causes skidding,12.955328,77.561953,user457,2025-09-01T06:17:00,Bengaluru,3
Pothole #2958,Crater-like,12.925154,77.688696,user458,2025-02-12T00:29:00,Bengaluru,4
Pothole #2959,Causes skidding,12.905197,77.526314,user459,2025-02-01T22:55:00,Bengaluru,4
Pothole #2960,Small crack,12.873429,77.526854,user460,2025-09-22T03:08:00,Bengaluru,1
Pothole #2961,Causes skidding,12.94735,77.677839,user461,2025-08-03T06:05:00,Bengaluru,1
Pothole #2962,Causes skidding,12.872396,77.560905,user462,2025-05-21T07:58:00,Bengaluru,4
Pothole #2963,Damaged patch,12.933012,77.503566,user463,2025-10-13T11:29:00,Bengaluru,1
Pothole #2964,Deep hole,12.927486,77.640773,user464,2025-01-13T21:08:00,Bengaluru,5
Pothole #2965,Deep hole,12.875996,77.607855,user465,2025-10-06T10:05:00,Bengaluru,2
Pothole #2966,Small crack,12.892445,77.706454,user466,2025-08-23T12:45:00,Bengaluru,5
Pothole #2967,Causes skidding,12.907849,77.586678,user467,2025-04-23T15:29:00,Bengaluru,1
Pothole #2968,Crater-like,12.88968,77.689204,user468,2025-09-26T01:06:00,Bengaluru,3
Pothole #2969,Causes skidding,12.927835,77.634721,user469,2025-09-17T09:31:00,Bengaluru,2
Pothole #2970,Small crack,12.86027,77.572916,user470,2025-04-02T07:38:00,Bengaluru,1
Pothole #2971,Damaged patch,12.873265,77.517376,user471,2025-01-21T05:50:00,Bengaluru,1
Pothole #2972,Needs repair,12.96619,77.684501,user472,2025-09-15T10:32:00,Bengaluru,3
Pothole #2973,Deep hole,12.866396,77.675212,user473,2025-08-11T16:38:00,Bengaluru,2
Pothole #2974,Needs repair,12.960384,77.539012,user474,2025-02-04T15:38:00,Bengaluru,3
Pothole #2975,Causes skidding,13.029193,77.650794,user475,2025-08-19T03:45:00,Bengaluru,4
Pothole #2976,Needs repair,13.035091,77.603376,user476,2025-11-23T22:54:00,Bengaluru,2
Pothole #2977,Causes skidding,12.938172,77.683513,user477,2025-10-20T08:15:00,Bengaluru,3
Pothole #2978,Crater-like,12.913449,77.655229,user478,2025-07-21T14:40:00,Bengaluru,2
Pothole #2979,Damaged patch,13.017542,77.616779,user479,2025-03-18T02:28:00,Bengaluru,1
Pothole #2980,Crater-like,12.854637,77.551298,user480,2025-08-01T16:09:00,Bengaluru,2
Pothole #2981,Causes skidding,13.014775,77.67126,user481,2025-03-15T04:07:00,Bengaluru,3
Pothole #2982,Small crack,13.012675,77.567101,user482,2025-09-18T14:09:00,Bengaluru,1
Pothole #2983,Deep hole,12.850001,77.546856,user483,2025-09-10T10:39:00,Bengaluru,1
Pothole #2984,Causes skidding,12.8826,77.65781,user484,2025-01-24T06:58:00,Bengaluru,1
Pothole #2985,Small crack,13.019267,77.709174,user485,2025-10-27T08:24:00,Bengaluru,1
Pothole #2986,Deep hole,12.983815,77.61917,user486,2025-09-02T12:16:00,Bengaluru,4
Pothole #2987,Deep hole,12.865891,77.722041,user487,2025-06-18T02:03:00,Bengaluru,1
Pothole #2988,Damaged patch,13.02634,77.749381,user488,2025-09-15T14:45:00,Bengaluru,5
Pothole #2989,Crater-like,12.911769,77.617489,user489,2025-09-22T06:55:00,Bengaluru,1
Pothole #2990,Damaged patch,12.910017,77.732667,user490,2025-10-05T17:54:00,Bengaluru,4
Pothole #2991,Deep hole,13.003343,77.590574,user491,2025-02-10T19:58:00,Bengaluru,4
Pothole #2992,Crater-like,12.945987,77.628495,user492,2025-11-21T06:11:00,Bengaluru,2
Pothole #2993,Causes skidding,13.006074,77.747057,user493,2025-03-20T22:26:00,Bengaluru,4
Pothole #2994,Small crack,12.86169,77.562876,user494,2025-02-25T05:19:00,Bengaluru,5
Pothole #2995,Small crack,13.04154,77.729219,user495,2025-01-02T20:56:00,Bengaluru,5
Pothole #2996,Needs repair,13.023001,77.675479,user496,2025-11-02T02:25:00,Bengaluru,3
Pothole #2997,Small crack,13.019381,77.730542,user497,2025-10-14T10:38:00,Bengaluru,1
Pothole #2998,Causes skidding,12.89779,77.63962,user498,2025-04-06T13:37:00,Bengaluru,2
Pothole #2999,Causes skidding,13.041876,77.654666,user499,2025-02-15T11:41:00,Bengaluru,4
Pothole #3000,Causes skidding,12.916136,77.575292,user0,2025-06-12T13:55:00,Bengaluru,5
Pothole #3001,Damaged patch,12.991949,77.688063,user1,2025-09-08T21:51:00,Bengaluru,1
Pothole #3002,Deep hole,12.954034,77.723729,user2,2025-04-03T22:05:00,Bengaluru,4
Pothole #3003,Crater-like,13.030624,77.650801,user3,2025-01-06T03:38:00,Bengaluru,2
Pothole #3004,Deep hole,12.95102,77.678899,user4,2025-02-12T00:25:00,Bengaluru,4
Pothole #3005,Damaged patch,13.042809,77.560359,user5,2025-10-02T11:00:00,Bengaluru,4
Pothole #3006,Needs repair,12.982783,77.686763,user6,2025-11-09T23:37:00,Bengaluru,1
Pothole #3007,Causes skidding,12.850107,77.579196,user7,2025-09-23T14:53:00,Bengaluru,4
Pothole #3008,Deep hole,12.977406,77.589258,user8,2025-08-13T08:46:00,Bengaluru,2
Pothole #3009,Needs repair,12.908421,77.72394,user9,2025-10-07T02:18:00,Bengaluru,2
Pothole #3010,Needs repair,12.994186,77.625895,user10,2025-05-08T01:43:00,Bengaluru,1
Pothole #3011,Needs repair,13.016392,77.70003,user11,2025-04-11T08:57:00,Bengaluru,2
Pothole #3012,Damaged patch,12.858049,77.578698,user12,2025-07-12T14:37:00,Bengaluru,5
Pothole #3013,Deep hole,12.962408,77.689109,user13,2025-10-18T09:48:00,Bengaluru,1
Pothole #3014,Damaged patch,13.023768,77.632919,user14,2025-05-14T22:03:00,Bengaluru,5
Pothole #3015,Crater-like,12.967689,77.692569,user15,2025-11-26T10:21:00,Bengaluru,3
Pothole #3016,Damaged patch,12.974284,77.543052,user16,2025-05-11T22:08:00,Bengaluru,3
Pothole #3017,Causes skidding,12.910736,77.659646,user17,2025-08-21T17:26:00,Bengaluru,4
Pothole #3018,Deep hole,12.864465,77.548782,user18,2025-05-12T08:12:00,Bengaluru,4
Pothole #3019,Needs repair,12.93953,77.529614,user19,2025-08-18T22:35:00,Bengaluru,4
Pothole #3020,Needs repair,12.936801,77.67661,user20,2025-03-05T00:47:00,Bengaluru,2
Pothole #3021,Damaged patch,13.049696,77.599067,user21,2025-01-21T14:21:00,Bengaluru,1
Pothole #3022,Needs repair,12.899056,77.5639,user22,2025-03-10T03:04:00,Bengaluru,3
Pothole #3023,Needs repair,12.886498,77.731864,user23,2025-08-18T11:14:00,Bengaluru,5
Pothole #3024,Causes skidding,12.868221,77.687828,user24,2025-01-28T12:45:00,Bengaluru,1
Pothole #3025,Deep hole,12.983815,77.565945,user25,2025-05-01T07:46:00,Bengaluru,5
Pothole #3026,Causes skidding,12.969086,77.614853,user26,2025-01-02T22:37:00,Bengaluru,2
Pothole #3027,Needs repair,12.91201,77.591975,user27,2025-06-26T22:05:00,Bengaluru,2
Pothole #3028,Damaged patch,12.856023,77.5789,user28,2025-04-27T12:16:00,Bengaluru,2
Pothole #3029,Deep hole,12.865605,77.512482,user29,2025-04-25T02:22:00,Bengaluru,5
Pothole #3030,Needs repair,13.028253,77.6287,user30,2025-09-15T00:03:00,Bengaluru,2
Pothole #3031,Crater-like,13.040922,77.729667,user31,2025-01-17T19:54:00,Bengaluru,2
Pothole #3032,Causes skidding,13.045365,77.629037,user32,2025-02-17T01:17:00,Bengaluru,3
Pothole #3033,Damaged patch,12.939657,77.545231,user33,2025-01-26T18:25:00,Bengaluru,2
Pothole #3034,Small crack,13.009584,77.734887,user34,2025-01-03T22:32:00,Bengaluru,5
Pothole #3035,Damaged patch,12.974138,77.622298,user35,2025-07-21T10:57:00,Bengaluru,4
Pothole #3036,Causes skidding,12.926902,77.517447,user36,2025-10-11T03:24:00,Bengaluru,5
Pothole #3037,Small crack,12.989624,77.520928,user37,2025-03-22T14:54:00,Bengaluru,3
Pothole #3038,Small crack,13.009999,77.676176,user38,2025-08-03T03:33:00,Bengaluru,5
Pothole #3039,Small crack,12.879102,77.611461,user39,2025-11-01T15:35:00,Bengaluru,2
Pothole #3040,Needs repair,12.865887,77.556822,user40,2025-08-07T06:29:00,Bengaluru,2
Pothole #3041,Causes skidding,12.863237,77.676816,user41,2025-07-03T00:23:00,Bengaluru,2
Pothole #3042,Deep hole,12.982108,77.668821,user42,2025-09-13T23:54:00,Bengaluru,5
Pothole #3043,Small crack,12.892005,77.585777,user43,2025-03-08T10:02:00,Bengaluru,4
Pothole #3044,Crater-like,13.044244,77.702238,user44,2025-10-25T19:25:00,Bengaluru,3
Pothole #3045,Damaged patch,12.858944,77.630429,user45,2025-08-26T19:59:00,Bengaluru,3
Pothole #3046,Crater-like,13.042106,77.70407,user46,2025-02-12T07:52:00,Bengaluru,2
Pothole #3047,Small crack,12.904098,77.577526,user47,2025-01-25T19:25:00,Bengaluru,4
Pothole #3048,Damaged patch,12.999072,77.592909,user48,2025-11-13T01:14:00,Bengaluru,2
Pothole #3049,Crater-like,12.856974,77.646394,user49,2025-06-04T01:20:00,Bengaluru,5
Pothole #3050,Deep hole,12.916592,77.634599,user50,2025-06-06T16:38:00,Bengaluru,3
Pothole #3051,Causes skidding,12.937919,77.705155,user51,2025-02-01T15:26:00,Bengaluru,1
Pothole #3052,Crater-like,12.96249,77.504645,user52,2025-10-05T22:40:00,Bengaluru,3
Pothole #3053,Small crack,12.936125,77.562955,user53,2025-08-22T10:02:00,Bengaluru,2
Pothole #3054,Deep hole,12.875863,77.664327,user54,2025-07-21T17:40:00,Bengaluru,5
Pothole #3055,Small crack,13.001768,77.745013,user55,2025-06-25T18:46:00,Bengaluru,2
Pothole #3056,Damaged patch,12.994164,77.72486,user56,2025-01-01T17:08:00,Bengaluru,5
Pothole #3057,Small crack,13.001083,77.715287,user57,2025-11-28T12:05:00,Bengaluru,1
Pothole #3058,Damaged patch,12.974745,77.689263,user58,2025-11-02T04:10:00,Bengaluru,1
Pothole #3059,Needs repair,12.90566,77.601135,user59,2025-06-26T06:49:00,Bengaluru,2
Pothole #3060,Small crack,12.880295,77.592723,user60,2025-04-24T07:58:00,Bengaluru,1
Pothole #3061,Needs repair,13.017096,77.538246,user61,2025-10-04T02:18:00,Bengaluru,1
Pothole #3062,Damaged patch,12.864679,77.721575,user62,2025-09-07T18:30:00,Bengaluru,3
Pothole #3063,Crater-like,12.945516,77.669835,user63,2025-01-21T11:04:00,Bengaluru,5
Pothole #3064,Causes skidding,12.852088,77.569623,user64,2025-09-12T05:33:00,Bengaluru,2
Pothole #3065,Needs repair,12.95543,77.537976,user65,2025-01-22T18:11:00,Bengaluru,3
Pothole #3066,Needs repair,13.047415,77.524627,user66,2025-08-20T13:54:00,Bengaluru,4
Pothole #3067,Deep hole,12.980493,77.679322,user67,2025-01-06T00:12:00,Bengaluru,2
Pothole #3068,Small crack,12.853049,77.711057,user68,2025-05-13T17:43:00,Bengaluru,2
Pothole #3069,Crater-like,12.938447,77.58846,user69,2025-02-08T21:13:00,Bengaluru,1
Pothole #3070,Small crack,12.937312,77.581489,user70,2025-04-01T16:00:00,Bengaluru,2
Pothole #3071,Small crack,12.993416,77.715193,user71,2025-01-25T22:46:00,Bengaluru,3
Pothole #3072,Causes skidding,12.975502,77.674084,user72,2025-02-02T10:23:00,Bengaluru,5
Pothole #3073,Needs repair,12.918851,77.652794,user73,2025-08-05T03:13:00,Bengaluru,2
Pothole #3074,Crater-like,12.991151,77.734252,user74,2025-07-15T04:33:00,Bengaluru,4
Pothole #3075,Needs repair,12.884391,77.637117,user75,2025-11-02T20:50:00,Bengaluru,2
Pothole #3076,Needs repair,13.025239,77.535227,user76,2025-09-08T02:09:00,Bengaluru,3
Pothole #3077,Causes skidding,12.943578,77.651662,user77,2025-01-10T23:03:00,Bengaluru,5
Pothole #3078,Crater-like,12.852035,77.567752,user78,2025-11-13T03:16:00,Bengaluru,3
Pothole #3079,Deep hole,13.003525,77.603334,user79,2025-06-24T19:25:00,Bengaluru,3
Pothole #3080,Deep hole,12.947091,77.625908,user80,2025-04-06T12:02:00,Bengaluru,2
Pothole #3081,Causes skidding,13.014042,77.681763,user81,2025-04-28T08:26:00,Bengaluru,2
Pothole #3082,Small crack,12.906373,77.70084,user82,2025-04-14T00:56:00,Bengaluru,4
Pothole #3083,Causes skidding,12.966957,77.52892,user83,2025-04-20T02:56:00,Bengaluru,4
Pothole #3084,Causes skidding,12.90547,77.618713,user84,2025-02-26T05:37:00,Bengaluru,4
Pothole #3085,Small crack,12.92237,77.589325,user85,2025-03-08T21:27:00,Bengaluru,4
Pothole #3086,Causes skidding,12.877978,77.537729,user86,2025-06-11T01:07:00,Bengaluru,2
Pothole #3087,Crater-like,12.968925,77.688742,user87,2025-03-01T19:05:00,Bengaluru,2
Pothole #3088,Needs repair,12.872749,77.709554,user88,2025-09-27T20:50:00,Bengaluru,2
Pothole #3089,Needs repair,12.869625,77.624577,user89,2025-02-03T03:09:00,Bengaluru,3
Pothole #3090,Needs repair,12.950882,77.749224,user90,2025-06-19T03:20:00,Bengaluru,3
Pothole #3091,Causes skidding,12.914513,77.685393,user91,2025-09-19T03:01:00,Bengaluru,2
Pothole #3092,Small crack,12.85209,77.567584,user92,2025-05-27T05:09:00,Bengaluru,2
Pothole #3093,Crater-like,13.009242,77.721245,user93,2025-09-12T12:21:00,Bengaluru,3
Pothole #3094,Small crack,12.895741,77.531552,user94,2025-11-02T00:40:00,Bengaluru,4
Pothole #3095,Causes skidding,12.902025,77.725369,user95,2025-05-20T02:10:00,Bengaluru,3
Pothole #3096,Crater-like,12.997441,77.59251,user96,2025-07-16T23:46:00,Bengaluru,2
Pothole #3097,Damaged patch,12.948111,77.687423,user97,2025-03-17T20:57:00,Bengaluru,4
Pothole #3098,Crater-like,12.914355,77.583953,user98,2025-04-04T02:38:00,Bengaluru,5
Pothole #3099,Damaged patch,12.923014,77.676799,user99,2025-06-18T10:48:00,Bengaluru,3
Pothole #3100,Damaged patch,13.033785,77.683391,user100,2025-11-10T20:23:00,Bengaluru,3
Pothole #3101,Needs repair,12.921987,77.728464,user101,2025-09-14T21:40:00,Bengaluru,5
Pothole #3102,Damaged patch,12.980904,77.571033,user102,2025-09-13T14:17:00,Bengaluru,3
Pothole #3103,Needs repair,12.926212,77.73479,user103,2025-02-10T12:28:00,Bengaluru,1
Pothole #3104,Small crack,12.872776,77.587567,user104,2025-01-22T18:36:00,Bengaluru,1
Pothole #3105,Needs repair,13.030541,77.61482,user105,2025-02-01T13:01:00,Bengaluru,4
Pothole #3106,Needs repair,12.998719,77.548916,user106,2025-01-14T13:30:00,Bengaluru,4
Pothole #3107,Causes skidding,12.911036,77.728318,user107,2025-10-22T17:56:00,Bengaluru,5
Pothole #3108,Deep hole,13.010281,77.637889,user108,2025-03-05T16:43:00,Bengaluru,5
Pothole #3109,Crater-like,12.928841,77.688333,user109,2025-09-03T07:22:00,Bengaluru,3
Pothole #3110,Damaged patch,12.944106,77.614904,user110,2025-09-15T14:34:00,Bengaluru,1
Pothole #3111,Small crack,12.867969,77.604761,user111,2025-10-16T01:41:00,Bengaluru,2
Pothole #3112,Causes skidding,12.875302,77.684455,user112,2025-10-15T02:29:00,Bengaluru,2
Pothole #3113,Deep hole,12.872641,77.550398,user113,2025-07-15T10:03:00,Bengaluru,4
Pothole #3114,Crater-like,12.964116,77.561231,user114,2025-11-09T17:41:00,Bengaluru,3
Pothole #3115,Needs repair,12.960712,77.503888,user115,2025-03-18T18:57:00,Bengaluru,1
Pothole #3116,Small crack,12.941699,77.695051,user116,2025-10-02T13:20:00,Bengaluru,1
Pothole #3117,Deep hole,12.872578,77.736412,user117,2025-11-24T20:21:00,Bengaluru,1
Pothole #3118,Crater-like,12.932958,77.657691,user118,2025-01-10T17:30:00,Bengaluru,4
Pothole #3119,Damaged patch,12.93334,77.676195,user119,2025-01-16T17:32:00,Bengaluru,3
Pothole #3120,Crater-like,12.879551,77.685365,user120,2025-01-22T23:36:00,Bengaluru,2
Pothole #3121,Deep hole,13.044863,77.639924,user121,2025-11-04T18:45:00,Bengaluru,2
Pothole #3122,Crater-like,12.864484,77.500899,user122,2025-04-10T02:11:00,Bengaluru,2
Pothole #3123,Crater-like,12.952585,77.510049,user123,2025-05-06T15:34:00,Bengaluru,1
Pothole #3124,Needs repair,12.97974,77.594782,user124,2025-05-26T10:57:00,Bengaluru,5
Pothole #3125,Needs repair,12.881277,77.561748,user125,2025-07-28T15:06:00,Bengaluru,1
Pothole #3126,Crater-like,13.029655,77.701146,user126,2025-04-24T03:07:00,Bengaluru,1
Pothole #3127,Crater-like,13.000585,77.502732,user127,2025-07-27T08:15:00,Bengaluru,5
Pothole #3128,Deep hole,12.973263,77.611659,user128,2025-04-08T17:44:00,Bengaluru,3
Pothole #3129,Crater-like,12.867304,77.610409,user129,2025-04-23T18:13:00,Bengaluru,5
Pothole #3130,Needs repair,12.959553,77.617571,user130,2025-07-08T00:43:00,Bengaluru,4
Pothole #3131,Causes skidding,12.891246,77.727665,user131,2025-09-01T00:38:00,Bengaluru,4
Pothole #3132,Crater-like,12.975292,77.51103,user132,2025-05-19T15:19:00,Bengaluru,2
Pothole #3133,Needs repair,12.918035,77.537487,user133,2025-03-18T08:35:00,Bengaluru,5
Pothole #3134,Damaged patch,13.020925,77.514669,user134,2025-05-09T08:15:00,Bengaluru,4
Pothole #3135,Deep hole,12.955951,77.635241,user135,2025-09-28T10:26:00,Bengaluru,2
Pothole #3136,Deep hole,12.942355,77.528956,user136,2025-09-28T07:45:00,Bengaluru,4
Pothole #3137,Damaged patch,13.020728,77.654824,user137,2025-05-06T12:05:00,Bengaluru,5
Pothole #3138,Small crack,12.896338,77.568968,user138,2025-06-25T06:47:00,Bengaluru,3
Pothole #3139,Causes skidding,12.990749,77.556445,user139,2025-10-13T10:20:00,Bengaluru,1
Pothole #3140,Small crack,13.010793,77.708494,user140,2025-03-12T18:12:00,Bengaluru,1
Pothole #3141,Needs repair,12.861189,77.628465,user141,2025-02-24T05:54:00,Bengaluru,3
Pothole #3142,Needs repair,12.86313,77.57661,user142,2025-03-13T09:18:00,Bengaluru,2
Pothole #3143,Needs repair,12.860498,77.547422,user143,2025-07-05T22:49:00,Bengaluru,2
Pothole #3144,Crater-like,12.991169,77.655714,user144,2025-01-26T20:36:00,Bengaluru,2
Pothole #3145,Crater-like,12.982001,77.681788,user145,2025-02-20T01:42:00,Bengaluru,5
Pothole #3146,Small crack,12.968994,77.662459,user146,2025-08-06T06:32:00,Bengaluru,1
Pothole #3147,Small crack,12.886219,77.590434,user147,2025-04-28T07:59:00,Bengaluru,1
Pothole #3148,Causes skidding,12.886866,77.566848,user148,2025-07-21T23:58:00,Bengaluru,1
Pothole #3149,Needs repair,12.931739,77.695771,user149,2025-10-28T07:19:00,Bengaluru,5
Pothole #3150,Crater-like,12.857734,77.581899,user150,2025-07-01T21:55:00,Bengaluru,1
Pothole #3151,Causes skidding,12.851653,77.629877,user151,2025-01-24T19:19:00,Bengaluru,3
Pothole #3152,Crater-like,13.049423,77.544239,user152,2025-01-06T04:54:00,Bengaluru,1
Pothole #3153,Causes skidding,13.046514,77.577778,user153,2025-06-03T21:54:00,Bengaluru,3
Pothole #3154,Deep hole,12.953152,77.570697,user154,2025-05-05T08:27:00,Bengaluru,2
Pothole #3155,Deep hole,13.006336,77.637984,user155,2025-11-04T23:34:00,Bengaluru,2
Pothole #3156,Damaged patch,13.007947,77.705902,user156,2025-06-12T09:41:00,Bengaluru,2
Pothole #3157,Deep hole,12.952822,77.661759,user157,2025-02-05T22:56:00,Bengaluru,2
Pothole #3158,Deep hole,12.880645,77.616566,user158,2025-03-01T10:37:00,Bengaluru,1
Pothole #3159,Crater-like,12.874656,77.55994,user159,2025-06-26T15:36:00,Bengaluru,5
Pothole #3160,Causes skidding,12.934738,77.616075,user160,2025-02-20T10:16:00,Bengaluru,4
Pothole #3161,Crater-like,13.004614,77.72009,user161,2025-09-27T21:55:00,Bengaluru,1
Pothole #3162,Deep hole,13.009459,77.51728,user162,2025-01-20T05:19:00,Bengaluru,4
Pothole #3163,Causes skidding,12.950729,77.626896,user163,2025-06-14T23:20:00,Bengaluru,5
Pothole #3164,Deep hole,13.036159,77.591701,user164,2025-04-28T14:15:00,Bengaluru,2
Pothole #3165,Deep hole,12.904447,77.727428,user165,2025-11-24T13:24:00,Bengaluru,1
Pothole #3166,Deep hole,12.981545,77.564563,user166,2025-08-07T16:35:00,Bengaluru,5
Pothole #3167,Causes skidding,13.012655,77.682091,user167,2025-03-27T12:13:00,Bengaluru,3
Pothole #3168,Damaged patch,12.945381,77.562252,user168,2025-05-08T07:38:00,Bengaluru,5
Pothole #3169,Small crack,12.965219,77.665355,user169,2025-02-09T12:20:00,Bengaluru,2
Pothole #3170,Damaged patch,12.954333,77.601565,user170,2025-05-22T04:00:00,Bengaluru,4
Pothole #3171,Damaged patch,13.049743,77.620031,user171,2025-11-27T15:40:00,Bengaluru,2
Pothole #3172,Causes skidding,13.015814,77.624388,user172,2025-05-16T23:29:00,Bengaluru,3
Pothole #3173,Deep hole,12.992225,77.694307,user173,2025-04-03T19:54:00,Bengaluru,1
Pothole #3174,Deep hole,12.909291,77.721428,user174,2025-03-20T03:00:00,Bengaluru,5
Pothole #3175,Crater-like,12.987581,77.63538,user175,2025-06-18T07:16:00,Bengaluru,1
Pothole #3176,Damaged patch,12.892133,77.747577,user176,2025-11-26T05:58:00,Bengaluru,3
Pothole #3177,Needs repair,12.969511,77.573251,user177,2025-02-01T16:43:00,Bengaluru,4
Pothole #3178,Small crack,12.991773,77.729401,user178,2025-11-02T18:26:00,Bengaluru,1
Pothole #3179,Crater-like,12.940178,77.708762,user179,2025-04-09T06:58:00,Bengaluru,5
Pothole #3180,Causes skidding,12.905175,77.652936,user180,2025-10-09T02:00:00,Bengaluru,1
Pothole #3181,Crater-like,12.895057,77.520242,user181,2025-11-09T18:11:00,Bengaluru,2
Pothole #3182,Deep hole,12.87411,77.662041,user182,2025-11-11T13:48:00,Bengaluru,5
Pothole #3183,Needs repair,13.029655,77.648809,user183,2025-11-14T17:09:00,Bengaluru,3
Pothole #3184,Deep hole,12.886162,77.511748,user184,2025-04-10T06:51:00,Bengaluru,3
Pothole #3185,Crater-like,12.88263,77.563691,user185,2025-05-14T23:41:00,Bengaluru,3
Pothole #3186,Causes skidding,13.028671,77.663483,user186,2025-07-05T09:36:00,Bengaluru,5
Pothole #3187,Deep hole,12.892949,77.710276,user187,2025-04-12T13:55:00,Bengaluru,2
Pothole #3188,Small crack,12.995477,77.651024,user188,2025-09-24T15:00:00,Bengaluru,5
Pothole #3189,Deep hole,12.962112,77.53012,user189,2025-04-22T18:01:00,Bengaluru,1
Pothole #3190,Damaged patch,13.04359,77.609612,user190,2025-06-17T00:01:00,Bengaluru,5
Pothole #3191,Causes skidding,12.965309,77.651654,user191,2025-02-13T20:46:00,Bengaluru,5
Pothole #3192,Deep hole,13.043192,77.65222,user192,2025-01-25T12:20:00,Bengaluru,2
Pothole #3193,Needs repair,13.045513,77.730827,user193,2025-01-21T00:07:00,Bengaluru,2
Pothole #3194,Damaged patch,12.867354,77.7001,user194,2025-10-16T11:17:00,Bengaluru,2
Pothole #3195,Damaged patch,12.866544,77.538425,user195,2025-05-27T15:37:00,Bengaluru,1
Pothole #3196,Crater-like,12.953369,77.643365,user196,2025-10-14T18:51:00,Bengaluru,3
Pothole #3197,Damaged patch,12.918459,77.576065,user197,2025-10-03T14:04:00,Bengaluru,3
Pothole #3198,Crater-like,12.912688,77.731628,user198,2025-05-12T01:11:00,Bengaluru,4
Pothole #3199,Small crack,12.929077,77.643189,user199,2025-10-20T19:44:00,Bengaluru,3
Pothole #3200,Needs repair,13.019201,77.557204,user200,2025-10-08T00:01:00,Bengaluru,3
Pothole #3201,Crater-like,12.903074,77.691251,user201,2025-11-11T08:06:00,Bengaluru,1
Pothole #3202,Damaged patch,12.996966,77.634161,user202,2025-05-09T20:29:00,Bengaluru,2
Pothole #3203,Crater-like,13.014422,77.73254,user203,2025-09-05T20:02:00,Bengaluru,4
Pothole #3204,Needs repair,12.99937,77.549771,user204,2025-06-19T19:37:00,Bengaluru,5
Pothole #3205,Small crack,13.024576,77.613298,user205,2025-02-23T22:58:00,Bengaluru,3
Pothole #3206,Small crack,12.926588,77.644563,user206,2025-09-22T15:58:00,Bengaluru,1
Pothole #3207,Small crack,12.935357,77.694022,user207,2025-07-13T13:44:00,Bengaluru,4
Pothole #3208,Damaged patch,12.992975,77.726415,user208,2025-11-16T09:54:00,Bengaluru,3
Pothole #3209,Damaged patch,12.905026,77.587587,user209,2025-06-11T13:33:00,Bengaluru,3
Pothole #3210,Crater-like,12.876047,77.632368,user210,2025-09-20T04:42:00,Bengaluru,1
Pothole #3211,Small crack,13.009624,77.605365,user211,2025-04-01T17:01:00,Bengaluru,3
Pothole #3212,Deep hole,13.006465,77.529597,user212,2025-06-22T08:56:00,Bengaluru,4
Pothole #3213,Causes skidding,12.931569,77.62376,user213,2025-04-27T01:54:00,Bengaluru,2
Pothole #3214,Damaged patch,12.895956,77.730456,user214,2025-03-17T22:25:00,Bengaluru,2
Pothole #3215,Causes skidding,13.032604,77.722146,user215,2025-04-01T20:03:00,Bengaluru,5
Pothole #3216,Damaged patch,12.920204,77.675074,user216,2025-01-26T16:19:00,Bengaluru,2
Pothole #3217,Crater-like,12.992304,77.575186,user217,2025-03-14T11:02:00,Bengaluru,4
Pothole #3218,Damaged patch,12.854781,77.604948,user218,2025-01-07T12:38:00,Bengaluru,4
Pothole #3219,Crater-like,12.985751,77.553946,user219,2025-05-23T20:10:00,Bengaluru,2
Pothole #3220,Needs repair,12.988417,77.63923,user220,2025-10-14T21:37:00,Bengaluru,2
Pothole #3221,Crater-like,12.952418,77.523077,user221,2025-10-27T06:20:00,Bengaluru,2
Pothole #3222,Damaged patch,12.98154,77.68165,user222,2025-02-15T23:15:00,Bengaluru,1
Pothole #3223,Small crack,12.990568,77.600552,user223,2025-06-10T02:09:00,Bengaluru,5
Pothole #3224,Small crack,12.869432,77.538572,user224,2025-03-22T19:42:00,Bengaluru,5
Pothole #3225,Deep hole,13.040768,77.671657,user225,2025-09-07T06:36:00,Bengaluru,1
Pothole #3226,Needs repair,13.042918,77.717585,user226,2025-08-18T10:14:00,Bengaluru,1
Pothole #3227,Needs repair,12.937375,77.578947,user227,2025-11-24T22:11:00,Bengaluru,5
Pothole #3228,Deep hole,12.99925,77.746317,user228,2025-05-12T18:14:00,Bengaluru,1
Pothole #3229,Damaged patch,12.98112,77.577434,user229,2025-11-17T00:30:00,Bengaluru,5
Pothole #3230,Small crack,12.884833,77.632801,user230,2025-01-10T07:30:00,Bengaluru,1
Pothole #3231,Small crack,13.027882,77.578522,user231,2025-03-27T00:17:00,Bengaluru,5
Pothole #3232,Needs repair,12.941818,77.69736,user232,2025-03-10T17:53:00,Bengaluru,1
Pothole #3233,Causes skidding,12.890479,77.679101,user233,2025-10-11T09:48:00,Bengaluru,2
Pothole #3234,Damaged patch,12.900108,77.557733,user234,2025-08-07T20:45:00,Bengaluru,5
Pothole #3235,Needs repair,12.926568,77.615003,user235,2025-01-24T17:55:00,Bengaluru,4
Pothole #3236,Small crack,12.978601,77.655727,user236,2025-07-14T11:50:00,Bengaluru,5
Pothole #3237,Deep hole,12.896694,77.546396,user237,2025-08-08T16:20:00,Bengaluru,2
Pothole #3238,Deep hole,13.027702,77.74165,user238,2025-08-09T00:23:00,Bengaluru,3
Pothole #3239,Damaged patch,12.935791,77.524449,user239,2025-09-09T00:05:00,Bengaluru,1
Pothole #3240,Crater-like,12.998799,77.567301,user240,2025-10-16T20:20:00,Bengaluru,4
Pothole #3241,Deep hole,12.910684,77.722637,user241,2025-06-22T20:06:00,Bengaluru,5
Pothole #3242,Small crack,12.924978,77.743889,user242,2025-02-17T04:01:00,Bengaluru,4
Pothole #3243,Causes skidding,12.931741,77.715939,user243,2025-10-08T04:35:00,Bengaluru,3
Pothole #3244,Needs repair,13.021451,77.580606,user244,2025-08-14T06:38:00,Bengaluru,5
Pothole #3245,Needs repair,12.888171,77.705863,user245,2025-06-26T05:48:00,Bengaluru,5
Pothole #3246,Causes skidding,12.967803,77.729411,user246,2025-09-10T00:56:00,Bengaluru,5
Pothole #3247,Causes skidding,12.854593,77.509039,user247,2025-09-25T10:39:00,Bengaluru,5
Pothole #3248,Small crack,12.877563,77.523355,user248,2025-07-12T05:50:00,Bengaluru,2
Pothole #3249,Small crack,12.878238,77.621443,user249,2025-11-20T09:50:00,Bengaluru,1
Pothole #3250,Crater-like,13.036276,77.533291,user250,2025-01-28T18:11:00,Bengaluru,1
Pothole #3251,Causes skidding,12.952771,77.732869,user251,2025-08-10T17:17:00,Bengaluru,3
Pothole #3252,Causes skidding,12.982737,77.600543,user252,2025-05-17T16:22:00,Bengaluru,1
Pothole #3253,Crater-like,12.958035,77.52085,user253,2025-09-08T21:40:00,Bengaluru,1
Pothole #3254,Small crack,12.928343,77.589942,user254,2025-07-12T19:53:00,Bengaluru,3
Pothole #3255,Damaged patch,13.009806,77.711257,user255,2025-09-16T10:54:00,Bengaluru,2
Pothole #3256,Crater-like,12.984919,77.665734,user256,2025-05-03T16:51:00,Bengaluru,1
Pothole #3257,Damaged patch,13.016195,77.617705,user257,2025-04-22T13:44:00,Bengaluru,3
Pothole #3258,Crater-like,12.899913,77.625667,user258,2025-11-18T06:39:00,Bengaluru,3
Pothole #3259,Needs repair,13.013845,77.653096,user259,2025-02-16T07:10:00,Bengaluru,3
Pothole #3260,Small crack,12.934664,77.513108,user260,2025-05-09T01:37:00,Bengaluru,4
Pothole #3261,Needs repair,12.876515,77.702753,user261,2025-02-19T12:10:00,Bengaluru,2
Pothole #3262,Deep hole,12.875008,77.690797,user262,2025-07-17T23:03:00,Bengaluru,1
Pothole #3263,Damaged patch,12.907077,77.716518,user263,2025-04-03T09:40:00,Bengaluru,2
Pothole #3264,Small crack,13.016253,77.504509,user264,2025-10-10T23:52:00,Bengaluru,1
Pothole #3265,Damaged patch,12.974292,77.694689,user265,2025-05-08T17:23:00,Bengaluru,5
Pothole #3266,Small crack,12.943434,77.612477,user266,2025-09-12T20:46:00,Bengaluru,2
Pothole #3267,Small crack,12.914186,77.657243,user267,2025-07-24T11:16:00,Bengaluru,5
Pothole #3268,Damaged patch,12.995559,77.661152,user268,2025-11-22T09:27:00,Bengaluru,2
Pothole #3269,Needs repair,12.974184,77.748433,user269,2025-09-04T07:44:00,Bengaluru,1
Pothole #3270,Causes skidding,13.018485,77.593375,user270,2025-08-22T09:09:00,Bengaluru,1
Pothole #3271,Needs repair,12.946849,77.589128,user271,2025-01-04T15:50:00,Bengaluru,1
Pothole #3272,Needs repair,12.881507,77.721745,user272,2025-03-10T12:09:00,Bengaluru,2
Pothole #3273,Causes skidding,12.973161,77.746672,user273,2025-07-16T11:00:00,Bengaluru,1
Pothole #3274,Causes skidding,12.88831,77.574127,user274,2025-02-16T12:53:00,Bengaluru,4
Pothole #3275,Small crack,13.021783,77.683208,user275,2025-06-01T08:52:00,Bengaluru,1
Pothole #3276,Needs repair,12.855487,77.723808,user276,2025-03-28T19:59:00,Bengaluru,5
Pothole #3277,Small crack,12.998804,77.641046,user277,2025-02-18T05:20:00,Bengaluru,3
Pothole #3278,Needs repair,13.03993,77.670513,user278,2025-01-03T05:43:00,Bengaluru,2
Pothole #3279,Deep hole,12.906679,77.702882,user279,2025-03-28T23:57:00,Bengaluru,1
Pothole #3280,Causes skidding,12.972275,77.644467,user280,2025-02-27T02:12:00,Bengaluru,4
Pothole #3281,Damaged patch,12.950207,77.612423,user281,2025-08-04T13:41:00,Bengaluru,3
Pothole #3282,Damaged patch,12.97298,77.58658,user282,2025-11-09T02:27:00,Bengaluru,3
Pothole #3283,Damaged patch,12.955188,77.58391,user283,2025-01-27T04:16:00,Bengaluru,1
Pothole #3284,Causes skidding,13.026921,77.654452,user284,2025-08-26T03:01:00,Bengaluru,3
Pothole #3285,Deep hole,12.857931,77.570421,user285,2025-09-13T01:58:00,Bengaluru,4
Pothole #3286,Deep hole,12.918218,77.53676,user286,2025-03-05T08:05:00,Bengaluru,4
Pothole #3287,Needs repair,12.991362,77.613187,user287,2025-11-16T09:21:00,Bengaluru,3
Pothole #3288,Deep hole,13.020856,77.683906,user288,2025-04-07T14:25:00,Bengaluru,3
Pothole #3289,Damaged patch,13.006488,77.686528,user289,2025-06-03T16:36:00,Bengaluru,2
Pothole #3290,Needs repair,13.017894,77.514641,user290,2025-01-26T15:55:00,Bengaluru,1
Pothole #3291,Damaged patch,12.885492,77.722599,user291,2025-09-02T19:13:00,Bengaluru,4
Pothole #3292,Small crack,12.959066,77.716756,user292,2025-09-06T23:09:00,Bengaluru,2
Pothole #3293,Needs repair,13.009219,77.672137,user293,2025-07-26T05:36:00,Bengaluru,2
Pothole #3294,Small crack,13.031049,77.673808,user294,2025-08-10T20:04:00,Bengaluru,3
Pothole #3295,Deep hole,12.907906,77.562516,user295,2025-09-24T07:15:00,Bengaluru,5
Pothole #3296,Deep hole,12.978769,77.644216,user296,2025-04-04T14:09:00,Bengaluru,2
Pothole #3297,Deep hole,13.02303,77.523934,user297,2025-11-02T08:12:00,Bengaluru,3
Pothole #3298,Needs repair,12.865912,77.659398,user298,2025-05-27T03:50:00,Bengaluru,3
Pothole #3299,Damaged patch,12.977185,77.625188,user299,2025-09-13T18:42:00,Bengaluru,3
Pothole #3300,Small crack,12.95034,77.746193,user300,2025-11-06T02:56:00,Bengaluru,3
Pothole #3301,Small crack,12.953914,77.6293,user301,2025-11-14T13:46:00,Bengaluru,1
Pothole #3302,Crater-like,12.870818,77.634078,user302,2025-08-12T17:55:00,Bengaluru,1
Pothole #3303,Damaged patch,12.923815,77.721072,user303,2025-04-14T15:56:00,Bengaluru,1
Pothole #3304,Small crack,12.9185,77.563607,user304,2025-10-17T02:11:00,Bengaluru,1
Pothole #3305,Needs repair,12.982443,77.716175,user305,2025-02-14T16:49:00,Bengaluru,1
Pothole #3306,Deep hole,13.044404,77.748451,user306,2025-06-17T06:59:00,Bengaluru,5
Pothole #3307,Crater-like,13.0173,77.559996,user307,2025-09-24T23:35:00,Bengaluru,5
Pothole #3308,Crater-like,12.927159,77.527629,user308,2025-10-04T06:17:00,Bengaluru,5
Pothole #3309,Causes skidding,12.904535,77.55477,user309,2025-10-22T02:48:00,Bengaluru,3
Pothole #3310,Deep hole,12.991214,77.593056,user310,2025-04-06T23:42:00,Bengaluru,5
Pothole #3311,Small crack,12.930172,77.533341,user311,2025-02-17T19:34:00,Bengaluru,2
Pothole #3312,Small crack,13.047307,77.568567,user312,2025-04-03T15:06:00,Bengaluru,1
Pothole #3313,Small crack,13.014502,77.61747,user313,2025-03-26T09:24:00,Bengaluru,5
Pothole #3314,Damaged patch,12.882474,77.711132,user314,2025-10-25T17:02:00,Bengaluru,3
Pothole #3315,Small crack,12.911188,77.68563,user315,2025-04-10T12:30:00,Bengaluru,1
Pothole #3316,Small crack,12.902808,77.597245,user316,2025-02-14T20:01:00,Bengaluru,4
Pothole #3317,Needs repair,12.866043,77.564734,user317,2025-02-15T16:41:00,Bengaluru,5
Pothole #3318,Needs repair,13.026443,77.608863,user318,2025-06-19T05:03:00,Bengaluru,2
Pothole #3319,Damaged patch,12.976025,77.577979,user319,2025-05-23T10:32:00,Bengaluru,1
Pothole #3320,Small crack,12.959343,77.718011,user320,2025-09-11T05:19:00,Bengaluru,2
Pothole #3321,Small crack,12.861197,77.706695,user321,2025-08-15T08:38:00,Bengaluru,5
Pothole #3322,Crater-like,13.028346,77.57674,user322,2025-04-10T03:49:00,Bengaluru,3
Pothole #3323,Damaged patch,12.865709,77.554321,user323,2025-11-22T07:09:00,Bengaluru,3
Pothole #3324,Crater-like,13.049029,77.520327,user324,2025-01-12T18:36:00,Bengaluru,5
Pothole #3325,Small crack,12.878421,77.551054,user325,2025-08-28T06:11:00,Bengaluru,2
Pothole #3326,Deep hole,13.024685,77.540259,user326,2025-03-09T06:54:00,Bengaluru,5
Pothole #3327,Causes skidding,12.896556,77.633931,user327,2025-11-22T05:20:00,Bengaluru,3
Pothole #3328,Small crack,13.011344,77.580328,user328,2025-06-01T05:20:00,Bengaluru,1
Pothole #3329,Needs repair,12.869587,77.633287,user329,2025-05-26T15:51:00,Bengaluru,5
Pothole #3330,Causes skidding,12.891425,77.631117,user330,2025-07-04T12:43:00,Bengaluru,1
Pothole #3331,Needs repair,12.994711,77.617098,user331,2025-02-19T10:03:00,Bengaluru,2
Pothole #3332,Needs repair,12.884646,77.702953,user332,2025-05-24T23:22:00,Bengaluru,2
Pothole #3333,Needs repair,13.04032,77.606247,user333,2025-03-12T08:33:00,Bengaluru,2
Pothole #3334,Causes skidding,12.953265,77.500365,user334,2025-07-06T14:23:00,Bengaluru,3
Pothole #3335,Crater-like,12.917849,77.543044,user335,2025-08-21T16:31:00,Bengaluru,5
Pothole #3336,Crater-like,12.953482,77.742408,user336,2025-01-16T16:26:00,Bengaluru,4
Pothole #3337,Needs repair,12.928388,77.549439,user337,2025-10-16T00:10:00,Bengaluru,2
Pothole #3338,Damaged patch,13.016762,77.733197,user338,2025-10-23T20:39:00,Bengaluru,3
Pothole #3339,Small crack,12.949916,77.594611,user339,2025-04-12T00:44:00,Bengaluru,2
Pothole #3340,Causes skidding,12.854874,77.545933,user340,2025-08-16T14:55:00,Bengaluru,2
Pothole #3341,Deep hole,12.851282,77.546077,user341,2025-10-13T00:18:00,Bengaluru,1
Pothole #3342,Causes skidding,12.90796,77.646512,user342,2025-05-20T06:09:00,Bengaluru,2
Pothole #3343,Needs repair,12.857957,77.745051,user343,2025-05-27T09:16:00,Bengaluru,3
Pothole #3344,Small crack,12.882897,77.698819,user344,2025-01-25T07:24:00,Bengaluru,1
Pothole #3345,Crater-like,12.865289,77.567335,user345,2025-09-08T14:24:00,Bengaluru,1
Pothole #3346,Damaged patch,12.934653,77.552795,user346,2025-11-09T01:38:00,Bengaluru,1
Pothole #3347,Damaged patch,13.032952,77.57814,user347,2025-10-08T20:42:00,Bengaluru,1
Pothole #3348,Small crack,12.852768,77.744333,user348,2025-02-10T02:06:00,Bengaluru,5
Pothole #3349,Needs repair,12.95868,77.724959,user349,2025-10-15T19:09:00,Bengaluru,5
Pothole #3350,Small crack,12.885099,77.531566,user350,2025-04-13T06:22:00,Bengaluru,1
Pothole #3351,Deep hole,13.006725,77.647103,user351,2025-01-03T13:42:00,Bengaluru,3
Pothole #3352,Deep hole,12.91714,77.638204,user352,2025-02-06T06:14:00,Bengaluru,5
Pothole #3353,Small crack,12.960346,77.6804,user353,2025-05-06T08:24:00,Bengaluru,3
Pothole #3354,Crater-like,12.912588,77.701691,user354,2025-09-23T17:48:00,Bengaluru,4
Pothole #3355,Causes skidding,12.952177,77.601319,user355,2025-01-12T05:46:00,Bengaluru,1
Pothole #3356,Small crack,12.911043,77.565939,user356,2025-11-07T20:45:00,Bengaluru,5
Pothole #3357,Damaged patch,12.901634,77.587347,user357,2025-07-04T00:38:00,Bengaluru,1
Pothole #3358,Crater-like,13.018866,77.683605,user358,2025-02-08T19:51:00,Bengaluru,1
Pothole #3359,Needs repair,13.02498,77.51298,user359,2025-09-01T00:53:00,Bengaluru,4
Pothole #3360,Damaged patch,12.898439,77.63002,user360,2025-01-15T09:10:00,Bengaluru,4
Pothole #3361,Needs repair,13.035507,77.560753,user361,2025-09-24T19:18:00,Bengaluru,2
Pothole #3362,Small crack,12.984758,77.746379,user362,2025-07-05T23:39:00,Bengaluru,2
Pothole #3363,Damaged patch,12.956039,77.552554,user363,2025-01-11T09:07:00,Bengaluru,1
Pothole #3364,Crater-like,13.00298,77.701938,user364,2025-01-21T07:56:00,Bengaluru,1
Pothole #3365,Crater-like,12.86615,77.515574,user365,2025-05-04T15:27:00,Bengaluru,5
Pothole #3366,Deep hole,12.868403,77.68512,user366,2025-04-17T19:25:00,Bengaluru,1
Pothole #3367,Small crack,12.855689,77.711557,user367,2025-07-01T13:41:00,Bengaluru,5
Pothole #3368,Needs repair,12.995833,77.519179,user368,2025-05-12T21:06:00,Bengaluru,2
Pothole #3369,Small crack,12.918114,77.698334,user369,2025-01-11T23:50:00,Bengaluru,2
Pothole #3370,Damaged patch,13.005222,77.546538,user370,2025-02-16T15:35:00,Bengaluru,3
Pothole #3371,Deep hole,12.898855,77.709361,user371,2025-04-22T07:03:00,Bengaluru,5
Pothole #3372,Crater-like,12.947485,77.50563,user372,2025-02-12T14:13:00,Bengaluru,5
Pothole #3373,Causes skidding,13.004736,77.638637,user373,2025-10-23T00:04:00,Bengaluru,1
Pothole #3374,Deep hole,12.999396,77.696484,user374,2025-11-06T18:43:00,Bengaluru,5
Pothole #3375,Damaged patch,12.896689,77.533504,user375,2025-05-26T07:36:00,Bengaluru,1
Pothole #3376,Small crack,12.974023,77.563284,user376,2025-07-20T18:31:00,Bengaluru,1
Pothole #3377,Damaged patch,12.909913,77.573122,user377,2025-03-06T05:39:00,Bengaluru,5
Pothole #3378,Small crack,12.902354,77.741152,user378,2025-10-14T03:29:00,Bengaluru,5
Pothole #3379,Damaged patch,12.875436,77.625023,user379,2025-11-01T05:20:00,Bengaluru,1
Pothole #3380,Deep hole,13.020675,77.563547,user380,2025-10-10T16:54:00,Bengaluru,2
Pothole #3381,Small crack,12.974903,77.746577,user381,2025-10-05T22:37:00,Bengaluru,3
Pothole #3382,Crater-like,13.035822,77.601024,user382,2025-11-16T15:45:00,Bengaluru,4
Pothole #3383,Crater-like,12.917699,77.689621,user383,2025-08-19T15:22:00,Bengaluru,4
Pothole #3384,Small crack,12.988983,77.59347,user384,2025-11-17T08:37:00,Bengaluru,5
Pothole #3385,Needs repair,12.913098,77.612988,user385,2025-04-16T10:43:00,Bengaluru,2
Pothole #3386,Small crack,13.039,77.572754,user386,2025-05-19T13:33:00,Bengaluru,2
Pothole #3387,Small crack,13.004965,77.525636,user387,2025-09-06T05:12:00,Bengaluru,2
Pothole #3388,Causes skidding,12.964868,77.704977,user388,2025-11-28T17:06:00,Bengaluru,3
Pothole #3389,Deep hole,12.853653,77.632487,user389,2025-01-01T19:29:00,Bengaluru,3
Pothole #3390,Small crack,13.011928,77.590859,user390,2025-07-14T12:56:00,Bengaluru,5
Pothole #3391,Deep hole,12.878764,77.645769,user391,2025-03-21T14:40:00,Bengaluru,5
Pothole #3392,Crater-like,12.866335,77.693807,user392,2025-04-10T10:51:00,Bengaluru,4
Pothole #3393,Small crack,12.932657,77.558073,user393,2025-11-16T20:25:00,Bengaluru,4
Pothole #3394,Deep hole,12.923638,77.747134,user394,2025-05-15T19:47:00,Bengaluru,3
Pothole #3395,Needs repair,12.988483,77.679275,user395,2025-02-19T05:52:00,Bengaluru,3
Pothole #3396,Small crack,12.922672,77.517281,user396,2025-02-08T10:28:00,Bengaluru,4
Pothole #3397,Small crack,12.995095,77.729346,user397,2025-10-16T16:05:00,Bengaluru,3
Pothole #3398,Causes skidding,13.031638,77.607492,user398,2025-04-08T18:35:00,Bengaluru,1
Pothole #3399,Causes skidding,12.90743,77.557621,user399,2025-11-22T01:36:00,Bengaluru,5
Pothole #3400,Small crack,12.936858,77.581202,user400,2025-01-25T18:32:00,Bengaluru,2
Pothole #3401,Small crack,13.043965,77.595328,user401,2025-02-15T05:22:00,Bengaluru,4
Pothole #3402,Small crack,12.880873,77.699189,user402,2025-03-26T22:02:00,Bengaluru,2
Pothole #3403,Needs repair,12.945413,77.738118,user403,2025-01-03T12:37:00,Bengaluru,1
Pothole #3404,Small crack,12.969009,77.737694,user404,2025-11-13T12:53:00,Bengaluru,4
Pothole #3405,Causes skidding,12.935722,77.649605,user405,2025-02-03T11:20:00,Bengaluru,1
Pothole #3406,Small crack,12.954282,77.524232,user406,2025-11-28T18:15:00,Bengaluru,4
Pothole #3407,Crater-like,12.982359,77.660083,user407,2025-01-07T22:27:00,Bengaluru,3
Pothole #3408,Deep hole,12.890432,77.680642,user408,2025-02-11T12:40:00,Bengaluru,2
Pothole #3409,Damaged patch,12.944162,77.619292,user409,2025-01-05T14:20:00,Bengaluru,5
Pothole #3410,Crater-like,12.949769,77.54279,user410,2025-01-15T13:35:00,Bengaluru,4
Pothole #3411,Crater-like,12.854098,77.722238,user411,2025-06-26T20:14:00,Bengaluru,1
Pothole #3412,Small crack,12.872818,77.596879,user412,2025-06-06T23:34:00,Bengaluru,4
Pothole #3413,Needs repair,12.99913,77.500661,user413,2025-02-14T22:52:00,Bengaluru,5
Pothole #3414,Deep hole,13.006128,77.611472,user414,2025-10-08T00:18:00,Bengaluru,2
Pothole #3415,Needs repair,12.851712,77.507895,user415,2025-06-06T17:40:00,Bengaluru,2
Pothole #3416,Small crack,13.037969,77.637211,user416,2025-04-11T11:09:00,Bengaluru,3
Pothole #3417,Damaged patch,13.011238,77.621301,user417,2025-07-10T05:49:00,Bengaluru,3
Pothole #3418,Needs repair,13.045355,77.611295,user418,2025-11-03T14:33:00,Bengaluru,2
Pothole #3419,Crater-like,13.042286,77.662738,user419,2025-07-26T07:01:00,Bengaluru,1
Pothole #3420,Needs repair,13.012471,77.504571,user420,2025-11-13T01:23:00,Bengaluru,4
Pothole #3421,Damaged patch,12.904861,77.712301,user421,2025-06-12T23:46:00,Bengaluru,5
Pothole #3422,Deep hole,12.977648,77.640692,user422,2025-02-15T12:42:00,Bengaluru,3
Pothole #3423,Damaged patch,13.044518,77.728549,user423,2025-10-05T05:30:00,Bengaluru,3
Pothole #3424,Damaged patch,12.861207,77.611995,user424,2025-11-17T06:17:00,Bengaluru,1
Pothole #3425,Crater-like,13.047398,77.529217,user425,2025-02-11T06:02:00,Bengaluru,4
Pothole #3426,Crater-like,13.003047,77.664929,user426,2025-06-28T11:26:00,Bengaluru,2
Pothole #3427,Small crack,13.016589,77.592958,user427,2025-03-24T06:55:00,Bengaluru,1
Pothole #3428,Needs repair,12.90086,77.579343,user428,2025-09-21T20:06:00,Bengaluru,3
Pothole #3429,Crater-like,12.88709,77.660704,user429,2025-08-12T14:02:00,Bengaluru,2
Pothole #3430,Small crack,12.945299,77.595189,user430,2025-03-03T17:33:00,Bengaluru,5
Pothole #3431,Damaged patch,12.976479,77.528856,user431,2025-10-05T05:09:00,Bengaluru,4
Pothole #3432,Small crack,12.960904,77.518942,user432,2025-11-04T10:52:00,Bengaluru,2
Pothole #3433,Small crack,12.925981,77.630539,user433,2025-09-25T00:17:00,Bengaluru,5
Pothole #3434,Small crack,12.95857,77.720457,user434,2025-05-18T19:41:00,Bengaluru,2
Pothole #3435,Small crack,12.903512,77.713802,user435,2025-04-06T15:01:00,Bengaluru,4
Pothole #3436,Causes skidding,13.013111,77.615886,user436,2025-08-12T01:29:00,Bengaluru,2
Pothole #3437,Crater-like,12.897308,77.513411,user437,2025-09-18T23:01:00,Bengaluru,3
Pothole #3438,Small crack,12.941154,77.656736,user438,2025-08-16T05:23:00,Bengaluru,1
Pothole #3439,Deep hole,13.044395,77.732984,user439,2025-06-02T12:46:00,Bengaluru,4
Pothole #3440,Small crack,12.963717,77.610902,user440,2025-07-13T21:04:00,Bengaluru,1
Pothole #3441,Causes skidding,12.873975,77.638685,user441,2025-10-13T11:43:00,Bengaluru,4
Pothole #3442,Damaged patch,12.850615,77.501193,user442,2025-01-13T18:57:00,Bengaluru,2
Pothole #3443,Small crack,12.936511,77.672635,user443,2025-10-23T21:08:00,Bengaluru,1
Pothole #3444,Small crack,12.862295,77.676976,user444,2025-05-01T00:21:00,Bengaluru,1
Pothole #3445,Deep hole,13.035767,77.57054,user445,2025-01-16T20:32:00,Bengaluru,1
Pothole #3446,Small crack,12.963791,77.539443,user446,2025-10-23T01:04:00,Bengaluru,5
Pothole #3447,Needs repair,12.952696,77.684037,user447,2025-09-08T14:25:00,Bengaluru,5
Pothole #3448,Causes skidding,12.987356,77.727509,user448,2025-07-04T20:21:00,Bengaluru,5
Pothole #3449,Deep hole,12.95696,77.66966,user449,2025-01-01T01:18:00,Bengaluru,5
Pothole #3450,Needs repair,13.004367,77.741586,user450,2025-02-26T11:23:00,Bengaluru,5
Pothole #3451,Needs repair,12.963105,77.5798,user451,2025-05-28T16:24:00,Bengaluru,2
Pothole #3452,Crater-like,12.937402,77.543468,user452,2025-09-17T17:11:00,Bengaluru,5
Pothole #3453,Deep hole,12.899062,77.679589,user453,2025-10-10T13:46:00,Bengaluru,1
Pothole #3454,Needs repair,12.958734,77.597655,user454,2025-07-05T04:03:00,Bengaluru,4
Pothole #3455,Damaged patch,13.044546,77.52629,user455,2025-08-10T19:25:00,Bengaluru,2
Pothole #3456,Deep hole,12.904729,77.734142,user456,2025-01-03T06:54:00,Bengaluru,3
Pothole #3457,Small crack,13.010564,77.592281,user457,2025-04-19T18:19:00,Bengaluru,5
Pothole #3458,Small crack,13.014011,77.744315,user458,2025-06-28T12:39:00,Bengaluru,1
Pothole #3459,Damaged patch,12.873484,77.64896,user459,2025-01-12T17:02:00,Bengaluru,1
Pothole #3460,Deep hole,12.855277,77.560942,user460,2025-03-10T15:53:00,Bengaluru,1
Pothole #3461,Deep hole,12.87991,77.6412,user461,2025-04-15T00:43:00,Bengaluru,2
Pothole #3462,Deep hole,12.905221,77.700322,user462,2025-04-25T04:59:00,Bengaluru,5
Pothole #3463,Small crack,13.007151,77.609859,user463,2025-03-05T01:59:00,Bengaluru,1
Pothole #3464,Causes skidding,12.896229,77.657066,user464,2025-02-04T14:27:00,Bengaluru,2
Pothole #3465,Deep hole,12.857923,77.530905,user465,2025-05-15T13:06:00,Bengaluru,1
Pothole #3466,Crater-like,13.005534,77.650343,user466,2025-01-24T04:34:00,Bengaluru,2
Pothole #3467,Deep hole,12.925487,77.628091,user467,2025-04-25T23:43:00,Bengaluru,3
Pothole #3468,Small crack,12.854693,77.662086,user468,2025-04-11T10:08:00,Bengaluru,5
Pothole #3469,Causes skidding,12.972389,77.526858,user469,2025-10-17T18:42:00,Bengaluru,4
Pothole #3470,Deep hole,12.994493,77.695645,user470,2025-07-16T17:21:00,Bengaluru,2
Pothole #3471,Deep hole,12.887747,77.618667,user471,2025-08-16T04:44:00,Bengaluru,4
Pothole #3472,Crater-like,12.871406,77.673963,user472,2025-01-18T04:20:00,Bengaluru,4
Pothole #3473,Crater-like,12.871532,77.614626,user473,2025-04-13T08:12:00,Bengaluru,1
Pothole #3474,Small crack,12.886221,77.645342,user474,2025-03-12T10:46:00,Bengaluru,1
Pothole #3475,Damaged patch,12.882446,77.588019,user475,2025-03-07T16:07:00,Bengaluru,4
Pothole #3476,Crater-like,12.901561,77.746857,user476,2025-09-18T06:12:00,Bengaluru,4
Pothole #3477,Needs repair,12.898613,77.516178,user477,2025-10-10T11:58:00,Bengaluru,2
Pothole #3478,Deep hole,12.887522,77.585854,user478,2025-06-19T08:00:00,Bengaluru,3
Pothole #3479,Needs repair,12.988352,77.525675,user479,2025-07-08T09:04:00,Bengaluru,4
Pothole #3480,Needs repair,13.001319,77.721257,user480,2025-01-27T05:58:00,Bengaluru,3
Pothole #3481,Needs repair,12.958816,77.69292,user481,2025-06-14T08:14:00,Bengaluru,2
Pothole #3482,Deep hole,12.951974,77.727905,user482,2025-01-13T03:08:00,Bengaluru,3
Pothole #3483,Deep hole,13.042982,77.671715,user483,2025-06-14T12:05:00,Bengaluru,1
Pothole #3484,Deep hole,12.926329,77.531405,user484,2025-10-21T18:21:00,Bengaluru,3
Pothole #3485,Crater-like,12.916352,77.695714,user485,2025-03-19T18:17:00,Bengaluru,2
Pothole #3486,Needs repair,12.911754,77.658209,user486,2025-08-01T03:14:00,Bengaluru,3
Pothole #3487,Small crack,13.037668,77.696625,user487,2025-09-28T03:27:00,Bengaluru,3
Pothole #3488,Deep hole,13.011253,77.514324,user488,2025-08-12T11:47:00,Bengaluru,1
Pothole #3489,Small crack,12.999,77.533579,user489,2025-06-07T20:06:00,Bengaluru,3
Pothole #3490,Deep hole,13.046853,77.713335,user490,2025-06-05T17:05:00,Bengaluru,3
Pothole #3491,Deep hole,12.89543,77.513453,user491,2025-05-13T13:27:00,Bengaluru,5
Pothole #3492,Causes skidding,12.953844,77.507282,user492,2025-07-18T19:40:00,Bengaluru,4
Pothole #3493,Damaged patch,12.880824,77.525734,user493,2025-01-24T00:58:00,Bengaluru,5
Pothole #3494,Needs repair,12.910281,77.617947,user494,2025-06-14T18:28:00,Bengaluru,1
Pothole #3495,Needs repair,12.924431,77.57771,user495,2025-03-08T12:54:00,Bengaluru,5
Pothole #3496,Deep hole,12.903569,77.717628,user496,2025-09-28T10:33:00,Bengaluru,3
Pothole #3497,Causes skidding,12.923823,77.659473,user497,2025-08-14T17:33:00,Bengaluru,1
Pothole #3498,Damaged patch,13.000121,77.532369,user498,2025-03-27T21:31:00,Bengaluru,4
Pothole #3499,Causes skidding,12.969848,77.609421,user499,2025-09-08T18:19:00,Bengaluru,1
Pothole #3500,Causes skidding,12.91731,77.532963,user0,2025-11-10T04:42:00,Bengaluru,1
Pothole #3501,Deep hole,12.8692,77.617967,user1,2025-03-14T22:14:00,Bengaluru,3
Pothole #3502,Needs repair,12.948736,77.579557,user2,2025-11-07T09:01:00,Bengaluru,5
Pothole #3503,Small crack,12.97388,77.505294,user3,2025-06-07T10:29:00,Bengaluru,5
Pothole #3504,Causes skidding,12.876223,77.526475,user4,2025-07-02T10:18:00,Bengaluru,5
Pothole #3505,Crater-like,12.89838,77.565423,user5,2025-11-08T08:26:00,Bengaluru,1
Pothole #3506,Damaged patch,12.978946,77.575156,user6,2025-11-18T18:40:00,Bengaluru,4
Pothole #3507,Small crack,12.880206,77.672886,user7,2025-02-25T11:20:00,Bengaluru,5
Pothole #3508,Crater-like,12.855001,77.657238,user8,2025-03-03T04:01:00,Bengaluru,4
Pothole #3509,Causes skidding,12.924009,77.574307,user9,2025-03-28T10:58:00,Bengaluru,1
Pothole #3510,Needs repair,12.87404,77.642132,user10,2025-04-10T03:25:00,Bengaluru,1
Pothole #3511,Crater-like,12.875514,77.588074,user11,2025-03-14T22:13:00,Bengaluru,4
Pothole #3512,Damaged patch,13.015172,77.718787,user12,2025-01-13T21:33:00,Bengaluru,4
Pothole #3513,Damaged patch,12.882471,77.627987,user13,2025-05-25T14:34:00,Bengaluru,2
Pothole #3514,Small crack,12.986324,77.703734,user14,2025-09-22T11:06:00,Bengaluru,5
Pothole #3515,Small crack,12.888923,77.586298,user15,2025-05-24T12:09:00,Bengaluru,3
Pothole #3516,Causes skidding,12.879818,77.501957,user16,2025-06-04T01:28:00,Bengaluru,3
Pothole #3517,Small crack,12.935247,77.737117,user17,2025-11-12T14:01:00,Bengaluru,4
Pothole #3518,Causes skidding,12.862963,77.635,user18,2025-01-24T15:04:00,Bengaluru,4
Pothole #3519,Causes skidding,12.999875,77.514111,user19,2025-02-11T06:19:00,Bengaluru,1
Pothole #3520,Crater-like,12.992271,77.727722,user20,2025-04-11T10:39:00,Bengaluru,4
Pothole #3521,Small crack,12.998191,77.747268,user21,2025-05-01T05:33:00,Bengaluru,4
Pothole #3522,Damaged patch,12.964119,77.657964,user22,2025-08-16T19:02:00,Bengaluru,3
Pothole #3523,Damaged patch,12.965024,77.674381,user23,2025-07-18T16:16:00,Bengaluru,1
Pothole #3524,Small crack,12.988565,77.531592,user24,2025-07-12T01:09:00,Bengaluru,2
Pothole #3525,Deep hole,12.894115,77.735873,user25,2025-06-01T09:29:00,Bengaluru,3
Pothole #3526,Damaged patch,12.995855,77.723383,user26,2025-04-17T01:21:00,Bengaluru,4
Pothole #3527,Damaged patch,12.979274,77.670721,user27,2025-08-07T22:23:00,Bengaluru,2
Pothole #3528,Deep hole,12.976915,77.734657,user28,2025-06-12T15:23:00,Bengaluru,3
Pothole #3529,Crater-like,13.030756,77.562574,user29,2025-03-18T10:53:00,Bengaluru,4
Pothole #3530,Deep hole,13.047289,77.529939,user30,2025-02-20T01:41:00,Bengaluru,1
Pothole #3531,Small crack,13.006929,77.745733,user31,2025-03-07T15:07:00,Bengaluru,1
Pothole #3532,Damaged patch,12.870682,77.577485,user32,2025-05-25T04:52:00,Bengaluru,1
Pothole #3533,Crater-like,12.916418,77.719806,user33,2025-10-24T13:54:00,Bengaluru,5
Pothole #3534,Damaged patch,12.881904,77.663209,user34,2025-06-25T18:51:00,Bengaluru,4
Pothole #3535,Crater-like,12.982393,77.63583,user35,2025-08-12T00:04:00,Bengaluru,1
Pothole #3536,Damaged patch,12.887452,77.733097,user36,2025-05-07T12:01:00,Bengaluru,1
Pothole #3537,Causes skidding,12.952011,77.541409,user37,2025-08-06T12:21:00,Bengaluru,4
Pothole #3538,Deep hole,12.950406,77.673302,user38,2025-01-08T21:29:00,Bengaluru,1
Pothole #3539,Damaged patch,12.868716,77.678592,user39,2025-01-01T02:29:00,Bengaluru,5
Pothole #3540,Crater-like,12.930147,77.687543,user40,2025-05-21T18:54:00,Bengaluru,1
Pothole #3541,Small crack,12.895548,77.517908,user41,2025-08-24T00:42:00,Bengaluru,5
Pothole #3542,Damaged patch,12.868367,77.646525,user42,2025-06-03T11:02:00,Bengaluru,3
Pothole #3543,Needs repair,12.940997,77.51995,user43,2025-06-23T07:10:00,Bengaluru,5
Pothole #3544,Deep hole,12.963655,77.57555,user44,2025-10-15T12:34:00,Bengaluru,3
Pothole #3545,Needs repair,13.039459,77.57977,user45,2025-11-28T09:53:00,Bengaluru,4
Pothole #3546,Needs repair,12.874694,77.653648,user46,2025-03-09T20:40:00,Bengaluru,3
Pothole #3547,Needs repair,12.88581,77.51141,user47,2025-11-25T06:16:00,Bengaluru,3
Pothole #3548,Needs repair,12.936538,77.683606,user48,2025-01-04T19:22:00,Bengaluru,1
Pothole #3549,Needs repair,12.880469,77.507813,user49,2025-05-14T14:48:00,Bengaluru,1
Pothole #3550,Causes skidding,12.945817,77.649777,user50,2025-06-03T06:55:00,Bengaluru,5
Pothole #3551,Causes skidding,12.920334,77.60923,user51,2025-02-20T05:00:00,Bengaluru,2
Pothole #3552,Causes skidding,12.994749,77.575234,user52,2025-01-13T16:59:00,Bengaluru,2
Pothole #3553,Needs repair,13.004453,77.556557,user53,2025-07-07T04:24:00,Bengaluru,5
Pothole #3554,Damaged patch,13.044686,77.575561,user54,2025-08-17T11:44:00,Bengaluru,4
Pothole #3555,Damaged patch,12.89804,77.515684,user55,2025-06-18T17:04:00,Bengaluru,1
Pothole #3556,Small crack,12.898639,77.592381,user56,2025-03-19T20:08:00,Bengaluru,4
Pothole #3557,Causes skidding,13.02951,77.661429,user57,2025-03-28T16:37:00,Bengaluru,4
Pothole #3558,Small crack,13.007991,77.586301,user58,2025-06-21T11:59:00,Bengaluru,1
Pothole #3559,Damaged patch,12.994588,77.670536,user59,2025-06-18T06:42:00,Bengaluru,1
Pothole #3560,Needs repair,12.902218,77.62272,user60,2025-03-18T23:01:00,Bengaluru,5
Pothole #3561,Damaged patch,12.892134,77.610094,user61,2025-03-04T21:33:00,Bengaluru,2
Pothole #3562,Damaged patch,12.883985,77.56191,user62,2025-06-26T18:21:00,Bengaluru,2
Pothole #3563,Small crack,12.852427,77.742793,user63,2025-08-21T05:07:00,Bengaluru,4
Pothole #3564,Causes skidding,12.917343,77.69155,user64,2025-07-11T21:58:00,Bengaluru,4
Pothole #3565,Deep hole,12.868222,77.688533,user65,2025-10-27T03:42:00,Bengaluru,5
Pothole #3566,Damaged patch,13.008702,77.626764,user66,2025-11-09T01:26:00,Bengaluru,5
Pothole #3567,Damaged patch,12.850558,77.687869,user67,2025-02-10T08:17:00,Bengaluru,4
Pothole #3568,Small crack,12.856068,77.637317,user68,2025-09-12T10:45:00,Bengaluru,2
Pothole #3569,Small crack,13.021153,77.649971,user69,2025-07-04T20:54:00,Bengaluru,1
Pothole #3570,Damaged patch,12.90603,77.514109,user70,2025-04-12T07:09:00,Bengaluru,3
Pothole #3571,Deep hole,13.023782,77.534976,user71,2025-08-21T10:12:00,Bengaluru,3
Pothole #3572,Crater-like,12.913043,77.738754,user72,2025-10-03T12:47:00,Bengaluru,4
Pothole #3573,Deep hole,13.038285,77.671018,user73,2025-03-22T15:54:00,Bengaluru,5
Pothole #3574,Damaged patch,12.957459,77.733056,user74,2025-06-10T08:50:00,Bengaluru,3
Pothole #3575,Deep hole,12.926181,77.64715,user75,2025-10-01T11:26:00,Bengaluru,2
Pothole #3576,Deep hole,12.91618,77.673082,user76,2025-08-01T10:46:00,Bengaluru,4
Pothole #3577,Deep hole,12.945772,77.641398,user77,2025-01-23T23:02:00,Bengaluru,4
Pothole #3578,Needs repair,12.984217,77.691133,user78,2025-09-13T23:24:00,Bengaluru,4
Pothole #3579,Deep hole,12.953881,77.617878,user79,2025-07-03T06:59:00,Bengaluru,1
Pothole #3580,Small crack,12.908409,77.585819,user80,2025-06-15T09:41:00,Bengaluru,3
Pothole #3581,Causes skidding,13.022446,77.690927,user81,2025-05-10T03:29:00,Bengaluru,3
Pothole #3582,Needs repair,12.930143,77.737147,user82,2025-07-25T16:03:00,Bengaluru,5
Pothole #3583,Deep hole,12.880777,77.674863,user83,2025-08-04T21:41:00,Bengaluru,1
Pothole #3584,Damaged patch,12.943262,77.696813,user84,2025-02-02T10:08:00,Bengaluru,5
Pothole #3585,Damaged patch,12.946194,77.525407,user85,2025-05-15T09:18:00,Bengaluru,2
Pothole #3586,Crater-like,12.956104,77.569419,user86,2025-04-14T11:45:00,Bengaluru,3
Pothole #3587,Crater-like,12.865476,77.556368,user87,2025-09-13T17:41:00,Bengaluru,5
Pothole #3588,Deep hole,12.87173,77.677791,user88,2025-05-17T17:48:00,Bengaluru,1
Pothole #3589,Deep hole,12.932954,77.50816,user89,2025-09-07T18:47:00,Bengaluru,2
Pothole #3590,Small crack,12.866312,77.526629,user90,2025-10-01T11:06:00,Bengaluru,4
Pothole #3591,Needs repair,12.992656,77.626513,user91,2025-01-07T15:43:00,Bengaluru,2
Pothole #3592,Damaged patch,13.020816,77.695457,user92,2025-11-08T08:58:00,Bengaluru,1
Pothole #3593,Deep hole,12.872889,77.520357,user93,2025-09-26T05:32:00,Bengaluru,5
Pothole #3594,Crater-like,12.944644,77.532368,user94,2025-05-22T16:35:00,Bengaluru,3
Pothole #3595,Damaged patch,13.033488,77.585199,user95,2025-10-22T01:18:00,Bengaluru,3
Pothole #3596,Crater-like,12.952516,77.54755,user96,2025-06-26T09:23:00,Bengaluru,5
Pothole #3597,Damaged patch,12.896377,77.663491,user97,2025-09-15T13:07:00,Bengaluru,4
Pothole #3598,Needs repair,12.940776,77.681779,user98,2025-11-02T15:51:00,Bengaluru,3
Pothole #3599,Crater-like,12.93319,77.644859,user99,2025-06-15T16:29:00,Bengaluru,5
Pothole #3600,Causes skidding,12.928856,77.548469,user100,2025-08-11T00:32:00,Bengaluru,5
Pothole #3601,Causes skidding,13.048569,77.630751,user101,2025-10-14T20:57:00,Bengaluru,2
Pothole #3602,Damaged patch,12.927265,77.735051,user102,2025-06-06T14:48:00,Bengaluru,5
Pothole #3603,Damaged patch,12.955681,77.714895,user103,2025-09-02T10:27:00,Bengaluru,1
Pothole #3604,Needs repair,13.042228,77.531954,user104,2025-09-11T13:57:00,Bengaluru,2
Pothole #3605,Small crack,12.976914,77.697128,user105,2025-03-25T12:31:00,Bengaluru,2
Pothole #3606,Damaged patch,12.995378,77.551608,user106,2025-04-06T07:33:00,Bengaluru,5
Pothole #3607,Needs repair,12.93421,77.710908,user107,2025-02-14T01:25:00,Bengaluru,3
Pothole #3608,Deep hole,13.012538,77.658842,user108,2025-01-18T03:48:00,Bengaluru,5
Pothole #3609,Causes skidding,12.990246,77.638504,user109,2025-01-21T12:05:00,Bengaluru,5
Pothole #3610,Crater-like,12.926959,77.528232,user110,2025-04-05T20:03:00,Bengaluru,2
Pothole #3611,Damaged patch,12.946056,77.730724,user111,2025-09-22T13:44:00,Bengaluru,3
Pothole #3612,Small crack,13.008928,77.624442,user112,2025-10-10T18:23:00,Bengaluru,4
Pothole #3613,Small crack,12.947281,77.68477,user113,2025-10-21T14:17:00,Bengaluru,2
Pothole #3614,Small crack,12.977091,77.686188,user114,2025-08-18T16:53:00,Bengaluru,5
Pothole #3615,Small crack,12.903476,77.72065,user115,2025-07-20T16:26:00,Bengaluru,1
Pothole #3616,Deep hole,12.92751,77.623445,user116,2025-09-18T02:47:00,Bengaluru,4
Pothole #3617,Small crack,12.851782,77.640607,user117,2025-08-07T17:04:00,Bengaluru,4
Pothole #3618,Crater-like,13.014428,77.616075,user118,2025-04-02T06:26:00,Bengaluru,1
Pothole #3619,Causes skidding,12.892855,77.734188,user119,2025-11-16T17:01:00,Bengaluru,3
Pothole #3620,Deep hole,12.922213,77.54194,user120,2025-02-16T17:43:00,Bengaluru,1
Pothole #3621,Causes skidding,12.958711,77.564642,user121,2025-04-18T20:47:00,Bengaluru,5
Pothole #3622,Needs repair,12.854742,77.500502,user122,2025-07-15T01:54:00,Bengaluru,1
Pothole #3623,Small crack,12.897951,77.503609,user123,2025-06-08T06:14:00,Bengaluru,1
Pothole #3624,Crater-like,12.943068,77.736778,user124,2025-08-01T12:13:00,Bengaluru,2
Pothole #3625,Needs repair,13.032111,77.597924,user125,2025-07-25T02:17:00,Bengaluru,3
Pothole #3626,Needs repair,12.941176,77.605339,user126,2025-10-18T14:59:00,Bengaluru,1
Pothole #3627,Deep hole,13.016552,77.612523,user127,2025-03-12T15:02:00,Bengaluru,3
Pothole #3628,Causes skidding,12.88676,77.54374,user128,2025-06-15T15:05:00,Bengaluru,2
Pothole #3629,Deep hole,12.910445,77.73773,user129,2025-01-27T21:20:00,Bengaluru,3
Pothole #3630,Small crack,12.860685,77.544362,user130,2025-10-02T21:50:00,Bengaluru,1
Pothole #3631,Crater-like,12.956954,77.744854,user131,2025-02-16T15:42:00,Bengaluru,4
Pothole #3632,Small crack,13.016694,77.525811,user132,2025-04-26T09:31:00,Bengaluru,4
Pothole #3633,Causes skidding,13.049884,77.74927,user133,2025-04-09T17:54:00,Bengaluru,4
Pothole #3634,Deep hole,12.969744,77.678673,user134,2025-11-19T11:02:00,Bengaluru,3
Pothole #3635,Deep hole,12.963239,77.696095,user135,2025-02-05T00:48:00,Bengaluru,3
Pothole #3636,Deep hole,12.971407,77.589724,user136,2025-02-03T00:10:00,Bengaluru,5
Pothole #3637,Deep hole,13.046446,77.748333,user137,2025-03-03T09:29:00,Bengaluru,4
Pothole #3638,Small crack,13.000518,77.743394,user138,2025-01-18T18:24:00,Bengaluru,5
Pothole #3639,Crater-like,12.957991,77.593214,user139,2025-09-11T22:25:00,Bengaluru,2
Pothole #3640,Damaged patch,12.974325,77.644921,user140,2025-08-21T12:27:00,Bengaluru,3
Pothole #3641,Deep hole,12.86464,77.711285,user141,2025-04-24T11:59:00,Bengaluru,2
Pothole #3642,Damaged patch,13.01356,77.535099,user142,2025-11-25T14:30:00,Bengaluru,4
Pothole #3643,Needs repair,12.95789,77.634791,user143,2025-02-27T14:31:00,Bengaluru,4
Pothole #3644,Causes skidding,12.857334,77.547364,user144,2025-01-15T09:43:00,Bengaluru,1
Pothole #3645,Needs repair,12.883821,77.626526,user145,2025-11-24T19:11:00,Bengaluru,1
Pothole #3646,Causes skidding,12.993753,77.581668,user146,2025-07-17T22:48:00,Bengaluru,3
Pothole #3647,Deep hole,12.980367,77.618876,user147,2025-09-16T10:36:00,Bengaluru,2
Pothole #3648,Causes skidding,12.879799,77.736537,user148,2025-09-10T15:57:00,Bengaluru,4
Pothole #3649,Causes skidding,13.034661,77.692216,user149,2025-09-26T00:11:00,Bengaluru,5
Pothole #3650,Needs repair,12.88222,77.699549,user150,2025-03-05T07:37:00,Bengaluru,2
Pothole #3651,Needs repair,12.984063,77.598399,user151,2025-05-26T02:10:00,Bengaluru,4
Pothole #3652,Crater-like,12.918002,77.512376,user152,2025-08-19T21:36:00,Bengaluru,4
Pothole #3653,Deep hole,12.977311,77.556579,user153,2025-11-14T01:23:00,Bengaluru,1
Pothole #3654,Deep hole,12.915045,77.677314,user154,2025-04-18T06:45:00,Bengaluru,4
Pothole #3655,Needs repair,12.98955,77.638467,user155,2025-09-26T05:50:00,Bengaluru,2
Pothole #3656,Damaged patch,12.890122,77.723098,user156,2025-09-24T00:14:00,Bengaluru,4
Pothole #3657,Damaged patch,12.875165,77.672496,user157,2025-09-11T01:15:00,Bengaluru,1
Pothole #3658,Causes skidding,12.923604,77.602008,user158,2025-05-19T23:46:00,Bengaluru,4
Pothole #3659,Causes skidding,13.033187,77.68628,user159,2025-09-13T02:26:00,Bengaluru,1
Pothole #3660,Damaged patch,12.890467,77.667791,user160,2025-01-14T22:56:00,Bengaluru,5
Pothole #3661,Crater-like,12.970809,77.655095,user161,2025-08-24T13:50:00,Bengaluru,5
Pothole #3662,Needs repair,12.985766,77.660458,user162,2025-09-13T19:45:00,Bengaluru,5
Pothole #3663,Causes skidding,13.003808,77.743912,user163,2025-06-24T03:28:00,Bengaluru,5
Pothole #3664,Needs repair,12.91052,77.738887,user164,2025-05-03T16:03:00,Bengaluru,2
Pothole #3665,Small crack,13.026373,77.608059,user165,2025-09-06T05:55:00,Bengaluru,3
Pothole #3666,Needs repair,12.910368,77.594113,user166,2025-04-09T18:42:00,Bengaluru,4
Pothole #3667,Small crack,12.930298,77.743562,user167,2025-04-07T16:16:00,Bengaluru,4
Pothole #3668,Crater-like,12.99441,77.704068,user168,2025-06-25T00:12:00,Bengaluru,4
Pothole #3669,Small crack,12.9045,77.555363,user169,2025-08-11T22:39:00,Bengaluru,2
Pothole #3670,Needs repair,12.992149,77.676277,user170,2025-05-24T06:45:00,Bengaluru,3
Pothole #3671,Causes skidding,12.968453,77.707722,user171,2025-03-22T10:45:00,Bengaluru,5
Pothole #3672,Needs repair,12.883235,77.549048,user172,2025-03-26T17:50:00,Bengaluru,3
Pothole #3673,Deep hole,12.953622,77.647142,user173,2025-04-05T01:40:00,Bengaluru,4
Pothole #3674,Small crack,13.027438,77.713943,user174,2025-05-06T09:15:00,Bengaluru,2
Pothole #3675,Crater-like,13.010188,77.690573,user175,2025-09-01T04:25:00,Bengaluru,5
Pothole #3676,Damaged patch,13.018032,77.694699,user176,2025-01-27T21:34:00,Bengaluru,2
Pothole #3677,Deep hole,12.989315,77.674365,user177,2025-11-14T00:54:00,Bengaluru,3
Pothole #3678,Needs repair,12.961743,77.631044,user178,2025-04-15T21:39:00,Bengaluru,2
Pothole #3679,Damaged patch,12.937653,77.695991,user179,2025-04-05T15:18:00,Bengaluru,4
Pothole #3680,Small crack,13.0259,77.560916,user180,2025-03-21T21:50:00,Bengaluru,4
Pothole #3681,Small crack,12.860099,77.664311,user181,2025-01-06T06:03:00,Bengaluru,5
Pothole #3682,Needs repair,12.983502,77.600064,user182,2025-11-10T15:36:00,Bengaluru,3
Pothole #3683,Needs repair,12.939763,77.521999,user183,2025-06-03T19:12:00,Bengaluru,3
Pothole #3684,Crater-like,12.98192,77.586965,user184,2025-08-26T05:59:00,Bengaluru,3
Pothole #3685,Deep hole,12.934203,77.600348,user185,2025-07-27T19:01:00,Bengaluru,4
Pothole #3686,Needs repair,13.006457,77.662516,user186,2025-08-10T23:18:00,Bengaluru,3
Pothole #3687,Deep hole,13.0487,77.74878,user187,2025-08-02T22:40:00,Bengaluru,2
Pothole #3688,Deep hole,13.026636,77.608391,user188,2025-02-15T20:08:00,Bengaluru,5
Pothole #3689,Deep hole,13.016057,77.736047,user189,2025-06-20T02:37:00,Bengaluru,1
Pothole #3690,Damaged patch,12.98522,77.650035,user190,2025-01-28T15:14:00,Bengaluru,1
Pothole #3691,Crater-like,13.034038,77.534155,user191,2025-09-21T00:09:00,Bengaluru,5
Pothole #3692,Crater-like,12.946344,77.504827,user192,2025-06-17T07:54:00,Bengaluru,1
Pothole #3693,Damaged patch,13.002261,77.548063,user193,2025-08-25T05:15:00,Bengaluru,4
Pothole #3694,Needs repair,12.960524,77.748277,user194,2025-11-27T03:17:00,Bengaluru,1
Pothole #3695,Damaged patch,12.965303,77.686427,user195,2025-02-12T20:32:00,Bengaluru,2
Pothole #3696,Small crack,12.953307,77.624133,user196,2025-04-09T17:30:00,Bengaluru,5
Pothole #3697,Small crack,12.864651,77.691577,user197,2025-06-25T05:59:00,Bengaluru,1
Pothole #3698,Deep hole,12.897408,77.735576,user198,2025-10-06T15:48:00,Bengaluru,2
Pothole #3699,Crater-like,12.889394,77.642776,user199,2025-02-02T03:03:00,Bengaluru,2
Pothole #3700,Deep hole,12.939019,77.681387,user200,2025-10-09T04:43:00,Bengaluru,4
Pothole #3701,Needs repair,13.00363,77.742595,user201,2025-06-16T16:16:00,Bengaluru,5
Pothole #3702,Causes skidding,13.046828,77.661621,user202,2025-03-08T13:47:00,Bengaluru,5
Pothole #3703,Crater-like,13.038538,77.599618,user203,2025-01-03T04:03:00,Bengaluru,4
Pothole #3704,Needs repair,12.973153,77.521825,user204,2025-01-09T22:21:00,Bengaluru,5
Pothole #3705,Damaged patch,12.954997,77.611589,user205,2025-06-04T14:43:00,Bengaluru,5
Pothole #3706,Crater-like,13.022673,77.587838,user206,2025-11-08T15:17:00,Bengaluru,4
Pothole #3707,Causes skidding,12.970605,77.615874,user207,2025-03-21T10:17:00,Bengaluru,4
Pothole #3708,Deep hole,12.878365,77.516976,user208,2025-09-26T16:56:00,Bengaluru,5
Pothole #3709,Deep hole,12.945325,77.587066,user209,2025-05-02T15:29:00,Bengaluru,1
Pothole #3710,Causes skidding,12.931832,77.586275,user210,2025-11-23T21:46:00,Bengaluru,3
Pothole #3711,Small crack,12.967011,77.644192,user211,2025-06-26T21:22:00,Bengaluru,5
Pothole #3712,Crater-like,12.872065,77.592885,user212,2025-01-17T17:40:00,Bengaluru,5
Pothole #3713,Damaged patch,13.03267,77.73142,user213,2025-08-05T10:15:00,Bengaluru,5
Pothole #3714,Damaged patch,13.02691,77.728531,user214,2025-07-07T06:59:00,Bengaluru,1
Pothole #3715,Needs repair,12.95767,77.569288,user215,2025-10-06T06:22:00,Bengaluru,5
Pothole #3716,Crater-like,12.854247,77.602664,user216,2025-08-25T09:34:00,Bengaluru,3
Pothole #3717,Crater-like,12.901051,77.668152,user217,2025-06-09T09:09:00,Bengaluru,4
Pothole #3718,Causes skidding,13.020228,77.68771,user218,2025-02-12T15:24:00,Bengaluru,2
Pothole #3719,Deep hole,12.886245,77.633537,user219,2025-03-20T19:54:00,Bengaluru,2
Pothole #3720,Needs repair,12.988865,77.697613,user220,2025-05-24T06:58:00,Bengaluru,5
Pothole #3721,Small crack,12.894334,77.516024,user221,2025-06-06T23:30:00,Bengaluru,2
Pothole #3722,Crater-like,12.996106,77.684116,user222,2025-01-01T08:18:00,Bengaluru,4
Pothole #3723,Needs repair,12.898653,77.615281,user223,2025-08-23T13:24:00,Bengaluru,3
Pothole #3724,Needs repair,13.00991,77.732539,user224,2025-05-20T09:38:00,Bengaluru,4
Pothole #3725,Causes skidding,12.956616,77.552936,user225,2025-01-22T08:51:00,Bengaluru,3
Pothole #3726,Causes skidding,12.961257,77.742941,user226,2025-10-16T15:45:00,Bengaluru,2
Pothole #3727,Small crack,13.033577,77.671306,user227,2025-07-13T17:03:00,Bengaluru,5
Pothole #3728,Needs repair,12.984863,77.71758,user228,2025-01-02T01:55:00,Bengaluru,2
Pothole #3729,Deep hole,13.018011,77.600968,user229,2025-04-27T16:57:00,Bengaluru,2
Pothole #3730,Small crack,12.897094,77.72739,user230,2025-11-05T10:04:00,Bengaluru,1
Pothole #3731,Deep hole,13.047808,77.741574,user231,2025-05-11T11:26:00,Bengaluru,2
Pothole #3732,Crater-like,12.862216,77.690558,user232,2025-05-23T03:45:00,Bengaluru,5
Pothole #3733,Small crack,13.035605,77.577317,user233,2025-08-28T10:17:00,Bengaluru,2
Pothole #3734,Causes skidding,12.987266,77.684891,user234,2025-03-12T10:22:00,Bengaluru,5
Pothole #3735,Causes skidding,12.869255,77.636193,user235,2025-10-10T09:30:00,Bengaluru,4
Pothole #3736,Deep hole,12.969382,77.50274,user236,2025-09-05T07:08:00,Bengaluru,1
Pothole #3737,Crater-like,12.997716,77.679475,user237,2025-04-21T11:41:00,Bengaluru,5
Pothole #3738,Causes skidding,13.035059,77.591541,user238,2025-04-07T17:38:00,Bengaluru,5
Pothole #3739,Causes skidding,12.912818,77.728107,user239,2025-03-08T19:21:00,Bengaluru,4
Pothole #3740,Crater-like,12.976889,77.681617,user240,2025-01-10T10:52:00,Bengaluru,3
Pothole #3741,Causes skidding,12.872661,77.614995,user241,2025-11-07T12:38:00,Bengaluru,3
Pothole #3742,Damaged patch,12.875073,77.681886,user242,2025-02-02T13:00:00,Bengaluru,5
Pothole #3743,Causes skidding,13.033438,77.588372,user243,2025-06-11T00:07:00,Bengaluru,1
Pothole #3744,Small crack,12.913297,77.700954,user244,2025-10-24T21:33:00,Bengaluru,1
Pothole #3745,Deep hole,12.973007,77.663975,user245,2025-01-07T07:00:00,Bengaluru,1
Pothole #3746,Crater-like,12.939424,77.709348,user246,2025-11-08T08:57:00,Bengaluru,2
Pothole #3747,Small crack,13.020984,77.685549,user247,2025-07-20T19:06:00,Bengaluru,3
Pothole #3748,Crater-like,12.8672,77.631549,user248,2025-07-21T12:46:00,Bengaluru,3
Pothole #3749,Damaged patch,12.952543,77.639942,user249,2025-09-05T22:53:00,Bengaluru,3
Pothole #3750,Small crack,12.931405,77.581984,user250,2025-07-14T06:14:00,Bengaluru,3
Pothole #3751,Damaged patch,12.956687,77.531318,user251,2025-07-07T03:48:00,Bengaluru,3
Pothole #3752,Damaged patch,12.867711,77.620279,user252,2025-11-24T11:18:00,Bengaluru,1
Pothole #3753,Causes skidding,13.049621,77.684326,user253,2025-01-16T08:56:00,Bengaluru,4
Pothole #3754,Causes skidding,12.85592,77.62743,user254,2025-05-10T03:14:00,Bengaluru,4
Pothole #3755,Small crack,13.042302,77.542079,user255,2025-03-13T07:54:00,Bengaluru,1
Pothole #3756,Deep hole,12.864842,77.533774,user256,2025-01-28T17:38:00,Bengaluru,1
Pothole #3757,Deep hole,12.914828,77.682947,user257,2025-02-02T22:45:00,Bengaluru,4
Pothole #3758,Deep hole,12.987735,77.653375,user258,2025-05-17T04:08:00,Bengaluru,3
Pothole #3759,Deep hole,12.962769,77.64754,user259,2025-02-05T09:01:00,Bengaluru,5
Pothole #3760,Small crack,12.90907,77.546997,user260,2025-07-25T02:05:00,Bengaluru,2
Pothole #3761,Small crack,13.022364,77.671491,user261,2025-07-24T17:50:00,Bengaluru,1
Pothole #3762,Causes skidding,12.918405,77.576292,user262,2025-08-13T05:25:00,Bengaluru,1
Pothole #3763,Crater-like,12.945004,77.706059,user263,2025-09-15T16:18:00,Bengaluru,1
Pothole #3764,Crater-like,13.047381,77.664313,user264,2025-08-09T06:34:00,Bengaluru,2
Pothole #3765,Small crack,13.018451,77.742975,user265,2025-04-22T11:53:00,Bengaluru,4
Pothole #3766,Needs repair,12.964305,77.740306,user266,2025-09-09T01:38:00,Bengaluru,4
Pothole #3767,Small crack,13.03059,77.547811,user267,2025-11-14T11:07:00,Bengaluru,2
Pothole #3768,Small crack,12.930898,77.60821,user268,2025-05-18T21:33:00,Bengaluru,2
Pothole #3769,Crater-like,12.874497,77.652824,user269,2025-01-19T01:10:00,Bengaluru,2
Pothole #3770,Small crack,12.902255,77.542067,user270,2025-06-22T17:39:00,Bengaluru,1
Pothole #3771,Causes skidding,13.018171,77.638395,user271,2025-06-04T01:54:00,Bengaluru,3
Pothole #3772,Crater-like,12.875252,77.734197,user272,2025-02-13T20:18:00,Bengaluru,1
Pothole #3773,Damaged patch,13.01045,77.624404,user273,2025-03-08T02:31:00,Bengaluru,1
Pothole #3774,Small crack,12.903775,77.584497,user274,2025-08-20T17:34:00,Bengaluru,3
Pothole #3775,Damaged patch,12.913068,77.701179,user275,2025-09-01T22:08:00,Bengaluru,1
Pothole #3776,Causes skidding,12.993885,77.606981,user276,2025-05-21T07:12:00,Bengaluru,3
Pothole #3777,Crater-like,12.95488,77.59022,user277,2025-03-28T21:01:00,Bengaluru,5
Pothole #3778,Crater-like,12.899737,77.696671,user278,2025-03-19T06:37:00,Bengaluru,3
Pothole #3779,Needs repair,12.924662,77.697109,user279,2025-02-04T23:05:00,Bengaluru,2
Pothole #3780,Crater-like,12.917428,77.715413,user280,2025-05-07T06:09:00,Bengaluru,1
Pothole #3781,Deep hole,12.916882,77.506048,user281,2025-09-27T08:24:00,Bengaluru,1
Pothole #3782,Damaged patch,12.889315,77.654366,user282,2025-11-24T22:13:00,Bengaluru,5
Pothole #3783,Causes skidding,12.872866,77.686829,user283,2025-04-16T23:58:00,Bengaluru,2
Pothole #3784,Crater-like,12.955937,77.733394,user284,2025-10-26T09:05:00,Bengaluru,2
Pothole #3785,Needs repair,12.995903,77.529007,user285,2025-09-27T01:17:00,Bengaluru,5
Pothole #3786,Small crack,12.919154,77.536242,user286,2025-05-18T17:38:00,Bengaluru,1
Pothole #3787,Crater-like,12.867873,77.561891,user287,2025-06-20T12:30:00,Bengaluru,1
Pothole #3788,Damaged patch,13.015148,77.734648,user288,2025-06-14T19:12:00,Bengaluru,2
Pothole #3789,Causes skidding,12.969237,77.717157,user289,2025-08-02T09:18:00,Bengaluru,3
Pothole #3790,Needs repair,12.856443,77.527976,user290,2025-06-15T00:17:00,Bengaluru,5
Pothole #3791,Small crack,13.038919,77.618956,user291,2025-01-28T14:24:00,Bengaluru,4
Pothole #3792,Small crack,12.872563,77.534068,user292,2025-05-27T19:34:00,Bengaluru,1
Pothole #3793,Causes skidding,12.99541,77.668053,user293,2025-04-11T00:04:00,Bengaluru,4
Pothole #3794,Crater-like,12.907341,77.551342,user294,2025-04-11T11:46:00,Bengaluru,3
Pothole #3795,Causes skidding,12.897498,77.633464,user295,2025-01-15T07:30:00,Bengaluru,3
Pothole #3796,Needs repair,13.009898,77.523354,user296,2025-08-23T10:31:00,Bengaluru,1
Pothole #3797,Needs repair,12.868497,77.67988,user297,2025-02-18T09:05:00,Bengaluru,4
Pothole #3798,Damaged patch,13.031467,77.743584,user298,2025-07-05T21:24:00,Bengaluru,5
Pothole #3799,Needs repair,13.004156,77.735577,user299,2025-07-22T02:54:00,Bengaluru,1
Pothole #3800,Causes skidding,13.029256,77.621506,user300,2025-05-04T19:03:00,Bengaluru,5
Pothole #3801,Crater-like,13.008682,77.541098,user301,2025-03-19T16:58:00,Bengaluru,3
Pothole #3802,Causes skidding,12.968458,77.58884,user302,2025-02-25T10:00:00,Bengaluru,2
Pothole #3803,Deep hole,13.029846,77.658485,user303,2025-06-11T13:48:00,Bengaluru,3
Pothole #3804,Crater-like,12.896224,77.703137,user304,2025-11-10T10:03:00,Bengaluru,1
Pothole #3805,Needs repair,13.028096,77.509423,user305,2025-11-18T01:20:00,Bengaluru,3
Pothole #3806,Causes skidding,12.94074,77.584847,user306,2025-09-04T14:45:00,Bengaluru,2
Pothole #3807,Small crack,12.879388,77.627187,user307,2025-07-12T01:54:00,Bengaluru,5
Pothole #3808,Needs repair,13.035543,77.652628,user308,2025-05-27T10:31:00,Bengaluru,1
Pothole #3809,Small crack,12.986837,77.63017,user309,2025-06-06T03:36:00,Bengaluru,3
Pothole #3810,Small crack,13.005964,77.749775,user310,2025-06-09T23:26:00,Bengaluru,2
Pothole #3811,Small crack,12.968839,77.73369,user311,2025-01-14T06:55:00,Bengaluru,4
Pothole #3812,Deep hole,12.940872,77.721563,user312,2025-05-09T09:15:00,Bengaluru,4
Pothole #3813,Deep hole,12.974035,77.609771,user313,2025-06-25T06:56:00,Bengaluru,3
Pothole #3814,Deep hole,12.888968,77.709723,user314,2025-07-15T04:48:00,Bengaluru,3
Pothole #3815,Needs repair,13.039776,77.678652,user315,2025-01-14T13:17:00,Bengaluru,2
Pothole #3816,Causes skidding,12.854881,77.601545,user316,2025-11-25T12:49:00,Bengaluru,5
Pothole #3817,Crater-like,12.968384,77.599953,user317,2025-07-14T06:55:00,Bengaluru,4
Pothole #3818,Damaged patch,12.934542,77.595393,user318,2025-09-28T13:43:00,Bengaluru,2
Pothole #3819,Deep hole,12.873388,77.515886,user319,2025-05-21T11:45:00,Bengaluru,3
Pothole #3820,Causes skidding,12.856713,77.506151,user320,2025-08-06T20:15:00,Bengaluru,4
Pothole #3821,Crater-like,12.936977,77.535745,user321,2025-01-21T04:08:00,Bengaluru,3
Pothole #3822,Damaged patch,12.87505,77.554751,user322,2025-10-18T10:59:00,Bengaluru,4
Pothole #3823,Small crack,12.967032,77.596019,user323,2025-05-01T18:08:00,Bengaluru,4
Pothole #3824,Crater-like,12.928747,77.648483,user324,2025-10-23T22:20:00,Bengaluru,2
Pothole #3825,Crater-like,12.901774,77.691784,user325,2025-08-20T13:24:00,Bengaluru,3
Pothole #3826,Causes skidding,12.981019,77.675882,user326,2025-02-12T00:26:00,Bengaluru,1
Pothole #3827,Deep hole,12.99006,77.633534,user327,2025-10-11T02:29:00,Bengaluru,5
Pothole #3828,Causes skidding,12.906116,77.669199,user328,2025-10-13T10:30:00,Bengaluru,4
Pothole #3829,Causes skidding,12.86112,77.719037,user329,2025-03-15T11:01:00,Bengaluru,3
Pothole #3830,Causes skidding,12.97829,77.550686,user330,2025-01-16T05:46:00,Bengaluru,1
Pothole #3831,Damaged patch,13.028304,77.522787,user331,2025-04-15T15:08:00,Bengaluru,2
Pothole #3832,Crater-like,12.945538,77.697281,user332,2025-01-04T00:48:00,Bengaluru,1
Pothole #3833,Deep hole,13.044357,77.616838,user333,2025-02-26T14:55:00,Bengaluru,1
Pothole #3834,Deep hole,12.877615,77.621343,user334,2025-06-22T03:59:00,Bengaluru,1
Pothole #3835,Causes skidding,12.896648,77.715492,user335,2025-10-27T20:07:00,Bengaluru,3
Pothole #3836,Causes skidding,12.974966,77.662127,user336,2025-11-21T02:58:00,Bengaluru,1
Pothole #3837,Causes skidding,12.953506,77.692718,user337,2025-01-24T17:57:00,Bengaluru,3
Pothole #3838,Crater-like,13.013729,77.699154,user338,2025-03-17T16:58:00,Bengaluru,1
Pothole #3839,Needs repair,13.048992,77.588863,user339,2025-08-23T16:15:00,Bengaluru,3
Pothole #3840,Damaged patch,12.992504,77.539243,user340,2025-01-25T22:52:00,Bengaluru,1
Pothole #3841,Causes skidding,13.015708,77.697578,user341,2025-10-28T20:12:00,Bengaluru,4
Pothole #3842,Needs repair,12.859842,77.587944,user342,2025-09-08T15:19:00,Bengaluru,1
Pothole #3843,Causes skidding,12.862302,77.590886,user343,2025-05-24T08:42:00,Bengaluru,3
Pothole #3844,Deep hole,12.85248,77.62751,user344,2025-05-25T20:48:00,Bengaluru,3
Pothole #3845,Crater-like,12.990361,77.612759,user345,2025-05-23T19:55:00,Bengaluru,5
Pothole #3846,Damaged patch,13.011506,77.647523,user346,2025-07-27T16:39:00,Bengaluru,2
Pothole #3847,Small crack,12.899714,77.737958,user347,2025-03-04T07:53:00,Bengaluru,5
Pothole #3848,Crater-like,12.990552,77.573721,user348,2025-09-16T15:19:00,Bengaluru,2
Pothole #3849,Crater-like,12.872432,77.661716,user349,2025-08-24T08:04:00,Bengaluru,4
Pothole #3850,Crater-like,12.877794,77.642393,user350,2025-10-10T14:51:00,Bengaluru,2
Pothole #3851,Crater-like,12.861692,77.744187,user351,2025-01-08T09:39:00,Bengaluru,5
Pothole #3852,Causes skidding,12.871767,77.700816,user352,2025-10-04T13:28:00,Bengaluru,1
Pothole #3853,Causes skidding,12.879361,77.540907,user353,2025-05-24T20:58:00,Bengaluru,1
Pothole #3854,Crater-like,12.85694,77.561741,user354,2025-03-22T23:15:00,Bengaluru,5
Pothole #3855,Causes skidding,12.892174,77.578649,user355,2025-10-27T08:47:00,Bengaluru,1
Pothole #3856,Damaged patch,12.854531,77.604273,user356,2025-10-10T09:15:00,Bengaluru,4
Pothole #3857,Crater-like,12.947862,77.615354,user357,2025-10-03T20:10:00,Bengaluru,1
Pothole #3858,Damaged patch,13.010811,77.516514,user358,2025-01-24T01:18:00,Bengaluru,1
Pothole #3859,Causes skidding,13.016322,77.622693,user359,2025-08-23T11:53:00,Bengaluru,5
Pothole #3860,Crater-like,13.039522,77.722977,user360,2025-09-27T05:23:00,Bengaluru,2
Pothole #3861,Deep hole,12.855092,77.641762,user361,2025-07-11T14:58:00,Bengaluru,3
Pothole #3862,Causes skidding,12.932161,77.540608,user362,2025-02-20T13:52:00,Bengaluru,2
Pothole #3863,Small crack,12.907212,77.50721,user363,2025-07-16T23:13:00,Bengaluru,5
Pothole #3864,Deep hole,13.035825,77.610157,user364,2025-04-26T04:13:00,Bengaluru,4
Pothole #3865,Damaged patch,12.933671,77.646978,user365,2025-02-14T07:35:00,Bengaluru,1
Pothole #3866,Causes skidding,12.929465,77.55796,user366,2025-09-07T21:03:00,Bengaluru,1
Pothole #3867,Needs repair,13.03636,77.642236,user367,2025-09-19T10:11:00,Bengaluru,4
Pothole #3868,Small crack,12.95787,77.614724,user368,2025-08-12T05:02:00,Bengaluru,1
Pothole #3869,Needs repair,12.871616,77.699161,user369,2025-11-04T18:45:00,Bengaluru,1
Pothole #3870,Damaged patch,12.971654,77.649456,user370,2025-04-18T03:25:00,Bengaluru,1
Pothole #3871,Needs repair,12.860429,77.560538,user371,2025-04-14T18:33:00,Bengaluru,4
Pothole #3872,Crater-like,12.971683,77.615285,user372,2025-08-18T03:04:00,Bengaluru,5
Pothole #3873,Small crack,13.035525,77.57115,user373,2025-08-24T12:34:00,Bengaluru,4
Pothole #3874,Crater-like,12.953238,77.543219,user374,2025-07-13T17:53:00,Bengaluru,4
Pothole #3875,Causes skidding,13.043882,77.615321,user375,2025-05-15T11:45:00,Bengaluru,2
Pothole #3876,Crater-like,13.012221,77.502892,user376,2025-07-15T04:31:00,Bengaluru,5
Pothole #3877,Crater-like,12.964855,77.570972,user377,2025-05-23T06:21:00,Bengaluru,3
Pothole #3878,Causes skidding,12.891361,77.72864,user378,2025-03-24T17:37:00,Bengaluru,5
Pothole #3879,Deep hole,12.978012,77.548082,user379,2025-06-16T22:04:00,Bengaluru,3
Pothole #3880,Small crack,12.894247,77.682647,user380,2025-08-19T17:37:00,Bengaluru,1
Pothole #3881,Deep hole,12.989921,77.708493,user381,2025-11-24T04:48:00,Bengaluru,1
Pothole #3882,Needs repair,12.87967,77.714017,user382,2025-11-16T03:13:00,Bengaluru,1
Pothole #3883,Deep hole,12.992902,77.657289,user383,2025-09-01T09:39:00,Bengaluru,4
Pothole #3884,Small crack,13.008035,77.659445,user384,2025-03-16T21:55:00,Bengaluru,2
Pothole #3885,Small crack,12.962762,77.53784,user385,2025-04-11T14:05:00,Bengaluru,2
Pothole #3886,Damaged patch,12.890373,77.567839,user386,2025-05-01T09:19:00,Bengaluru,4
Pothole #3887,Small crack,13.006302,77.690228,user387,2025-01-24T15:09:00,Bengaluru,1
Pothole #3888,Damaged patch,13.00802,77.694143,user388,2025-01-13T09:04:00,Bengaluru,5
Pothole #3889,Damaged patch,12.921018,77.617609,user389,2025-05-03T16:47:00,Bengaluru,5
Pothole #3890,Damaged patch,13.045555,77.528446,user390,2025-08-20T08:47:00,Bengaluru,5
Pothole #3891,Causes skidding,13.044609,77.660096,user391,2025-02-18T19:27:00,Bengaluru,2
Pothole #3892,Small crack,12.955098,77.68206,user392,2025-03-27T20:47:00,Bengaluru,4
Pothole #3893,Needs repair,12.945093,77.573835,user393,2025-02-04T15:00:00,Bengaluru,1
Pothole #3894,Needs repair,12.969268,77.665944,user394,2025-07-05T06:38:00,Bengaluru,2
Pothole #3895,Damaged patch,12.886776,77.72092,user395,2025-02-11T04:51:00,Bengaluru,3
Pothole #3896,Damaged patch,13.001979,77.576208,user396,2025-06-21T17:48:00,Bengaluru,5
Pothole #3897,Causes skidding,12.892373,77.591679,user397,2025-07-28T00:11:00,Bengaluru,4
Pothole #3898,Small crack,12.920301,77.544481,user398,2025-07-12T16:30:00,Bengaluru,3
Pothole #3899,Needs repair,13.024014,77.653887,user399,2025-06-24T12:47:00,Bengaluru,3
Pothole #3900,Crater-like,12.991898,77.517826,user400,2025-08-05T17:19:00,Bengaluru,5
Pothole #3901,Needs repair,12.94489,77.531622,user401,2025-07-07T15:30:00,Bengaluru,3
Pothole #3902,Causes skidding,12.885642,77.555738,user402,2025-09-23T13:27:00,Bengaluru,5
Pothole #3903,Deep hole,13.018082,77.5101,user403,2025-09-08T14:22:00,Bengaluru,5
Pothole #3904,Needs repair,12.962612,77.525095,user404,2025-09-11T15:57:00,Bengaluru,4
Pothole #3905,Causes skidding,12.877136,77.515928,user405,2025-08-17T03:26:00,Bengaluru,4
Pothole #3906,Needs repair,12.851311,77.597652,user406,2025-04-03T00:54:00,Bengaluru,3
Pothole #3907,Causes skidding,12.899146,77.66335,user407,2025-05-15T02:37:00,Bengaluru,1
Pothole #3908,Crater-like,12.967364,77.550954,user408,2025-01-15T18:18:00,Bengaluru,3
Pothole #3909,Needs repair,12.937633,77.720555,user409,2025-10-18T06:50:00,Bengaluru,5
Pothole #3910,Crater-like,12.91311,77.510953,user410,2025-04-15T06:27:00,Bengaluru,2
Pothole #3911,Deep hole,12.903139,77.652987,user411,2025-01-16T01:36:00,Bengaluru,2
Pothole #3912,Damaged patch,12.866003,77.735508,user412,2025-07-28T19:01:00,Bengaluru,4
Pothole #3913,Causes skidding,13.01757,77.647395,user413,2025-03-21T15:14:00,Bengaluru,1
Pothole #3914,Crater-like,12.921706,77.641409,user414,2025-09-13T08:06:00,Bengaluru,5
Pothole #3915,Damaged patch,12.985631,77.547729,user415,2025-05-20T04:09:00,Bengaluru,1
Pothole #3916,Deep hole,12.95726,77.719273,user416,2025-05-07T22:21:00,Bengaluru,3
Pothole #3917,Small crack,13.037937,77.689125,user417,2025-08-07T05:14:00,Bengaluru,5
Pothole #3918,Damaged patch,12.949886,77.676125,user418,2025-10-18T14:58:00,Bengaluru,5
Pothole #3919,Causes skidding,13.030692,77.700439,user419,2025-07-16T03:20:00,Bengaluru,3
Pothole #3920,Crater-like,12.881534,77.556914,user420,2025-01-13T17:23:00,Bengaluru,4
Pothole #3921,Small crack,12.876738,77.644502,user421,2025-03-28T09:12:00,Bengaluru,3
Pothole #3922,Small crack,13.011022,77.746687,user422,2025-11-25T19:43:00,Bengaluru,1
Pothole #3923,Small crack,13.021095,77.592553,user423,2025-03-28T07:18:00,Bengaluru,5
Pothole #3924,Crater-like,12.994247,77.61335,user424,2025-04-17T02:10:00,Bengaluru,3
Pothole #3925,Deep hole,12.87743,77.61547,user425,2025-09-19T02:20:00,Bengaluru,3
Pothole #3926,Deep hole,12.968202,77.720308,user426,2025-10-17T03:32:00,Bengaluru,5
Pothole #3927,Small crack,12.917232,77.620098,user427,2025-02-27T00:59:00,Bengaluru,2
Pothole #3928,Small crack,12.961733,77.520632,user428,2025-01-21T04:47:00,Bengaluru,4
Pothole #3929,Crater-like,12.906985,77.686925,user429,2025-11-21T00:12:00,Bengaluru,1
Pothole #3930,Damaged patch,12.937714,77.579657,user430,2025-06-23T15:40:00,Bengaluru,2
Pothole #3931,Small crack,12.870337,77.625999,user431,2025-06-04T12:04:00,Bengaluru,2
Pothole #3932,Deep hole,12.86916,77.576655,user432,2025-02-09T05:43:00,Bengaluru,5
Pothole #3933,Causes skidding,12.999713,77.709221,user433,2025-08-23T08:48:00,Bengaluru,4
Pothole #3934,Damaged patch,12.889138,77.674327,user434,2025-03-20T14:17:00,Bengaluru,1
Pothole #3935,Causes skidding,13.015056,77.510131,user435,2025-02-12T06:30:00,Bengaluru,3
Pothole #3936,Needs repair,12.941215,77.60586,user436,2025-04-01T11:58:00,Bengaluru,3
Pothole #3937,Damaged patch,12.895855,77.544362,user437,2025-10-03T16:41:00,Bengaluru,5
Pothole #3938,Needs repair,12.975938,77.596193,user438,2025-06-24T16:10:00,Bengaluru,5
Pothole #3939,Needs repair,12.906594,77.735479,user439,2025-05-03T10:19:00,Bengaluru,3
Pothole #3940,Damaged patch,12.880149,77.660187,user440,2025-11-11T20:16:00,Bengaluru,4
Pothole #3941,Needs repair,12.869967,77.548554,user441,2025-11-21T01:50:00,Bengaluru,5
Pothole #3942,Causes skidding,12.853937,77.511841,user442,2025-08-07T05:31:00,Bengaluru,1
Pothole #3943,Causes skidding,12.857503,77.500653,user443,2025-10-24T09:13:00,Bengaluru,3
Pothole #3944,Causes skidding,13.009046,77.599057,user444,2025-03-13T21:34:00,Bengaluru,2
Pothole #3945,Needs repair,13.007744,77.571444,user445,2025-09-14T23:06:00,Bengaluru,3
Pothole #3946,Damaged patch,13.030087,77.74585,user446,2025-06-26T02:55:00,Bengaluru,1
Pothole #3947,Crater-like,13.029923,77.701017,user447,2025-07-21T17:30:00,Bengaluru,4
Pothole #3948,Causes skidding,13.004133,77.632355,user448,2025-11-04T09:05:00,Bengaluru,1
Pothole #3949,Causes skidding,12.947465,77.565788,user449,2025-02-25T05:43:00,Bengaluru,1
Pothole #3950,Crater-like,13.035738,77.685825,user450,2025-07-16T07:32:00,Bengaluru,3
Pothole #3951,Needs repair,12.921972,77.724574,user451,2025-08-09T07:11:00,Bengaluru,5
Pothole #3952,Small crack,13.046858,77.644838,user452,2025-02-27T15:02:00,Bengaluru,3
Pothole #3953,Needs repair,13.01581,77.715999,user453,2025-08-17T18:19:00,Bengaluru,4
Pothole #3954,Crater-like,12.994655,77.702323,user454,2025-04-25T16:22:00,Bengaluru,2
Pothole #3955,Crater-like,12.888796,77.616044,user455,2025-11-19T06:55:00,Bengaluru,5
Pothole #3956,Needs repair,13.025216,77.540003,user456,2025-05-22T22:49:00,Bengaluru,3
Pothole #3957,Needs repair,12.952124,77.741601,user457,2025-02-06T21:46:00,Bengaluru,2
Pothole #3958,Causes skidding,12.898373,77.631929,user458,2025-11-05T17:05:00,Bengaluru,3
Pothole #3959,Crater-like,13.04692,77.568721,user459,2025-07-10T03:39:00,Bengaluru,2
Pothole #3960,Needs repair,12.896993,77.526941,user460,2025-10-02T00:25:00,Bengaluru,2
Pothole #3961,Deep hole,12.879726,77.634184,user461,2025-02-05T10:28:00,Bengaluru,5
Pothole #3962,Small crack,12.891394,77.555314,user462,2025-11-08T17:37:00,Bengaluru,2
Pothole #3963,Small crack,13.037641,77.541163,user463,2025-10-28T06:55:00,Bengaluru,3
Pothole #3964,Deep hole,12.975902,77.714429,user464,2025-10-18T06:20:00,Bengaluru,4
Pothole #3965,Needs repair,12.90933,77.579877,user465,2025-01-23T20:47:00,Bengaluru,1
Pothole #3966,Deep hole,12.915932,77.659523,user466,2025-01-09T11:48:00,Bengaluru,1
Pothole #3967,Small crack,12.99246,77.641694,user467,2025-08-15T15:57:00,Bengaluru,1
Pothole #3968,Needs repair,12.930135,77.690383,user468,2025-03-12T00:35:00,Bengaluru,1
Pothole #3969,Needs repair,12.871499,77.548185,user469,2025-11-11T16:47:00,Bengaluru,2
Pothole #3970,Causes skidding,12.909457,77.562452,user470,2025-06-18T03:09:00,Bengaluru,1
Pothole #3971,Crater-like,12.937357,77.57441,user471,2025-04-15T05:32:00,Bengaluru,1
Pothole #3972,Damaged patch,13.008591,77.707884,user472,2025-05-08T06:34:00,Bengaluru,2
Pothole #3973,Needs repair,12.988449,77.749385,user473,2025-02-20T07:35:00,Bengaluru,4
Pothole #3974,Crater-like,12.978418,77.717057,user474,2025-07-05T10:16:00,Bengaluru,5
Pothole #3975,Deep hole,12.9136,77.648828,user475,2025-05-08T00:08:00,Bengaluru,4
Pothole #3976,Needs repair,12.902839,77.569184,user476,2025-11-12T02:13:00,Bengaluru,2
Pothole #3977,Small crack,12.896043,77.671133,user477,2025-05-17T04:15:00,Bengaluru,1
Pothole #3978,Needs repair,13.010413,77.682165,user478,2025-11-28T15:55:00,Bengaluru,3
Pothole #3979,Damaged patch,13.045324,77.572391,user479,2025-05-28T02:55:00,Bengaluru,5
Pothole #3980,Causes skidding,12.951558,77.667456,user480,2025-02-18T16:22:00,Bengaluru,5
Pothole #3981,Damaged patch,12.933224,77.658988,user481,2025-05-11T22:37:00,Bengaluru,2
Pothole #3982,Needs repair,12.945647,77.627249,user482,2025-03-24T16:38:00,Bengaluru,3
Pothole #3983,Damaged patch,12.919558,77.601773,user483,2025-06-26T03:37:00,Bengaluru,1
Pothole #3984,Damaged patch,12.911524,77.551337,user484,2025-02-18T09:16:00,Bengaluru,3
Pothole #3985,Crater-like,12.897399,77.583593,user485,2025-11-18T04:29:00,Bengaluru,2
Pothole #3986,Small crack,13.024279,77.684582,user486,2025-03-06T11:42:00,Bengaluru,1
Pothole #3987,Causes skidding,13.045621,77.511243,user487,2025-11-16T07:56:00,Bengaluru,4
Pothole #3988,Crater-like,12.999567,77.655271,user488,2025-06-21T08:09:00,Bengaluru,2
Pothole #3989,Damaged patch,13.032872,77.639834,user489,2025-10-25T19:29:00,Bengaluru,4
Pothole #3990,Crater-like,12.907759,77.535066,user490,2025-06-22T05:15:00,Bengaluru,2
Pothole #3991,Needs repair,12.874919,77.724322,user491,2025-10-27T04:33:00,Bengaluru,2
Pothole #3992,Deep hole,12.974375,77.736151,user492,2025-10-27T10:55:00,Bengaluru,2
Pothole #3993,Small crack,12.96182,77.55497,user493,2025-09-22T14:48:00,Bengaluru,4
Pothole #3994,Deep hole,12.954546,77.572848,user494,2025-03-17T06:57:00,Bengaluru,4
Pothole #3995,Small crack,12.998432,77.501132,user495,2025-10-23T19:54:00,Bengaluru,4
Pothole #3996,Damaged patch,13.024772,77.574668,user496,2025-10-22T18:24:00,Bengaluru,2
Pothole #3997,Small crack,13.026382,77.672652,user497,2025-01-07T07:22:00,Bengaluru,4
Pothole #3998,Deep hole,13.015115,77.685044,user498,2025-04-21T08:53:00,Bengaluru,4
Pothole #3999,Deep hole,12.881706,77.602728,user499,2025-08-02T14:23:00,Bengaluru,4
Pothole #4000,Deep hole,13.039433,77.633246,user0,2025-11-22T00:39:00,Bengaluru,1
Pothole #4001,Needs repair,12.870398,77.636167,user1,2025-10-02T15:23:00,Bengaluru,1
Pothole #4002,Deep hole,12.878023,77.693025,user2,2025-10-08T03:52:00,Bengaluru,5
Pothole #4003,Small crack,12.95198,77.646014,user3,2025-10-26T03:21:00,Bengaluru,5
Pothole #4004,Needs repair,12.920072,77.617305,user4,2025-07-02T06:14:00,Bengaluru,3
Pothole #4005,Small crack,13.022777,77.559939,user5,2025-03-25T01:42:00,Bengaluru,2
Pothole #4006,Needs repair,12.93508,77.537679,user6,2025-09-06T23:57:00,Bengaluru,2
Pothole #4007,Causes skidding,13.038994,77.709684,user7,2025-06-01T10:13:00,Bengaluru,2
Pothole #4008,Crater-like,12.863241,77.542852,user8,2025-11-14T03:03:00,Bengaluru,3
Pothole #4009,Small crack,12.972876,77.51791,user9,2025-06-07T18:05:00,Bengaluru,2
Pothole #4010,Small crack,12.879205,77.651089,user10,2025-03-04T16:17:00,Bengaluru,5
Pothole #4011,Deep hole,12.958866,77.544467,user11,2025-04-21T13:14:00,Bengaluru,2
Pothole #4012,Deep hole,12.856716,77.63571,user12,2025-03-08T15:39:00,Bengaluru,2
Pothole #4013,Small crack,12.927002,77.749949,user13,2025-09-15T07:40:00,Bengaluru,5
Pothole #4014,Deep hole,13.039285,77.68496,user14,2025-01-20T06:24:00,Bengaluru,1
Pothole #4015,Deep hole,13.043188,77.618063,user15,2025-11-11T03:34:00,Bengaluru,2
Pothole #4016,Needs repair,12.898223,77.542046,user16,2025-08-25T03:33:00,Bengaluru,4
Pothole #4017,Causes skidding,13.0336,77.624203,user17,2025-10-01T01:05:00,Bengaluru,3
Pothole #4018,Small crack,12.919885,77.69498,user18,2025-02-03T16:39:00,Bengaluru,5
Pothole #4019,Small crack,12.937818,77.642391,user19,2025-04-08T18:50:00,Bengaluru,2
Pothole #4020,Deep hole,12.93092,77.53416,user20,2025-07-16T13:16:00,Bengaluru,5
Pothole #4021,Needs repair,12.97257,77.53677,user21,2025-01-25T06:41:00,Bengaluru,1
Pothole #4022,Damaged patch,13.040227,77.639701,user22,2025-03-20T22:44:00,Bengaluru,3
Pothole #4023,Damaged patch,13.02539,77.575629,user23,2025-02-05T02:17:00,Bengaluru,1
Pothole #4024,Small crack,12.905929,77.678367,user24,2025-08-07T15:44:00,Bengaluru,2
Pothole #4025,Crater-like,12.992196,77.572029,user25,2025-07-09T07:02:00,Bengaluru,3
Pothole #4026,Needs repair,12.870594,77.678947,user26,2025-11-02T15:09:00,Bengaluru,3
Pothole #4027,Causes skidding,12.927307,77.65718,user27,2025-07-22T18:41:00,Bengaluru,1
Pothole #4028,Damaged patch,12.934201,77.684566,user28,2025-07-19T05:52:00,Bengaluru,1
Pothole #4029,Small crack,12.967604,77.534544,user29,2025-04-14T04:20:00,Bengaluru,1
Pothole #4030,Needs repair,13.014283,77.591144,user30,2025-02-16T10:02:00,Bengaluru,5
Pothole #4031,Deep hole,12.974237,77.622404,user31,2025-06-03T01:40:00,Bengaluru,1
Pothole #4032,Needs repair,12.995249,77.648881,user32,2025-04-02T22:43:00,Bengaluru,2
Pothole #4033,Needs repair,12.951601,77.575802,user33,2025-02-15T02:49:00,Bengaluru,2
Pothole #4034,Needs repair,13.021609,77.66297,user34,2025-10-17T06:48:00,Bengaluru,5
Pothole #4035,Damaged patch,12.923062,77.631121,user35,2025-11-12T15:03:00,Bengaluru,1
Pothole #4036,Small crack,12.866226,77.67029,user36,2025-06-25T11:12:00,Bengaluru,1
Pothole #4037,Causes skidding,13.012623,77.589242,user37,2025-07-26T09:00:00,Bengaluru,2
Pothole #4038,Causes skidding,13.026925,77.623457,user38,2025-05-01T10:02:00,Bengaluru,4
Pothole #4039,Needs repair,12.924763,77.690693,user39,2025-07-11T04:23:00,Bengaluru,2
Pothole #4040,Small crack,12.901133,77.583737,user40,2025-08-11T06:25:00,Bengaluru,5
Pothole #4041,Deep hole,12.905463,77.681447,user41,2025-09-13T23:23:00,Bengaluru,1
Pothole #4042,Damaged patch,13.024318,77.501466,user42,2025-11-05T05:14:00,Bengaluru,2
Pothole #4043,Deep hole,12.994076,77.749166,user43,2025-11-21T02:42:00,Bengaluru,1
Pothole #4044,Damaged patch,12.919152,77.545292,user44,2025-09-16T16:50:00,Bengaluru,5
Pothole #4045,Deep hole,12.880195,77.575296,user45,2025-08-28T04:43:00,Bengaluru,4
Pothole #4046,Needs repair,12.880839,77.59101,user46,2025-02-15T04:46:00,Bengaluru,3
Pothole #4047,Small crack,13.009763,77.615105,user47,2025-01-02T07:39:00,Bengaluru,4
Pothole #4048,Small crack,12.97358,77.525347,user48,2025-06-14T16:54:00,Bengaluru,4
Pothole #4049,Crater-like,12.997492,77.532103,user49,2025-01-02T09:38:00,Bengaluru,2
Pothole #4050,Deep hole,12.930433,77.689007,user50,2025-10-28T09:47:00,Bengaluru,5
Pothole #4051,Crater-like,12.956063,77.719713,user51,2025-04-28T13:59:00,Bengaluru,3
Pothole #4052,Damaged patch,12.876021,77.657551,user52,2025-08-25T10:33:00,Bengaluru,1
Pothole #4053,Causes skidding,12.978447,77.544744,user53,2025-09-01T07:55:00,Bengaluru,5
Pothole #4054,Crater-like,12.944182,77.57286,user54,2025-01-02T23:26:00,Bengaluru,2
Pothole #4055,Small crack,12.977752,77.67541,user55,2025-08-20T23:45:00,Bengaluru,3
Pothole #4056,Deep hole,13.032282,77.640431,user56,2025-09-10T17:32:00,Bengaluru,5
Pothole #4057,Damaged patch,12.889892,77.689145,user57,2025-08-09T19:45:00,Bengaluru,4
Pothole #4058,Damaged patch,12.937676,77.642857,user58,2025-03-04T11:44:00,Bengaluru,2
Pothole #4059,Small crack,13.038426,77.7214,user59,2025-04-12T19:09:00,Bengaluru,1
Pothole #4060,Needs repair,13.03266,77.657964,user60,2025-07-01T23:26:00,Bengaluru,4
Pothole #4061,Needs repair,13.002557,77.709774,user61,2025-07-18T22:31:00,Bengaluru,4
Pothole #4062,Needs repair,12.958202,77.708446,user62,2025-10-27T09:30:00,Bengaluru,3
Pothole #4063,Needs repair,12.909298,77.687085,user63,2025-07-13T09:04:00,Bengaluru,1
Pothole #4064,Small crack,12.968076,77.627608,user64,2025-05-01T16:35:00,Bengaluru,3
Pothole #4065,Needs repair,13.008956,77.502277,user65,2025-04-23T10:20:00,Bengaluru,3
Pothole #4066,Needs repair,12.888913,77.592552,user66,2025-02-13T05:51:00,Bengaluru,2
Pothole #4067,Causes skidding,12.989647,77.636655,user67,2025-03-17T08:32:00,Bengaluru,2
Pothole #4068,Deep hole,12.86656,77.619164,user68,2025-07-26T10:54:00,Bengaluru,2
Pothole #4069,Small crack,12.946232,77.701438,user69,2025-10-20T17:07:00,Bengaluru,1
Pothole #4070,Deep hole,12.953105,77.561062,user70,2025-04-17T17:35:00,Bengaluru,2
Pothole #4071,Deep hole,12.909574,77.66818,user71,2025-10-13T10:10:00,Bengaluru,4
Pothole #4072,Crater-like,12.947405,77.622166,user72,2025-01-25T06:57:00,Bengaluru,3
Pothole #4073,Deep hole,12.961043,77.574297,user73,2025-03-04T07:00:00,Bengaluru,3
Pothole #4074,Needs repair,12.905326,77.626063,user74,2025-02-14T13:57:00,Bengaluru,4
Pothole #4075,Small crack,12.897874,77.711651,user75,2025-11-22T02:22:00,Bengaluru,3
Pothole #4076,Small crack,12.957514,77.614415,user76,2025-11-03T15:00:00,Bengaluru,2
Pothole #4077,Damaged patch,12.998831,77.596933,user77,2025-09-23T03:04:00,Bengaluru,4
Pothole #4078,Small crack,13.030316,77.546728,user78,2025-04-04T22:58:00,Bengaluru,4
Pothole #4079,Small crack,12.865054,77.646973,user79,2025-05-26T11:52:00,Bengaluru,5
Pothole #4080,Damaged patch,12.895192,77.532051,user80,2025-01-22T06:32:00,Bengaluru,2
Pothole #4081,Causes skidding,12.930383,77.665631,user81,2025-04-18T02:48:00,Bengaluru,1
Pothole #4082,Deep hole,12.997341,77.682147,user82,2025-03-02T17:17:00,Bengaluru,5
Pothole #4083,Small crack,12.880092,77.637406,user83,2025-05-17T07:31:00,Bengaluru,1
Pothole #4084,Damaged patch,13.03807,77.50625,user84,2025-11-16T17:18:00,Bengaluru,2
Pothole #4085,Needs repair,12.929803,77.612901,user85,2025-09-12T01:59:00,Bengaluru,5
Pothole #4086,Needs repair,13.007775,77.707604,user86,2025-07-05T08:14:00,Bengaluru,1
Pothole #4087,Crater-like,13.005419,77.614555,user87,2025-09-26T03:56:00,Bengaluru,4
Pothole #4088,Deep hole,12.921257,77.725785,user88,2025-08-21T02:58:00,Bengaluru,4
Pothole #4089,Crater-like,12.880343,77.731612,user89,2025-01-10T14:53:00,Bengaluru,5
Pothole #4090,Crater-like,12.911877,77.719431,user90,2025-06-22T13:01:00,Bengaluru,4
Pothole #4091,Deep hole,12.911434,77.749969,user91,2025-09-13T07:37:00,Bengaluru,3
Pothole #4092,Causes skidding,12.928995,77.710355,user92,2025-04-08T15:27:00,Bengaluru,3
Pothole #4093,Damaged patch,12.965153,77.581372,user93,2025-11-10T11:42:00,Bengaluru,4
Pothole #4094,Crater-like,13.02012,77.735911,user94,2025-09-25T14:31:00,Bengaluru,5
Pothole #4095,Deep hole,12.861793,77.651532,user95,2025-03-17T07:29:00,Bengaluru,5
Pothole #4096,Small crack,13.000941,77.656618,user96,2025-02-28T01:17:00,Bengaluru,3
Pothole #4097,Crater-like,13.025215,77.684352,user97,2025-07-22T08:14:00,Bengaluru,2
Pothole #4098,Small crack,12.873221,77.687943,user98,2025-10-14T18:42:00,Bengaluru,3
Pothole #4099,Deep hole,12.960316,77.582563,user99,2025-06-18T18:16:00,Bengaluru,1
Pothole #4100,Causes skidding,13.020751,77.527745,user100,2025-02-01T03:01:00,Bengaluru,5
Pothole #4101,Deep hole,12.985016,77.628464,user101,2025-08-13T17:05:00,Bengaluru,3
Pothole #4102,Needs repair,12.878618,77.548652,user102,2025-03-19T04:30:00,Bengaluru,2
Pothole #4103,Damaged patch,13.01238,77.615136,user103,2025-09-27T17:53:00,Bengaluru,5
Pothole #4104,Crater-like,12.877276,77.718165,user104,2025-07-05T20:42:00,Bengaluru,4
Pothole #4105,Damaged patch,13.026252,77.541067,user105,2025-01-27T12:45:00,Bengaluru,1
Pothole #4106,Crater-like,12.994695,77.727382,user106,2025-05-11T22:30:00,Bengaluru,3
Pothole #4107,Needs repair,12.91567,77.716043,user107,2025-03-26T00:56:00,Bengaluru,5
Pothole #4108,Small crack,12.952768,77.656498,user108,2025-04-24T05:21:00,Bengaluru,4
Pothole #4109,Small crack,12.975482,77.714997,user109,2025-09-15T14:29:00,Bengaluru,2
Pothole #4110,Small crack,12.885143,77.549835,user110,2025-09-22T19:27:00,Bengaluru,2
Pothole #4111,Deep hole,12.888503,77.541173,user111,2025-08-27T21:10:00,Bengaluru,1
Pothole #4112,Crater-like,12.905319,77.632908,user112,2025-05-20T17:34:00,Bengaluru,5
Pothole #4113,Small crack,12.963389,77.625381,user113,2025-09-21T05:56:00,Bengaluru,3
Pothole #4114,Deep hole,12.869478,77.604376,user114,2025-04-07T01:01:00,Bengaluru,4
Pothole #4115,Small crack,13.029834,77.701377,user115,2025-04-06T22:04:00,Bengaluru,2
Pothole #4116,Crater-like,12.929866,77.678376,user116,2025-10-16T17:30:00,Bengaluru,5
Pothole #4117,Deep hole,12.965688,77.599451,user117,2025-07-13T12:02:00,Bengaluru,3
Pothole #4118,Needs repair,12.851976,77.656204,user118,2025-04-27T00:56:00,Bengaluru,3
Pothole #4119,Small crack,12.971286,77.668903,user119,2025-06-03T08:18:00,Bengaluru,3
Pothole #4120,Deep hole,13.011905,77.683108,user120,2025-06-16T20:33:00,Bengaluru,2
Pothole #4121,Damaged patch,13.006973,77.592361,user121,2025-06-16T14:02:00,Bengaluru,1
Pothole #4122,Small crack,12.923024,77.716816,user122,2025-03-15T12:21:00,Bengaluru,2
Pothole #4123,Causes skidding,12.95452,77.605845,user123,2025-02-28T10:54:00,Bengaluru,3
Pothole #4124,Small crack,12.916964,77.658314,user124,2025-08-03T15:36:00,Bengaluru,3
Pothole #4125,Crater-like,12.951894,77.745104,user125,2025-11-25T11:11:00,Bengaluru,3
Pothole #4126,Needs repair,12.909116,77.526742,user126,2025-09-09T04:41:00,Bengaluru,4
Pothole #4127,Deep hole,12.87943,77.697836,user127,2025-03-01T11:20:00,Bengaluru,3
Pothole #4128,Needs repair,12.923098,77.721375,user128,2025-05-20T14:40:00,Bengaluru,5
Pothole #4129,Small crack,12.948178,77.607706,user129,2025-11-01T08:39:00,Bengaluru,3
Pothole #4130,Damaged patch,12.861798,77.5991,user130,2025-09-28T05:43:00,Bengaluru,3
Pothole #4131,Damaged patch,12.880421,77.694362,user131,2025-07-23T16:13:00,Bengaluru,1
Pothole #4132,Causes skidding,12.968813,77.503513,user132,2025-11-17T03:55:00,Bengaluru,5
Pothole #4133,Small crack,12.856253,77.506603,user133,2025-02-10T20:11:00,Bengaluru,3
Pothole #4134,Needs repair,13.042566,77.654662,user134,2025-06-15T00:38:00,Bengaluru,4
Pothole #4135,Causes skidding,12.956808,77.600674,user135,2025-04-04T02:30:00,Bengaluru,3
Pothole #4136,Needs repair,12.929142,77.600694,user136,2025-10-19T08:56:00,Bengaluru,3
Pothole #4137,Needs repair,12.979938,77.574187,user137,2025-04-16T22:35:00,Bengaluru,4
Pothole #4138,Damaged patch,12.939273,77.580668,user138,2025-09-27T03:39:00,Bengaluru,1
Pothole #4139,Crater-like,13.022835,77.511197,user139,2025-09-17T00:26:00,Bengaluru,2
Pothole #4140,Small crack,12.87925,77.690095,user140,2025-08-25T14:51:00,Bengaluru,3
Pothole #4141,Needs repair,13.032037,77.577471,user141,2025-06-15T10:30:00,Bengaluru,3
Pothole #4142,Needs repair,13.042912,77.607133,user142,2025-01-04T04:18:00,Bengaluru,5
Pothole #4143,Needs repair,13.006176,77.744809,user143,2025-08-23T15:30:00,Bengaluru,2
Pothole #4144,Damaged patch,12.910416,77.618107,user144,2025-07-15T09:47:00,Bengaluru,2
Pothole #4145,Causes skidding,12.925698,77.511456,user145,2025-09-12T22:31:00,Bengaluru,2
Pothole #4146,Small crack,12.989938,77.69578,user146,2025-06-18T23:49:00,Bengaluru,2
Pothole #4147,Needs repair,12.97673,77.747543,user147,2025-03-28T20:01:00,Bengaluru,1
Pothole #4148,Damaged patch,13.015594,77.709601,user148,2025-09-15T14:17:00,Bengaluru,1
Pothole #4149,Damaged patch,12.870385,77.562419,user149,2025-11-23T23:51:00,Bengaluru,1
Pothole #4150,Damaged patch,12.90689,77.661779,user150,2025-06-20T20:49:00,Bengaluru,5
Pothole #4151,Damaged patch,12.857964,77.717131,user151,2025-03-22T22:13:00,Bengaluru,1
Pothole #4152,Causes skidding,13.001585,77.693151,user152,2025-08-08T22:52:00,Bengaluru,3
Pothole #4153,Small crack,12.893575,77.61962,user153,2025-04-22T00:37:00,Bengaluru,4
Pothole #4154,Deep hole,12.934789,77.71379,user154,2025-07-08T03:30:00,Bengaluru,1
Pothole #4155,Needs repair,13.000539,77.516328,user155,2025-05-06T19:19:00,Bengaluru,5
Pothole #4156,Small crack,12.955821,77.507064,user156,2025-07-28T04:10:00,Bengaluru,1
Pothole #4157,Damaged patch,12.878734,77.733346,user157,2025-03-26T21:50:00,Bengaluru,5
Pothole #4158,Deep hole,12.852282,77.527807,user158,2025-09-06T15:31:00,Bengaluru,1
Pothole #4159,Deep hole,12.90756,77.699665,user159,2025-02-24T00:40:00,Bengaluru,3
Pothole #4160,Causes skidding,13.041828,77.562918,user160,2025-05-28T04:00:00,Bengaluru,4
Pothole #4161,Needs repair,12.990551,77.73631,user161,2025-06-22T01:14:00,Bengaluru,5
Pothole #4162,Deep hole,12.871809,77.638291,user162,2025-09-10T17:17:00,Bengaluru,3
Pothole #4163,Deep hole,13.013938,77.706643,user163,2025-04-18T22:15:00,Bengaluru,2
Pothole #4164,Crater-like,12.925465,77.540425,user164,2025-07-11T14:07:00,Bengaluru,1
Pothole #4165,Needs repair,12.981071,77.642292,user165,2025-10-25T04:26:00,Bengaluru,1
Pothole #4166,Damaged patch,13.011776,77.505146,user166,2025-11-21T18:44:00,Bengaluru,2
Pothole #4167,Needs repair,12.946461,77.554252,user167,2025-01-14T10:22:00,Bengaluru,4
Pothole #4168,Needs repair,12.981645,77.628402,user168,2025-07-11T11:53:00,Bengaluru,2
Pothole #4169,Crater-like,12.919692,77.591434,user169,2025-08-06T21:23:00,Bengaluru,5
Pothole #4170,Crater-like,12.92557,77.659943,user170,2025-06-02T15:37:00,Bengaluru,3
Pothole #4171,Causes skidding,12.915613,77.573743,user171,2025-02-26T12:58:00,Bengaluru,3
Pothole #4172,Small crack,12.938345,77.717202,user172,2025-09-09T13:22:00,Bengaluru,4
Pothole #4173,Crater-like,12.951519,77.650467,user173,2025-11-25T01:41:00,Bengaluru,3
Pothole #4174,Damaged patch,13.046732,77.619526,user174,2025-05-24T23:42:00,Bengaluru,2
Pothole #4175,Small crack,12.934494,77.62559,user175,2025-07-01T05:23:00,Bengaluru,1
Pothole #4176,Deep hole,12.961868,77.51511,user176,2025-04-09T06:36:00,Bengaluru,4
Pothole #4177,Needs repair,12.990082,77.565066,user177,2025-08-28T13:55:00,Bengaluru,4
Pothole #4178,Small crack,12.878079,77.683921,user178,2025-07-16T07:59:00,Bengaluru,1
Pothole #4179,Crater-like,12.960894,77.619894,user179,2025-01-09T01:58:00,Bengaluru,1
Pothole #4180,Damaged patch,12.896017,77.724621,user180,2025-08-15T14:05:00,Bengaluru,3
Pothole #4181,Small crack,12.872809,77.693078,user181,2025-03-17T23:12:00,Bengaluru,3
Pothole #4182,Small crack,12.863566,77.508244,user182,2025-11-22T12:27:00,Bengaluru,5
Pothole #4183,Needs repair,13.032075,77.608575,user183,2025-09-10T22:20:00,Bengaluru,3
Pothole #4184,Needs repair,12.857029,77.59731,user184,2025-01-23T01:37:00,Bengaluru,5
Pothole #4185,Deep hole,12.859339,77.737178,user185,2025-09-06T06:11:00,Bengaluru,4
Pothole #4186,Small crack,13.029724,77.653391,user186,2025-05-13T21:05:00,Bengaluru,3
Pothole #4187,Small crack,12.923349,77.741158,user187,2025-11-27T15:56:00,Bengaluru,3
Pothole #4188,Needs repair,12.884588,77.599766,user188,2025-06-02T15:56:00,Bengaluru,1
Pothole #4189,Needs repair,12.919782,77.606437,user189,2025-07-15T19:01:00,Bengaluru,1
Pothole #4190,Needs repair,12.851953,77.648621,user190,2025-04-10T21:29:00,Bengaluru,3
Pothole #4191,Crater-like,13.024525,77.645432,user191,2025-11-18T18:38:00,Bengaluru,3
Pothole #4192,Needs repair,13.03351,77.618905,user192,2025-01-09T05:12:00,Bengaluru,5
Pothole #4193,Causes skidding,12.855271,77.700722,user193,2025-11-05T01:08:00,Bengaluru,3
Pothole #4194,Crater-like,12.880334,77.668097,user194,2025-06-16T23:08:00,Bengaluru,2
Pothole #4195,Causes skidding,12.98522,77.714409,user195,2025-07-10T01:59:00,Bengaluru,1
Pothole #4196,Crater-like,12.923181,77.725472,user196,2025-04-10T08:47:00,Bengaluru,2
Pothole #4197,Small crack,12.89324,77.672883,user197,2025-06-16T05:32:00,Bengaluru,3
Pothole #4198,Small crack,13.042445,77.546893,user198,2025-01-27T21:32:00,Bengaluru,3
Pothole #4199,Crater-like,12.944809,77.661765,user199,2025-11-20T11:49:00,Bengaluru,2
Pothole #4200,Needs repair,12.942492,77.559479,user200,2025-07-01T21:37:00,Bengaluru,1
Pothole #4201,Crater-like,13.038027,77.553459,user201,2025-09-13T17:07:00,Bengaluru,4
Pothole #4202,Crater-like,12.99759,77.664909,user202,2025-09-02T02:23:00,Bengaluru,1
Pothole #4203,Small crack,12.856433,77.711888,user203,2025-11-26T02:37:00,Bengaluru,1
Pothole #4204,Crater-like,13.018578,77.718542,user204,2025-03-05T12:10:00,Bengaluru,4
Pothole #4205,Causes skidding,13.040343,77.707263,user205,2025-04-16T08:03:00,Bengaluru,1
Pothole #4206,Needs repair,12.92093,77.629562,user206,2025-02-03T15:37:00,Bengaluru,1
Pothole #4207,Deep hole,12.90647,77.51248,user207,2025-05-13T17:20:00,Bengaluru,2
Pothole #4208,Causes skidding,13.03218,77.585347,user208,2025-08-18T21:56:00,Bengaluru,3
Pothole #4209,Deep hole,13.003163,77.536471,user209,2025-09-21T01:37:00,Bengaluru,3
Pothole #4210,Needs repair,12.952877,77.594082,user210,2025-05-21T21:09:00,Bengaluru,3
Pothole #4211,Needs repair,12.914061,77.634531,user211,2025-05-25T23:38:00,Bengaluru,5
Pothole #4212,Damaged patch,12.966742,77.526834,user212,2025-02-10T20:46:00,Bengaluru,5
Pothole #4213,Causes skidding,12.945673,77.637648,user213,2025-01-14T00:11:00,Bengaluru,4
Pothole #4214,Damaged patch,13.009477,77.658913,user214,2025-02-26T16:34:00,Bengaluru,2
Pothole #4215,Causes skidding,12.967046,77.672409,user215,2025-07-26T00:22:00,Bengaluru,3
Pothole #4216,Small crack,12.893866,77.648948,user216,2025-07-09T06:08:00,Bengaluru,3
Pothole #4217,Damaged patch,12.888122,77.556699,user217,2025-06-17T13:04:00,Bengaluru,4
Pothole #4218,Damaged patch,12.950827,77.553303,user218,2025-06-09T19:07:00,Bengaluru,2
Pothole #4219,Damaged patch,12.89975,77.609066,user219,2025-11-28T05:47:00,Bengaluru,2
Pothole #4220,Causes skidding,12.979596,77.680671,user220,2025-08-27T00:30:00,Bengaluru,4
Pothole #4221,Deep hole,12.855663,77.515369,user221,2025-04-15T15:01:00,Bengaluru,1
Pothole #4222,Deep hole,12.852598,77.712519,user222,2025-06-20T19:42:00,Bengaluru,4
Pothole #4223,Crater-like,12.890463,77.581103,user223,2025-01-17T01:27:00,Bengaluru,5
Pothole #4224,Causes skidding,12.894481,77.658907,user224,2025-10-09T07:15:00,Bengaluru,5
Pothole #4225,Deep hole,12.894246,77.62894,user225,2025-06-01T19:47:00,Bengaluru,1
Pothole #4226,Crater-like,13.017806,77.612191,user226,2025-01-08T19:44:00,Bengaluru,1
Pothole #4227,Deep hole,12.855694,77.709934,user227,2025-07-25T11:13:00,Bengaluru,5
Pothole #4228,Small crack,12.943985,77.647844,user228,2025-07-18T13:38:00,Bengaluru,4
Pothole #4229,Damaged patch,13.049035,77.642175,user229,2025-04-22T10:30:00,Bengaluru,4
Pothole #4230,Small crack,12.923953,77.676975,user230,2025-04-23T16:47:00,Bengaluru,2
Pothole #4231,Causes skidding,12.855731,77.73442,user231,2025-08-17T04:58:00,Bengaluru,3
Pothole #4232,Damaged patch,12.9182,77.5327,user232,2025-07-06T14:25:00,Bengaluru,5
Pothole #4233,Damaged patch,12.875586,77.675588,user233,2025-11-24T19:28:00,Bengaluru,3
Pothole #4234,Needs repair,12.895083,77.681488,user234,2025-08-04T07:34:00,Bengaluru,1
Pothole #4235,Crater-like,12.90837,77.632629,user235,2025-08-21T05:09:00,Bengaluru,2
Pothole #4236,Crater-like,12.92902,77.721805,user236,2025-08-28T15:06:00,Bengaluru,4
Pothole #4237,Damaged patch,13.029874,77.740526,user237,2025-04-14T14:48:00,Bengaluru,3
Pothole #4238,Deep hole,12.994772,77.664628,user238,2025-09-05T12:35:00,Bengaluru,2
Pothole #4239,Crater-like,12.923822,77.513886,user239,2025-05-06T05:27:00,Bengaluru,3
Pothole #4240,Crater-like,13.031327,77.635924,user240,2025-08-09T17:26:00,Bengaluru,1
Pothole #4241,Deep hole,12.980229,77.66654,user241,2025-08-01T17:52:00,Bengaluru,5
Pothole #4242,Needs repair,12.958348,77.534719,user242,2025-01-20T12:45:00,Bengaluru,1
Pothole #4243,Crater-like,12.89284,77.715685,user243,2025-07-25T23:42:00,Bengaluru,1
Pothole #4244,Deep hole,12.934779,77.598983,user244,2025-11-04T09:32:00,Bengaluru,4
Pothole #4245,Deep hole,12.989242,77.739803,user245,2025-05-08T20:03:00,Bengaluru,5
Pothole #4246,Crater-like,12.925519,77.530242,user246,2025-01-17T15:33:00,Bengaluru,5
Pothole #4247,Needs repair,12.990884,77.577928,user247,2025-05-04T22:43:00,Bengaluru,5
Pothole #4248,Damaged patch,12.869505,77.523504,user248,2025-10-22T21:09:00,Bengaluru,3
Pothole #4249,Causes skidding,12.982627,77.598275,user249,2025-09-07T20:36:00,Bengaluru,4
Pothole #4250,Small crack,12.900888,77.726518,user250,2025-08-08T23:08:00,Bengaluru,2
Pothole #4251,Crater-like,13.026087,77.614701,user251,2025-03-15T16:18:00,Bengaluru,5
Pothole #4252,Crater-like,13.030958,77.527662,user252,2025-01-26T05:36:00,Bengaluru,2
Pothole #4253,Deep hole,12.980355,77.704304,user253,2025-01-10T12:37:00,Bengaluru,2
Pothole #4254,Crater-like,12.860756,77.527204,user254,2025-10-23T23:05:00,Bengaluru,2
Pothole #4255,Small crack,13.031772,77.691812,user255,2025-03-15T18:06:00,Bengaluru,3
Pothole #4256,Crater-like,13.047887,77.676957,user256,2025-07-14T08:37:00,Bengaluru,1
Pothole #4257,Small crack,12.868056,77.532363,user257,2025-09-04T06:56:00,Bengaluru,5
Pothole #4258,Crater-like,12.92521,77.744887,user258,2025-11-20T01:37:00,Bengaluru,4
Pothole #4259,Crater-like,13.021902,77.598904,user259,2025-09-23T22:52:00,Bengaluru,1
Pothole #4260,Needs repair,12.889658,77.654118,user260,2025-09-19T06:11:00,Bengaluru,5
Pothole #4261,Needs repair,12.998039,77.734444,user261,2025-03-13T11:33:00,Bengaluru,3
Pothole #4262,Damaged patch,12.909243,77.721953,user262,2025-02-15T07:08:00,Bengaluru,4
Pothole #4263,Damaged patch,12.944233,77.708185,user263,2025-03-21T12:17:00,Bengaluru,2
Pothole #4264,Causes skidding,12.852257,77.743891,user264,2025-06-21T23:16:00,Bengaluru,1
Pothole #4265,Damaged patch,12.991345,77.500529,user265,2025-10-23T17:57:00,Bengaluru,4
Pothole #4266,Needs repair,12.879236,77.672629,user266,2025-11-04T17:16:00,Bengaluru,4
Pothole #4267,Crater-like,12.917755,77.618459,user267,2025-06-26T07:07:00,Bengaluru,3
Pothole #4268,Damaged patch,13.047646,77.527226,user268,2025-07-26T04:57:00,Bengaluru,4
Pothole #4269,Small crack,12.863447,77.536419,user269,2025-01-15T09:35:00,Bengaluru,5
Pothole #4270,Small crack,13.024471,77.556315,user270,2025-06-15T00:16:00,Bengaluru,4
Pothole #4271,Damaged patch,13.047945,77.547944,user271,2025-02-15T14:42:00,Bengaluru,3
Pothole #4272,Small crack,12.968791,77.712393,user272,2025-02-11T03:01:00,Bengaluru,1
Pothole #4273,Causes skidding,13.046539,77.668738,user273,2025-11-22T03:43:00,Bengaluru,3
Pothole #4274,Damaged patch,13.042584,77.550582,user274,2025-09-27T02:17:00,Bengaluru,4
Pothole #4275,Causes skidding,12.871369,77.539736,user275,2025-10-25T08:04:00,Bengaluru,5
Pothole #4276,Causes skidding,12.860158,77.621942,user276,2025-07-27T00:56:00,Bengaluru,5
Pothole #4277,Damaged patch,12.929914,77.739132,user277,2025-03-15T01:44:00,Bengaluru,1
Pothole #4278,Causes skidding,12.861364,77.628633,user278,2025-07-26T08:21:00,Bengaluru,4
Pothole #4279,Small crack,12.986935,77.54458,user279,2025-02-08T22:40:00,Bengaluru,4
Pothole #4280,Crater-like,13.02968,77.730326,user280,2025-05-10T19:38:00,Bengaluru,3
Pothole #4281,Deep hole,13.049201,77.599376,user281,2025-08-19T15:46:00,Bengaluru,1
Pothole #4282,Deep hole,13.002148,77.722691,user282,2025-02-05T21:22:00,Bengaluru,1
Pothole #4283,Causes skidding,13.032488,77.543098,user283,2025-06-22T13:20:00,Bengaluru,4
Pothole #4284,Crater-like,12.923724,77.627005,user284,2025-06-15T20:53:00,Bengaluru,5
Pothole #4285,Small crack,12.977194,77.58848,user285,2025-06-15T10:24:00,Bengaluru,2
Pothole #4286,Needs repair,13.005354,77.600488,user286,2025-04-25T23:53:00,Bengaluru,1
Pothole #4287,Small crack,12.993993,77.576279,user287,2025-01-25T23:18:00,Bengaluru,4
Pothole #4288,Causes skidding,12.896885,77.593311,user288,2025-08-06T09:31:00,Bengaluru,1
Pothole #4289,Small crack,12.964303,77.511392,user289,2025-02-20T09:19:00,Bengaluru,3
Pothole #4290,Small crack,12.903201,77.516474,user290,2025-04-05T16:01:00,Bengaluru,1
Pothole #4291,Small crack,12.985257,77.647022,user291,2025-10-02T10:48:00,Bengaluru,3
Pothole #4292,Deep hole,12.881412,77.748407,user292,2025-11-17T18:42:00,Bengaluru,4
Pothole #4293,Small crack,13.049803,77.599552,user293,2025-10-13T04:13:00,Bengaluru,2
Pothole #4294,Causes skidding,12.974783,77.557082,user294,2025-06-27T18:57:00,Bengaluru,3
Pothole #4295,Small crack,12.999371,77.666528,user295,2025-01-06T07:35:00,Bengaluru,2
Pothole #4296,Crater-like,12.882223,77.566671,user296,2025-09-06T10:44:00,Bengaluru,1
Pothole #4297,Causes skidding,13.004385,77.572547,user297,2025-04-08T08:55:00,Bengaluru,2
Pothole #4298,Crater-like,12.943377,77.704318,user298,2025-04-01T03:26:00,Bengaluru,3
Pothole #4299,Deep hole,12.892587,77.566415,user299,2025-09-06T05:38:00,Bengaluru,3
Pothole #4300,Deep hole,13.001133,77.734303,user300,2025-03-19T18:18:00,Bengaluru,5
Pothole #4301,Causes skidding,12.936183,77.718205,user301,2025-02-24T13:08:00,Bengaluru,1
Pothole #4302,Causes skidding,12.938873,77.585845,user302,2025-04-06T13:20:00,Bengaluru,2
Pothole #4303,Needs repair,12.898193,77.608615,user303,2025-09-13T16:44:00,Bengaluru,3
Pothole #4304,Causes skidding,13.016833,77.542566,user304,2025-03-04T09:48:00,Bengaluru,2
Pothole #4305,Deep hole,12.916503,77.729061,user305,2025-04-15T14:06:00,Bengaluru,4
Pothole #4306,Needs repair,13.044795,77.646863,user306,2025-10-18T15:57:00,Bengaluru,3
Pothole #4307,Crater-like,12.92907,77.542923,user307,2025-07-05T16:35:00,Bengaluru,3
Pothole #4308,Causes skidding,12.878846,77.720074,user308,2025-03-24T03:59:00,Bengaluru,3
Pothole #4309,Causes skidding,12.930091,77.601562,user309,2025-11-15T07:49:00,Bengaluru,2
Pothole #4310,Damaged patch,12.901097,77.623666,user310,2025-07-01T22:10:00,Bengaluru,1
Pothole #4311,Deep hole,12.996574,77.745089,user311,2025-07-02T11:34:00,Bengaluru,4
Pothole #4312,Damaged patch,12.999816,77.562551,user312,2025-07-16T11:24:00,Bengaluru,3
Pothole #4313,Causes skidding,12.984001,77.5702,user313,2025-06-03T21:29:00,Bengaluru,5
Pothole #4314,Deep hole,12.908431,77.523691,user314,2025-09-11T12:47:00,Bengaluru,2
Pothole #4315,Crater-like,12.903528,77.550152,user315,2025-03-25T16:48:00,Bengaluru,3
Pothole #4316,Damaged patch,12.929981,77.619625,user316,2025-03-26T07:13:00,Bengaluru,2
Pothole #4317,Crater-like,12.883378,77.544407,user317,2025-03-13T21:25:00,Bengaluru,4
Pothole #4318,Damaged patch,12.876072,77.638969,user318,2025-01-22T03:44:00,Bengaluru,5
Pothole #4319,Causes skidding,12.971636,77.729551,user319,2025-01-07T00:45:00,Bengaluru,1
Pothole #4320,Deep hole,12.971548,77.62078,user320,2025-10-06T17:47:00,Bengaluru,2
Pothole #4321,Small crack,12.995154,77.568768,user321,2025-08-03T04:37:00,Bengaluru,3
Pothole #4322,Crater-like,13.028027,77.718792,user322,2025-05-09T18:53:00,Bengaluru,4
Pothole #4323,Damaged patch,12.90438,77.502331,user323,2025-01-04T22:20:00,Bengaluru,1
Pothole #4324,Causes skidding,12.9356,77.735644,user324,2025-07-19T08:51:00,Bengaluru,5
Pothole #4325,Damaged patch,13.046845,77.522147,user325,2025-07-09T14:14:00,Bengaluru,4
Pothole #4326,Needs repair,12.862652,77.720112,user326,2025-05-09T14:48:00,Bengaluru,1
Pothole #4327,Damaged patch,12.914033,77.54693,user327,2025-06-27T02:55:00,Bengaluru,3
Pothole #4328,Small crack,12.882825,77.560156,user328,2025-09-13T06:18:00,Bengaluru,4
Pothole #4329,Crater-like,12.858726,77.520642,user329,2025-08-15T06:37:00,Bengaluru,5
Pothole #4330,Causes skidding,12.873661,77.700598,user330,2025-06-06T22:10:00,Bengaluru,5
Pothole #4331,Needs repair,12.958794,77.617061,user331,2025-10-15T15:23:00,Bengaluru,4
Pothole #4332,Deep hole,12.864537,77.559709,user332,2025-10-03T05:21:00,Bengaluru,1
Pothole #4333,Deep hole,13.014074,77.702026,user333,2025-11-20T18:58:00,Bengaluru,3
Pothole #4334,Damaged patch,12.851192,77.501462,user334,2025-04-11T09:34:00,Bengaluru,3
Pothole #4335,Crater-like,12.89861,77.726528,user335,2025-06-05T11:38:00,Bengaluru,1
Pothole #4336,Causes skidding,12.943013,77.510547,user336,2025-10-01T17:34:00,Bengaluru,5
Pothole #4337,Crater-like,12.965691,77.619931,user337,2025-08-14T08:13:00,Bengaluru,1
Pothole #4338,Damaged patch,12.852773,77.51435,user338,2025-02-24T08:14:00,Bengaluru,4
Pothole #4339,Crater-like,13.036642,77.68142,user339,2025-05-07T22:52:00,Bengaluru,3
Pothole #4340,Damaged patch,12.998099,77.602335,user340,2025-06-10T12:32:00,Bengaluru,1
Pothole #4341,Crater-like,12.869772,77.533828,user341,2025-04-04T13:29:00,Bengaluru,5
Pothole #4342,Damaged patch,12.975759,77.670078,user342,2025-08-01T06:57:00,Bengaluru,3
Pothole #4343,Damaged patch,12.948432,77.725888,user343,2025-08-13T17:53:00,Bengaluru,2
Pothole #4344,Deep hole,12.855942,77.561297,user344,2025-06-24T04:56:00,Bengaluru,2
Pothole #4345,Crater-like,12.933887,77.685506,user345,2025-04-01T13:07:00,Bengaluru,2
Pothole #4346,Causes skidding,12.992238,77.513563,user346,2025-01-20T16:48:00,Bengaluru,1
Pothole #4347,Small crack,12.890643,77.677154,user347,2025-01-16T14:30:00,Bengaluru,4
Pothole #4348,Damaged patch,13.032943,77.652121,user348,2025-11-03T12:31:00,Bengaluru,4
Pothole #4349,Needs repair,13.007931,77.600182,user349,2025-05-07T10:15:00,Bengaluru,4
Pothole #4350,Damaged patch,12.883994,77.607018,user350,2025-09-24T20:06:00,Bengaluru,3
Pothole #4351,Needs repair,12.856343,77.569187,user351,2025-07-01T16:00:00,Bengaluru,4
Pothole #4352,Small crack,13.018523,77.522845,user352,2025-11-10T05:37:00,Bengaluru,1
Pothole #4353,Needs repair,12.86199,77.545336,user353,2025-10-15T18:55:00,Bengaluru,4
Pothole #4354,Crater-like,12.888383,77.625512,user354,2025-09-05T22:39:00,Bengaluru,1
Pothole #4355,Deep hole,12.870531,77.708812,user355,2025-05-23T10:30:00,Bengaluru,2
Pothole #4356,Small crack,12.876444,77.614165,user356,2025-09-02T12:20:00,Bengaluru,5
Pothole #4357,Needs repair,12.976017,77.576841,user357,2025-09-07T19:03:00,Bengaluru,3
Pothole #4358,Crater-like,12.934612,77.625265,user358,2025-10-06T20:53:00,Bengaluru,2
Pothole #4359,Deep hole,12.922394,77.662038,user359,2025-06-01T20:10:00,Bengaluru,5
Pothole #4360,Crater-like,12.881376,77.731847,user360,2025-05-25T13:42:00,Bengaluru,3
Pothole #4361,Small crack,12.977823,77.707359,user361,2025-04-10T05:00:00,Bengaluru,3
Pothole #4362,Deep hole,12.966587,77.537204,user362,2025-10-17T21:35:00,Bengaluru,4
Pothole #4363,Small crack,12.884243,77.631726,user363,2025-01-12T23:36:00,Bengaluru,3
Pothole #4364,Crater-like,12.943903,77.714645,user364,2025-01-19T08:07:00,Bengaluru,3
Pothole #4365,Deep hole,13.042865,77.735819,user365,2025-05-11T06:43:00,Bengaluru,3
Pothole #4366,Damaged patch,13.023723,77.506679,user366,2025-09-08T21:47:00,Bengaluru,4
Pothole #4367,Crater-like,12.864277,77.720069,user367,2025-06-05T09:17:00,Bengaluru,2
Pothole #4368,Causes skidding,12.888927,77.749343,user368,2025-08-07T09:41:00,Bengaluru,3
Pothole #4369,Deep hole,12.895301,77.540309,user369,2025-06-04T07:25:00,Bengaluru,2
Pothole #4370,Crater-like,13.021272,77.737626,user370,2025-09-13T12:55:00,Bengaluru,3
Pothole #4371,Deep hole,13.043957,77.674329,user371,2025-08-08T06:50:00,Bengaluru,2
Pothole #4372,Causes skidding,12.995935,77.605575,user372,2025-04-01T21:53:00,Bengaluru,2
Pothole #4373,Needs repair,12.912762,77.557491,user373,2025-07-21T11:35:00,Bengaluru,5
Pothole #4374,Crater-like,12.916724,77.521898,user374,2025-11-22T11:58:00,Bengaluru,2
Pothole #4375,Needs repair,12.872561,77.504998,user375,2025-07-23T16:52:00,Bengaluru,2
Pothole #4376,Small crack,12.85516,77.748247,user376,2025-05-20T11:16:00,Bengaluru,4
Pothole #4377,Needs repair,12.870078,77.590853,user377,2025-04-24T07:12:00,Bengaluru,3
Pothole #4378,Causes skidding,12.955363,77.727826,user378,2025-04-07T04:48:00,Bengaluru,4
Pothole #4379,Causes skidding,12.94659,77.719092,user379,2025-07-08T00:46:00,Bengaluru,5
Pothole #4380,Crater-like,12.989567,77.670985,user380,2025-07-19T06:58:00,Bengaluru,4
Pothole #4381,Needs repair,12.976437,77.557887,user381,2025-04-12T02:46:00,Bengaluru,3
Pothole #4382,Causes skidding,13.033788,77.6609,user382,2025-11-18T20:28:00,Bengaluru,4
Pothole #4383,Needs repair,12.988039,77.536507,user383,2025-04-12T07:13:00,Bengaluru,1
Pothole #4384,Deep hole,13.01657,77.724763,user384,2025-07-14T05:15:00,Bengaluru,5
Pothole #4385,Damaged patch,13.04916,77.553289,user385,2025-02-03T09:50:00,Bengaluru,1
Pothole #4386,Crater-like,12.950649,77.656957,user386,2025-09-28T19:40:00,Bengaluru,4
Pothole #4387,Deep hole,12.931297,77.563176,user387,2025-09-03T04:18:00,Bengaluru,3
Pothole #4388,Causes skidding,12.987112,77.531304,user388,2025-05-21T10:25:00,Bengaluru,3
Pothole #4389,Crater-like,12.930165,77.735153,user389,2025-10-05T20:55:00,Bengaluru,3
Pothole #4390,Damaged patch,12.983631,77.564285,user390,2025-07-26T22:56:00,Bengaluru,4
Pothole #4391,Crater-like,12.975085,77.548909,user391,2025-11-06T14:08:00,Bengaluru,4
Pothole #4392,Small crack,12.876367,77.519132,user392,2025-05-20T17:17:00,Bengaluru,2
Pothole #4393,Causes skidding,12.908902,77.533609,user393,2025-03-15T10:27:00,Bengaluru,3
Pothole #4394,Small crack,13.016893,77.594714,user394,2025-03-04T20:13:00,Bengaluru,3
Pothole #4395,Small crack,12.97681,77.689403,user395,2025-11-24T22:09:00,Bengaluru,1
Pothole #4396,Deep hole,12.939047,77.612406,user396,2025-10-22T19:52:00,Bengaluru,5
Pothole #4397,Damaged patch,12.993653,77.567687,user397,2025-07-22T06:12:00,Bengaluru,2
Pothole #4398,Needs repair,12.917758,77.591065,user398,2025-03-15T13:11:00,Bengaluru,1
Pothole #4399,Damaged patch,12.964278,77.542955,user399,2025-11-24T16:46:00,Bengaluru,2
Pothole #4400,Deep hole,13.002794,77.698378,user400,2025-04-06T02:07:00,Bengaluru,4
Pothole #4401,Small crack,13.001909,77.686661,user401,2025-09-17T12:27:00,Bengaluru,3
Pothole #4402,Crater-like,12.871964,77.685767,user402,2025-11-10T01:44:00,Bengaluru,1
Pothole #4403,Small crack,12.927597,77.505579,user403,2025-03-22T01:07:00,Bengaluru,3
Pothole #4404,Causes skidding,12.993622,77.634364,user404,2025-02-01T22:56:00,Bengaluru,1
Pothole #4405,Damaged patch,12.949405,77.615283,user405,2025-03-25T05:17:00,Bengaluru,2
Pothole #4406,Small crack,12.939796,77.682183,user406,2025-07-27T12:58:00,Bengaluru,1
Pothole #4407,Crater-like,12.911188,77.606507,user407,2025-04-13T01:03:00,Bengaluru,5
Pothole #4408,Deep hole,12.953931,77.629772,user408,2025-05-06T05:54:00,Bengaluru,4
Pothole #4409,Small crack,12.954529,77.575797,user409,2025-03-22T02:31:00,Bengaluru,4
Pothole #4410,Causes skidding,13.036006,77.749195,user410,2025-06-15T17:24:00,Bengaluru,1
Pothole #4411,Crater-like,13.030662,77.60172,user411,2025-04-21T05:10:00,Bengaluru,1
Pothole #4412,Causes skidding,12.980339,77.595292,user412,2025-04-09T11:31:00,Bengaluru,5
Pothole #4413,Crater-like,13.044107,77.705028,user413,2025-04-24T17:04:00,Bengaluru,2
Pothole #4414,Damaged patch,12.917898,77.657166,user414,2025-04-26T03:53:00,Bengaluru,3
Pothole #4415,Small crack,13.016392,77.683229,user415,2025-06-28T03:10:00,Bengaluru,3
Pothole #4416,Causes skidding,12.888307,77.591308,user416,2025-10-28T06:26:00,Bengaluru,5
Pothole #4417,Damaged patch,12.949866,77.739223,user417,2025-03-20T23:14:00,Bengaluru,2
Pothole #4418,Crater-like,13.001023,77.583206,user418,2025-01-17T16:10:00,Bengaluru,3
Pothole #4419,Deep hole,12.934716,77.702802,user419,2025-09-06T14:15:00,Bengaluru,4
Pothole #4420,Needs repair,13.048119,77.662504,user420,2025-09-14T20:49:00,Bengaluru,5
Pothole #4421,Deep hole,12.85125,77.741475,user421,2025-01-15T18:53:00,Bengaluru,1
Pothole #4422,Damaged patch,13.015805,77.618045,user422,2025-07-24T19:40:00,Bengaluru,3
Pothole #4423,Crater-like,12.91137,77.635512,user423,2025-09-10T16:29:00,Bengaluru,2
Pothole #4424,Needs repair,12.926646,77.621122,user424,2025-01-15T17:46:00,Bengaluru,3
Pothole #4425,Small crack,12.997638,77.563657,user425,2025-05-10T06:18:00,Bengaluru,1
Pothole #4426,Deep hole,12.994639,77.708927,user426,2025-11-01T06:45:00,Bengaluru,4
Pothole #4427,Deep hole,13.033303,77.73691,user427,2025-08-21T03:05:00,Bengaluru,4
Pothole #4428,Crater-like,12.929329,77.744007,user428,2025-11-05T15:53:00,Bengaluru,2
Pothole #4429,Needs repair,12.892671,77.737551,user429,2025-08-09T19:37:00,Bengaluru,3
Pothole #4430,Causes skidding,12.960264,77.642095,user430,2025-08-20T19:54:00,Bengaluru,5
Pothole #4431,Needs repair,12.930332,77.671475,user431,2025-08-18T08:40:00,Bengaluru,4
Pothole #4432,Damaged patch,12.927899,77.531088,user432,2025-06-07T08:27:00,Bengaluru,4
Pothole #4433,Deep hole,12.943817,77.559641,user433,2025-07-07T12:16:00,Bengaluru,1
Pothole #4434,Crater-like,12.903233,77.54388,user434,2025-05-10T05:50:00,Bengaluru,1
Pothole #4435,Crater-like,12.887652,77.667049,user435,2025-10-08T02:14:00,Bengaluru,2
Pothole #4436,Needs repair,12.882583,77.503288,user436,2025-05-15T23:08:00,Bengaluru,2
Pothole #4437,Needs repair,12.920692,77.669429,user437,2025-01-18T16:13:00,Bengaluru,5
Pothole #4438,Needs repair,12.969813,77.524261,user438,2025-04-23T01:41:00,Bengaluru,3
Pothole #4439,Needs repair,12.86972,77.516787,user439,2025-01-24T20:26:00,Bengaluru,1
Pothole #4440,Needs repair,12.980853,77.707015,user440,2025-09-08T00:00:00,Bengaluru,5
Pothole #4441,Causes skidding,13.04111,77.747352,user441,2025-03-10T08:06:00,Bengaluru,5
Pothole #4442,Deep hole,12.948238,77.703124,user442,2025-09-16T03:53:00,Bengaluru,4
Pothole #4443,Small crack,12.850587,77.628283,user443,2025-11-18T16:50:00,Bengaluru,4
Pothole #4444,Deep hole,12.943331,77.631387,user444,2025-08-15T15:34:00,Bengaluru,1
Pothole #4445,Small crack,12.954432,77.567979,user445,2025-01-17T03:06:00,Bengaluru,3
Pothole #4446,Needs repair,13.028422,77.601089,user446,2025-02-24T13:38:00,Bengaluru,5
Pothole #4447,Deep hole,12.987782,77.543348,user447,2025-06-25T04:03:00,Bengaluru,5
Pothole #4448,Small crack,12.897073,77.606476,user448,2025-03-18T04:47:00,Bengaluru,3
Pothole #4449,Deep hole,12.958683,77.569007,user449,2025-11-10T22:33:00,Bengaluru,2
Pothole #4450,Crater-like,12.887094,77.636861,user450,2025-07-08T14:02:00,Bengaluru,4
Pothole #4451,Damaged patch,12.933105,77.732835,user451,2025-02-08T03:57:00,Bengaluru,2
Pothole #4452,Needs repair,13.007765,77.710247,user452,2025-11-22T01:07:00,Bengaluru,3
Pothole #4453,Causes skidding,12.893069,77.577418,user453,2025-08-15T18:00:00,Bengaluru,5
Pothole #4454,Deep hole,13.009835,77.605276,user454,2025-05-03T13:03:00,Bengaluru,2
Pothole #4455,Small crack,13.022807,77.576566,user455,2025-11-09T09:16:00,Bengaluru,1
Pothole #4456,Deep hole,12.954724,77.720789,user456,2025-05-26T14:56:00,Bengaluru,4
Pothole #4457,Needs repair,12.975682,77.659755,user457,2025-07-25T21:37:00,Bengaluru,2
Pothole #4458,Crater-like,13.020862,77.745986,user458,2025-08-17T23:14:00,Bengaluru,4
Pothole #4459,Deep hole,12.998847,77.704278,user459,2025-10-21T17:54:00,Bengaluru,4
Pothole #4460,Needs repair,12.906096,77.505235,user460,2025-07-04T11:38:00,Bengaluru,2
Pothole #4461,Causes skidding,12.969099,77.64032,user461,2025-08-11T17:27:00,Bengaluru,4
Pothole #4462,Causes skidding,12.982027,77.597292,user462,2025-10-26T15:22:00,Bengaluru,2
Pothole #4463,Damaged patch,12.979446,77.633254,user463,2025-02-13T07:36:00,Bengaluru,3
Pothole #4464,Causes skidding,13.032199,77.675191,user464,2025-04-19T00:48:00,Bengaluru,5
Pothole #4465,Damaged patch,12.875997,77.554748,user465,2025-06-21T04:09:00,Bengaluru,2
Pothole #4466,Deep hole,12.912906,77.591677,user466,2025-03-23T03:13:00,Bengaluru,4
Pothole #4467,Needs repair,12.972154,77.721248,user467,2025-07-12T12:30:00,Bengaluru,2
Pothole #4468,Needs repair,12.857752,77.652974,user468,2025-10-17T17:13:00,Bengaluru,1
Pothole #4469,Damaged patch,12.912532,77.728197,user469,2025-08-03T13:01:00,Bengaluru,1
Pothole #4470,Damaged patch,12.908921,77.749536,user470,2025-01-06T17:01:00,Bengaluru,3
Pothole #4471,Causes skidding,12.874494,77.564809,user471,2025-02-05T19:53:00,Bengaluru,3
Pothole #4472,Causes skidding,12.904489,77.709769,user472,2025-01-11T18:02:00,Bengaluru,5
Pothole #4473,Needs repair,13.031977,77.644973,user473,2025-01-10T16:26:00,Bengaluru,4
Pothole #4474,Damaged patch,13.024413,77.628129,user474,2025-05-18T16:10:00,Bengaluru,3
Pothole #4475,Crater-like,13.049304,77.506478,user475,2025-01-05T10:09:00,Bengaluru,5
Pothole #4476,Damaged patch,13.014267,77.545136,user476,2025-06-20T04:14:00,Bengaluru,3
Pothole #4477,Crater-like,12.871774,77.507618,user477,2025-05-14T14:45:00,Bengaluru,4
Pothole #4478,Damaged patch,12.929296,77.62714,user478,2025-01-02T16:14:00,Bengaluru,5
Pothole #4479,Needs repair,12.949712,77.733772,user479,2025-02-25T15:14:00,Bengaluru,3
Pothole #4480,Needs repair,13.006205,77.501179,user480,2025-03-19T14:48:00,Bengaluru,2
Pothole #4481,Deep hole,12.956755,77.685081,user481,2025-08-08T08:26:00,Bengaluru,4
Pothole #4482,Damaged patch,13.041811,77.725912,user482,2025-04-14T16:44:00,Bengaluru,5
Pothole #4483,Small crack,12.896841,77.739375,user483,2025-04-02T21:26:00,Bengaluru,4
Pothole #4484,Deep hole,13.013095,77.618695,user484,2025-01-07T05:27:00,Bengaluru,3
Pothole #4485,Deep hole,13.047165,77.502336,user485,2025-01-14T07:58:00,Bengaluru,1
Pothole #4486,Crater-like,13.026568,77.718529,user486,2025-09-20T11:04:00,Bengaluru,2
Pothole #4487,Deep hole,13.039491,77.678179,user487,2025-11-27T20:15:00,Bengaluru,2
Pothole #4488,Damaged patch,12.860587,77.602534,user488,2025-04-07T10:03:00,Bengaluru,1
Pothole #4489,Crater-like,12.945982,77.676505,user489,2025-05-18T11:04:00,Bengaluru,1
Pothole #4490,Crater-like,12.96589,77.621763,user490,2025-05-02T10:46:00,Bengaluru,5
Pothole #4491,Small crack,12.881114,77.519672,user491,2025-02-23T11:22:00,Bengaluru,2
Pothole #4492,Damaged patch,12.933251,77.573163,user492,2025-09-14T15:04:00,Bengaluru,5
Pothole #4493,Needs repair,12.883027,77.749966,user493,2025-10-15T09:19:00,Bengaluru,4
Pothole #4494,Small crack,12.923326,77.567126,user494,2025-07-25T19:07:00,Bengaluru,3
Pothole #4495,Causes skidding,12.889822,77.676016,user495,2025-05-12T17:11:00,Bengaluru,2
Pothole #4496,Causes skidding,12.932686,77.693931,user496,2025-01-13T07:59:00,Bengaluru,2
Pothole #4497,Damaged patch,12.889653,77.576046,user497,2025-08-21T03:32:00,Bengaluru,1
Pothole #4498,Damaged patch,13.035638,77.587938,user498,2025-09-24T01:41:00,Bengaluru,2
Pothole #4499,Damaged patch,12.887283,77.619421,user499,2025-07-03T16:37:00,Bengaluru,1
Pothole #4500,Damaged patch,12.900535,77.503805,user0,2025-09-01T00:25:00,Bengaluru,2
Pothole #4501,Deep hole,12.989413,77.54715,user1,2025-01-22T15:41:00,Bengaluru,3
Pothole #4502,Small crack,13.017217,77.592451,user2,2025-05-10T07:43:00,Bengaluru,2
Pothole #4503,Crater-like,12.946796,77.738118,user3,2025-09-14T18:59:00,Bengaluru,3
Pothole #4504,Small crack,13.003365,77.524377,user4,2025-05-22T16:24:00,Bengaluru,5
Pothole #4505,Deep hole,13.040457,77.646018,user5,2025-04-04T09:14:00,Bengaluru,3
Pothole #4506,Needs repair,13.004366,77.736597,user6,2025-06-25T01:45:00,Bengaluru,5
Pothole #4507,Needs repair,13.041098,77.606619,user7,2025-07-05T15:12:00,Bengaluru,2
Pothole #4508,Damaged patch,13.049003,77.559683,user8,2025-03-07T09:00:00,Bengaluru,4
Pothole #4509,Needs repair,12.96692,77.629103,user9,2025-08-05T21:34:00,Bengaluru,4
Pothole #4510,Deep hole,12.95821,77.598445,user10,2025-07-10T15:58:00,Bengaluru,2
Pothole #4511,Damaged patch,12.964291,77.635007,user11,2025-09-01T09:27:00,Bengaluru,1
Pothole #4512,Small crack,12.967711,77.737713,user12,2025-03-28T01:59:00,Bengaluru,4
Pothole #4513,Needs repair,13.036038,77.548529,user13,2025-03-09T19:09:00,Bengaluru,5
Pothole #4514,Deep hole,12.955996,77.739344,user14,2025-09-05T11:26:00,Bengaluru,4
Pothole #4515,Needs repair,12.869056,77.505383,user15,2025-08-18T04:53:00,Bengaluru,4
Pothole #4516,Crater-like,12.965959,77.696639,user16,2025-11-27T16:42:00,Bengaluru,1
Pothole #4517,Crater-like,12.935118,77.602931,user17,2025-03-17T15:10:00,Bengaluru,2
Pothole #4518,Causes skidding,12.885426,77.683522,user18,2025-08-26T01:56:00,Bengaluru,4
Pothole #4519,Needs repair,12.904654,77.575588,user19,2025-03-01T05:15:00,Bengaluru,3
Pothole #4520,Deep hole,12.924839,77.644262,user20,2025-03-18T07:27:00,Bengaluru,1
Pothole #4521,Deep hole,12.900912,77.624831,user21,2025-10-25T14:36:00,Bengaluru,1
Pothole #4522,Crater-like,12.895048,77.690263,user22,2025-06-05T01:48:00,Bengaluru,5
Pothole #4523,Deep hole,13.042397,77.525671,user23,2025-04-13T05:04:00,Bengaluru,2
Pothole #4524,Needs repair,12.973351,77.626154,user24,2025-01-03T03:41:00,Bengaluru,2
Pothole #4525,Causes skidding,12.995264,77.715318,user25,2025-01-04T11:44:00,Bengaluru,5
Pothole #4526,Deep hole,12.865732,77.682421,user26,2025-01-07T02:01:00,Bengaluru,5
Pothole #4527,Crater-like,12.865009,77.664958,user27,2025-07-06T15:08:00,Bengaluru,2
Pothole #4528,Causes skidding,13.025954,77.538255,user28,2025-04-23T01:42:00,Bengaluru,4
Pothole #4529,Damaged patch,13.0332,77.593996,user29,2025-04-06T01:38:00,Bengaluru,2
Pothole #4530,Needs repair,12.918116,77.570894,user30,2025-11-20T14:24:00,Bengaluru,5
Pothole #4531,Damaged patch,12.950739,77.614235,user31,2025-03-02T20:23:00,Bengaluru,3
Pothole #4532,Small crack,12.947068,77.643062,user32,2025-03-10T11:49:00,Bengaluru,1
Pothole #4533,Crater-like,12.925984,77.601386,user33,2025-09-06T01:02:00,Bengaluru,5
Pothole #4534,Small crack,12.93253,77.663942,user34,2025-07-02T14:22:00,Bengaluru,4
Pothole #4535,Small crack,12.979137,77.631776,user35,2025-03-06T17:57:00,Bengaluru,3
Pothole #4536,Damaged patch,12.895609,77.593787,user36,2025-06-26T18:04:00,Bengaluru,3
Pothole #4537,Damaged patch,13.041206,77.688031,user37,2025-10-07T18:45:00,Bengaluru,2
Pothole #4538,Needs repair,12.875733,77.535541,user38,2025-08-26T03:38:00,Bengaluru,1
Pothole #4539,Crater-like,13.046746,77.660141,user39,2025-06-18T08:34:00,Bengaluru,2
Pothole #4540,Causes skidding,13.002972,77.655733,user40,2025-07-20T01:08:00,Bengaluru,1
Pothole #4541,Deep hole,12.996287,77.508777,user41,2025-09-15T19:19:00,Bengaluru,5
Pothole #4542,Damaged patch,12.85169,77.56663,user42,2025-04-04T14:06:00,Bengaluru,3
Pothole #4543,Causes skidding,13.039437,77.632762,user43,2025-08-19T17:35:00,Bengaluru,3
Pothole #4544,Causes skidding,12.977569,77.711832,user44,2025-10-21T18:23:00,Bengaluru,2
Pothole #4545,Crater-like,13.004474,77.532918,user45,2025-04-27T17:41:00,Bengaluru,4
Pothole #4546,Needs repair,12.858052,77.577931,user46,2025-05-22T08:00:00,Bengaluru,5
Pothole #4547,Needs repair,12.92933,77.677509,user47,2025-06-11T13:39:00,Bengaluru,3
Pothole #4548,Small crack,13.01711,77.694823,user48,2025-09-20T05:54:00,Bengaluru,3
Pothole #4549,Needs repair,12.931822,77.697503,user49,2025-02-05T04:59:00,Bengaluru,4
Pothole #4550,Damaged patch,12.925469,77.591788,user50,2025-09-10T19:04:00,Bengaluru,4
Pothole #4551,Crater-like,12.948525,77.535721,user51,2025-11-03T16:12:00,Bengaluru,1
Pothole #4552,Small crack,13.004936,77.612189,user52,2025-06-14T13:48:00,Bengaluru,4
Pothole #4553,Crater-like,13.031775,77.507906,user53,2025-08-07T06:56:00,Bengaluru,2
Pothole #4554,Causes skidding,13.011835,77.609309,user54,2025-08-06T19:32:00,Bengaluru,3
Pothole #4555,Damaged patch,12.998692,77.573552,user55,2025-11-03T09:34:00,Bengaluru,4
Pothole #4556,Crater-like,12.948162,77.563767,user56,2025-09-01T02:27:00,Bengaluru,2
Pothole #4557,Crater-like,12.983153,77.509312,user57,2025-06-11T20:54:00,Bengaluru,2
Pothole #4558,Needs repair,12.982625,77.608867,user58,2025-11-16T22:42:00,Bengaluru,5
Pothole #4559,Small crack,13.029024,77.534451,user59,2025-09-02T16:54:00,Bengaluru,2
Pothole #4560,Causes skidding,12.973489,77.515971,user60,2025-08-13T21:50:00,Bengaluru,2
Pothole #4561,Deep hole,12.891503,77.506147,user61,2025-04-17T00:21:00,Bengaluru,1
Pothole #4562,Causes skidding,13.007021,77.684422,user62,2025-11-06T00:58:00,Bengaluru,2
Pothole #4563,Small crack,12.872149,77.729889,user63,2025-08-11T16:59:00,Bengaluru,3
Pothole #4564,Causes skidding,13.012807,77.746382,user64,2025-08-19T08:41:00,Bengaluru,4
Pothole #4565,Small crack,12.858094,77.706152,user65,2025-07-21T05:02:00,Bengaluru,2
Pothole #4566,Crater-like,12.916501,77.594809,user66,2025-05-24T04:58:00,Bengaluru,3
Pothole #4567,Deep hole,12.851177,77.663745,user67,2025-01-20T02:22:00,Bengaluru,3
Pothole #4568,Damaged patch,12.977838,77.640265,user68,2025-10-14T15:32:00,Bengaluru,2
Pothole #4569,Small crack,12.937467,77.656325,user69,2025-08-19T19:25:00,Bengaluru,2
Pothole #4570,Damaged patch,12.994393,77.690041,user70,2025-01-28T04:37:00,Bengaluru,4
Pothole #4571,Needs repair,12.882138,77.626234,user71,2025-06-22T06:15:00,Bengaluru,5
Pothole #4572,Deep hole,12.892149,77.585128,user72,2025-11-05T08:40:00,Bengaluru,4
Pothole #4573,Damaged patch,13.038679,77.636026,user73,2025-05-10T22:24:00,Bengaluru,2
Pothole #4574,Needs repair,12.942156,77.681277,user74,2025-08-20T08:08:00,Bengaluru,3
Pothole #4575,Crater-like,12.9262,77.555941,user75,2025-03-21T20:58:00,Bengaluru,1
Pothole #4576,Deep hole,12.927843,77.555549,user76,2025-10-17T06:04:00,Bengaluru,1
Pothole #4577,Crater-like,13.036179,77.713811,user77,2025-08-04T17:00:00,Bengaluru,4
Pothole #4578,Needs repair,12.858582,77.571873,user78,2025-05-09T07:25:00,Bengaluru,5
Pothole #4579,Needs repair,12.964114,77.630015,user79,2025-10-02T21:29:00,Bengaluru,4
Pothole #4580,Deep hole,12.951988,77.65341,user80,2025-05-17T12:55:00,Bengaluru,4
Pothole #4581,Crater-like,13.02375,77.611326,user81,2025-01-12T14:26:00,Bengaluru,4
Pothole #4582,Damaged patch,12.947263,77.60494,user82,2025-10-08T09:33:00,Bengaluru,5
Pothole #4583,Crater-like,12.950171,77.695938,user83,2025-01-12T00:20:00,Bengaluru,2
Pothole #4584,Causes skidding,12.970557,77.671865,user84,2025-08-02T23:29:00,Bengaluru,2
Pothole #4585,Damaged patch,12.995535,77.506909,user85,2025-01-07T08:18:00,Bengaluru,5
Pothole #4586,Small crack,12.957727,77.555815,user86,2025-08-10T04:57:00,Bengaluru,3
Pothole #4587,Crater-like,12.941823,77.660673,user87,2025-06-26T08:43:00,Bengaluru,3
Pothole #4588,Crater-like,12.894142,77.65983,user88,2025-11-22T05:40:00,Bengaluru,4
Pothole #4589,Small crack,12.957099,77.658792,user89,2025-09-01T04:06:00,Bengaluru,4
Pothole #4590,Small crack,13.039822,77.747909,user90,2025-01-22T05:39:00,Bengaluru,1
Pothole #4591,Needs repair,13.034907,77.727677,user91,2025-08-28T10:35:00,Bengaluru,1
Pothole #4592,Causes skidding,12.861999,77.676232,user92,2025-01-25T06:10:00,Bengaluru,4
Pothole #4593,Small crack,12.864405,77.534738,user93,2025-08-08T10:50:00,Bengaluru,4
Pothole #4594,Small crack,13.009688,77.539561,user94,2025-11-09T04:38:00,Bengaluru,1
Pothole #4595,Crater-like,12.948974,77.559493,user95,2025-07-23T06:56:00,Bengaluru,2
Pothole #4596,Damaged patch,12.998134,77.578608,user96,2025-08-28T08:29:00,Bengaluru,2
Pothole #4597,Damaged patch,12.914827,77.538808,user97,2025-11-27T18:48:00,Bengaluru,4
Pothole #4598,Causes skidding,12.909187,77.501441,user98,2025-09-28T01:45:00,Bengaluru,4
Pothole #4599,Causes skidding,12.991069,77.677644,user99,2025-02-05T15:34:00,Bengaluru,5
Pothole #4600,Crater-like,12.868009,77.62922,user100,2025-11-16T01:17:00,Bengaluru,1
Pothole #4601,Causes skidding,12.917965,77.5847,user101,2025-10-22T04:00:00,Bengaluru,4
Pothole #4602,Needs repair,13.03564,77.560864,user102,2025-02-05T07:14:00,Bengaluru,1
Pothole #4603,Crater-like,12.96303,77.74301,user103,2025-10-19T19:40:00,Bengaluru,3
Pothole #4604,Deep hole,12.970352,77.550001,user104,2025-06-09T07:05:00,Bengaluru,4
Pothole #4605,Crater-like,12.886236,77.703989,user105,2025-09-19T11:50:00,Bengaluru,3
Pothole #4606,Crater-like,12.984912,77.704868,user106,2025-04-14T15:34:00,Bengaluru,5
Pothole #4607,Needs repair,12.974431,77.626791,user107,2025-06-25T18:09:00,Bengaluru,5
Pothole #4608,Needs repair,12.924616,77.611749,user108,2025-04-27T08:41:00,Bengaluru,3
Pothole #4609,Causes skidding,13.037213,77.628161,user109,2025-07-20T19:46:00,Bengaluru,1
Pothole #4610,Causes skidding,12.949479,77.716291,user110,2025-11-02T18:01:00,Bengaluru,5
Pothole #4611,Crater-like,12.978154,77.668036,user111,2025-04-13T17:32:00,Bengaluru,2
Pothole #4612,Causes skidding,13.008186,77.540595,user112,2025-09-18T22:17:00,Bengaluru,1
Pothole #4613,Small crack,12.95263,77.747445,user113,2025-03-02T04:42:00,Bengaluru,3
Pothole #4614,Deep hole,13.002918,77.673314,user114,2025-08-08T16:04:00,Bengaluru,1
Pothole #4615,Causes skidding,12.864326,77.690481,user115,2025-10-03T14:42:00,Bengaluru,3
Pothole #4616,Deep hole,13.024684,77.66071,user116,2025-04-24T20:18:00,Bengaluru,3
Pothole #4617,Small crack,12.9018,77.502947,user117,2025-01-20T00:47:00,Bengaluru,3
Pothole #4618,Deep hole,12.851885,77.659517,user118,2025-05-20T07:43:00,Bengaluru,5
Pothole #4619,Needs repair,13.048491,77.729143,user119,2025-09-27T19:08:00,Bengaluru,1
Pothole #4620,Deep hole,13.009464,77.505527,user120,2025-06-13T11:33:00,Bengaluru,1
Pothole #4621,Small crack,12.874669,77.548599,user121,2025-08-25T06:50:00,Bengaluru,2
Pothole #4622,Causes skidding,12.880272,77.529091,user122,2025-01-04T10:03:00,Bengaluru,5
Pothole #4623,Crater-like,12.875615,77.678968,user123,2025-04-13T20:13:00,Bengaluru,4
Pothole #4624,Damaged patch,12.957165,77.652793,user124,2025-08-27T05:47:00,Bengaluru,5
Pothole #4625,Small crack,12.966909,77.517354,user125,2025-07-21T09:54:00,Bengaluru,2
Pothole #4626,Crater-like,12.946614,77.695615,user126,2025-10-14T22:36:00,Bengaluru,3
Pothole #4627,Damaged patch,12.944287,77.708111,user127,2025-08-16T18:29:00,Bengaluru,2
Pothole #4628,Small crack,12.895669,77.503487,user128,2025-04-26T20:23:00,Bengaluru,2
Pothole #4629,Deep hole,12.860256,77.507315,user129,2025-10-24T12:28:00,Bengaluru,4
Pothole #4630,Deep hole,12.924671,77.52657,user130,2025-07-15T06:57:00,Bengaluru,1
Pothole #4631,Causes skidding,12.888924,77.518018,user131,2025-11-08T08:16:00,Bengaluru,5
Pothole #4632,Damaged patch,12.854636,77.656589,user132,2025-08-02T23:02:00,Bengaluru,5
Pothole #4633,Causes skidding,12.965138,77.506067,user133,2025-04-10T12:09:00,Bengaluru,1
Pothole #4634,Deep hole,12.907412,77.730719,user134,2025-06-15T20:39:00,Bengaluru,4
Pothole #4635,Deep hole,12.980872,77.535656,user135,2025-09-01T17:14:00,Bengaluru,4
Pothole #4636,Small crack,13.041994,77.656514,user136,2025-05-26T16:01:00,Bengaluru,4
Pothole #4637,Causes skidding,13.023224,77.710581,user137,2025-03-21T01:43:00,Bengaluru,5
Pothole #4638,Damaged patch,12.956211,77.525702,user138,2025-08-22T20:20:00,Bengaluru,3
Pothole #4639,Causes skidding,13.048228,77.718368,user139,2025-11-15T12:54:00,Bengaluru,2
Pothole #4640,Small crack,12.940637,77.702475,user140,2025-07-09T02:10:00,Bengaluru,5
Pothole #4641,Crater-like,12.874625,77.701827,user141,2025-10-24T14:39:00,Bengaluru,3
Pothole #4642,Small crack,12.914639,77.73489,user142,2025-11-04T01:12:00,Bengaluru,5
Pothole #4643,Small crack,12.948045,77.636724,user143,2025-04-22T16:06:00,Bengaluru,5
Pothole #4644,Causes skidding,12.916764,77.613229,user144,2025-05-19T02:11:00,Bengaluru,2
Pothole #4645,Damaged patch,12.981395,77.740669,user145,2025-06-23T04:17:00,Bengaluru,1
Pothole #4646,Causes skidding,12.968922,77.725757,user146,2025-10-07T16:08:00,Bengaluru,5
Pothole #4647,Causes skidding,13.006931,77.634918,user147,2025-04-16T02:03:00,Bengaluru,3
Pothole #4648,Deep hole,12.92047,77.503863,user148,2025-07-01T08:52:00,Bengaluru,2
Pothole #4649,Causes skidding,13.027673,77.561867,user149,2025-01-03T01:18:00,Bengaluru,5
Pothole #4650,Small crack,13.045819,77.608263,user150,2025-01-13T15:07:00,Bengaluru,5
Pothole #4651,Small crack,13.038319,77.674747,user151,2025-02-06T10:32:00,Bengaluru,3
Pothole #4652,Crater-like,12.918806,77.512612,user152,2025-11-28T20:00:00,Bengaluru,4
Pothole #4653,Causes skidding,12.984531,77.527543,user153,2025-09-19T02:24:00,Bengaluru,2
Pothole #4654,Deep hole,13.003682,77.597123,user154,2025-03-23T17:23:00,Bengaluru,2
Pothole #4655,Crater-like,12.899533,77.696644,user155,2025-08-10T05:44:00,Bengaluru,1
Pothole #4656,Deep hole,12.988708,77.699678,user156,2025-02-17T12:18:00,Bengaluru,2
Pothole #4657,Damaged patch,12.960072,77.694391,user157,2025-05-15T12:33:00,Bengaluru,1
Pothole #4658,Damaged patch,12.916489,77.547403,user158,2025-06-08T05:17:00,Bengaluru,5
Pothole #4659,Causes skidding,13.02203,77.721966,user159,2025-09-08T00:41:00,Bengaluru,1
Pothole #4660,Crater-like,13.039904,77.561682,user160,2025-05-15T02:15:00,Bengaluru,3
Pothole #4661,Crater-like,12.85195,77.595548,user161,2025-06-01T13:27:00,Bengaluru,5
Pothole #4662,Small crack,13.006791,77.58547,user162,2025-03-11T02:19:00,Bengaluru,4
Pothole #4663,Causes skidding,12.906081,77.549149,user163,2025-04-06T18:20:00,Bengaluru,5
Pothole #4664,Small crack,12.904182,77.661481,user164,2025-05-10T11:36:00,Bengaluru,3
Pothole #4665,Causes skidding,12.995908,77.678506,user165,2025-05-18T04:09:00,Bengaluru,4
Pothole #4666,Damaged patch,12.896056,77.563801,user166,2025-09-09T13:12:00,Bengaluru,4
Pothole #4667,Crater-like,12.949322,77.511205,user167,2025-02-26T20:07:00,Bengaluru,4
Pothole #4668,Damaged patch,12.892906,77.738187,user168,2025-05-28T21:28:00,Bengaluru,1
Pothole #4669,Deep hole,13.034319,77.553991,user169,2025-09-27T18:25:00,Bengaluru,2
Pothole #4670,Needs repair,12.923911,77.562038,user170,2025-04-05T05:48:00,Bengaluru,4
Pothole #4671,Causes skidding,13.031307,77.535179,user171,2025-06-14T16:57:00,Bengaluru,2
Pothole #4672,Deep hole,12.885842,77.641259,user172,2025-03-01T07:01:00,Bengaluru,3
Pothole #4673,Damaged patch,12.933797,77.54283,user173,2025-08-17T22:40:00,Bengaluru,3
Pothole #4674,Crater-like,12.853045,77.640878,user174,2025-02-03T05:59:00,Bengaluru,3
Pothole #4675,Needs repair,12.886545,77.58105,user175,2025-03-25T17:19:00,Bengaluru,5
Pothole #4676,Causes skidding,12.882198,77.603839,user176,2025-06-27T05:30:00,Bengaluru,1
Pothole #4677,Small crack,13.039321,77.507905,user177,2025-11-24T23:13:00,Bengaluru,5
Pothole #4678,Damaged patch,12.991785,77.643483,user178,2025-02-16T17:35:00,Bengaluru,4
Pothole #4679,Crater-like,12.900047,77.72652,user179,2025-11-21T16:16:00,Bengaluru,1
Pothole #4680,Small crack,12.882955,77.536071,user180,2025-09-06T09:07:00,Bengaluru,4
Pothole #4681,Deep hole,12.953755,77.568078,user181,2025-09-10T23:27:00,Bengaluru,4
Pothole #4682,Causes skidding,12.90103,77.651959,user182,2025-01-21T11:09:00,Bengaluru,5
Pothole #4683,Needs repair,13.043611,77.523673,user183,2025-01-24T08:17:00,Bengaluru,4
Pothole #4684,Causes skidding,12.867301,77.520189,user184,2025-03-19T18:35:00,Bengaluru,1
Pothole #4685,Causes skidding,12.995647,77.506581,user185,2025-09-08T08:53:00,Bengaluru,3
Pothole #4686,Causes skidding,12.904182,77.660949,user186,2025-09-17T06:27:00,Bengaluru,2
Pothole #4687,Deep hole,12.940194,77.74283,user187,2025-10-24T05:45:00,Bengaluru,5
Pothole #4688,Causes skidding,12.910978,77.748861,user188,2025-01-03T18:13:00,Bengaluru,2
Pothole #4689,Causes skidding,12.863087,77.659377,user189,2025-11-16T22:30:00,Bengaluru,4
Pothole #4690,Needs repair,13.032707,77.576214,user190,2025-09-06T12:49:00,Bengaluru,3
Pothole #4691,Needs repair,13.023351,77.647811,user191,2025-08-01T03:45:00,Bengaluru,2
Pothole #4692,Crater-like,13.003077,77.577402,user192,2025-01-28T11:29:00,Bengaluru,2
Pothole #4693,Damaged patch,12.924068,77.590415,user193,2025-08-10T11:51:00,Bengaluru,3
Pothole #4694,Small crack,13.035894,77.694343,user194,2025-07-16T00:37:00,Bengaluru,4
Pothole #4695,Small crack,13.039843,77.712416,user195,2025-01-17T17:37:00,Bengaluru,3
Pothole #4696,Needs repair,12.937382,77.639275,user196,2025-08-17T01:32:00,Bengaluru,2
Pothole #4697,Needs repair,12.910745,77.529943,user197,2025-11-03T20:26:00,Bengaluru,5
Pothole #4698,Damaged patch,12.952191,77.699668,user198,2025-10-27T06:04:00,Bengaluru,1
Pothole #4699,Damaged patch,13.009357,77.530126,user199,2025-06-12T20:28:00,Bengaluru,5
Pothole #4700,Damaged patch,12.866323,77.720114,user200,2025-01-22T15:45:00,Bengaluru,5
Pothole #4701,Crater-like,12.94312,77.524656,user201,2025-05-04T15:41:00,Bengaluru,5
Pothole #4702,Needs repair,12.888644,77.633969,user202,2025-06-25T09:59:00,Bengaluru,1
Pothole #4703,Deep hole,12.883193,77.741081,user203,2025-11-07T07:46:00,Bengaluru,2
Pothole #4704,Damaged patch,12.89388,77.514206,user204,2025-11-15T08:17:00,Bengaluru,3
Pothole #4705,Small crack,12.869538,77.717577,user205,2025-10-26T16:02:00,Bengaluru,3
Pothole #4706,Needs repair,12.982415,77.667103,user206,2025-08-05T20:33:00,Bengaluru,3
Pothole #4707,Damaged patch,12.923264,77.567435,user207,2025-01-27T00:56:00,Bengaluru,1
Pothole #4708,Damaged patch,12.966057,77.524566,user208,2025-03-04T10:13:00,Bengaluru,3
Pothole #4709,Causes skidding,12.887426,77.511744,user209,2025-01-01T19:51:00,Bengaluru,3
Pothole #4710,Small crack,12.928079,77.681252,user210,2025-08-09T21:18:00,Bengaluru,3
Pothole #4711,Damaged patch,12.982382,77.534344,user211,2025-01-18T21:23:00,Bengaluru,2
Pothole #4712,Small crack,13.029995,77.54511,user212,2025-10-27T07:32:00,Bengaluru,2
Pothole #4713,Crater-like,12.993636,77.665244,user213,2025-06-23T03:31:00,Bengaluru,1
Pothole #4714,Needs repair,12.988792,77.597843,user214,2025-01-12T10:44:00,Bengaluru,1
Pothole #4715,Crater-like,12.932798,77.511726,user215,2025-09-07T05:44:00,Bengaluru,2
Pothole #4716,Deep hole,12.89428,77.649067,user216,2025-05-06T22:15:00,Bengaluru,3
Pothole #4717,Damaged patch,13.01732,77.528546,user217,2025-04-21T10:51:00,Bengaluru,5
Pothole #4718,Deep hole,13.016484,77.745084,user218,2025-03-24T18:01:00,Bengaluru,5
Pothole #4719,Needs repair,13.031846,77.679228,user219,2025-02-27T11:01:00,Bengaluru,1
Pothole #4720,Damaged patch,13.010486,77.645956,user220,2025-01-13T13:41:00,Bengaluru,1
Pothole #4721,Crater-like,12.923631,77.605303,user221,2025-11-09T17:08:00,Bengaluru,2
Pothole #4722,Needs repair,12.968147,77.721343,user222,2025-05-28T22:03:00,Bengaluru,3
Pothole #4723,Crater-like,13.015415,77.55448,user223,2025-04-16T14:15:00,Bengaluru,5
Pothole #4724,Small crack,12.912679,77.64258,user224,2025-06-03T16:30:00,Bengaluru,4
Pothole #4725,Needs repair,12.969769,77.57603,user225,2025-09-19T23:40:00,Bengaluru,3
Pothole #4726,Needs repair,12.866177,77.625969,user226,2025-09-26T20:23:00,Bengaluru,1
Pothole #4727,Needs repair,12.859612,77.611522,user227,2025-08-25T11:57:00,Bengaluru,1
Pothole #4728,Small crack,12.969033,77.672366,user228,2025-10-24T12:18:00,Bengaluru,1
Pothole #4729,Deep hole,12.984368,77.686312,user229,2025-09-14T15:17:00,Bengaluru,5
Pothole #4730,Deep hole,13.01435,77.554701,user230,2025-03-28T05:11:00,Bengaluru,1
Pothole #4731,Needs repair,12.949304,77.661726,user231,2025-10-23T03:54:00,Bengaluru,2
Pothole #4732,Needs repair,13.029899,77.579678,user232,2025-07-08T20:24:00,Bengaluru,2
Pothole #4733,Crater-like,12.974173,77.715152,user233,2025-11-09T03:11:00,Bengaluru,4
Pothole #4734,Causes skidding,12.855295,77.652852,user234,2025-09-20T12:53:00,Bengaluru,3
Pothole #4735,Damaged patch,12.9819,77.525514,user235,2025-09-24T07:36:00,Bengaluru,5
Pothole #4736,Damaged patch,12.980931,77.596634,user236,2025-04-18T17:48:00,Bengaluru,3
Pothole #4737,Damaged patch,12.906479,77.66432,user237,2025-10-09T16:01:00,Bengaluru,1
Pothole #4738,Needs repair,13.011299,77.58092,user238,2025-11-13T07:23:00,Bengaluru,5
Pothole #4739,Causes skidding,12.859064,77.503632,user239,2025-10-04T12:06:00,Bengaluru,4
Pothole #4740,Small crack,13.009342,77.716829,user240,2025-10-21T06:56:00,Bengaluru,5
Pothole #4741,Damaged patch,12.881889,77.604166,user241,2025-03-04T22:58:00,Bengaluru,1
Pothole #4742,Causes skidding,12.942373,77.585041,user242,2025-09-22T19:46:00,Bengaluru,5
Pothole #4743,Deep hole,12.974357,77.699132,user243,2025-03-01T18:32:00,Bengaluru,1
Pothole #4744,Damaged patch,12.92549,77.536307,user244,2025-04-22T03:19:00,Bengaluru,2
Pothole #4745,Deep hole,12.861572,77.717969,user245,2025-10-15T13:01:00,Bengaluru,5
Pothole #4746,Causes skidding,12.871335,77.610077,user246,2025-09-04T09:19:00,Bengaluru,1
Pothole #4747,Needs repair,13.027608,77.64667,user247,2025-02-25T18:20:00,Bengaluru,4
Pothole #4748,Needs repair,12.920902,77.736098,user248,2025-04-13T02:25:00,Bengaluru,1
Pothole #4749,Causes skidding,12.940611,77.547067,user249,2025-02-22T18:00:00,Bengaluru,1
Pothole #4750,Needs repair,12.870745,77.50897,user250,2025-10-12T17:47:00,Bengaluru,1
Pothole #4751,Needs repair,12.943953,77.715858,user251,2025-01-04T11:40:00,Bengaluru,1
Pothole #4752,Crater-like,12.89712,77.51467,user252,2025-06-04T20:14:00,Bengaluru,1
Pothole #4753,Causes skidding,12.984149,77.641579,user253,2025-02-19T18:57:00,Bengaluru,4
Pothole #4754,Causes skidding,13.024651,77.685814,user254,2025-03-21T15:54:00,Bengaluru,4
Pothole #4755,Damaged patch,13.043599,77.624163,user255,2025-07-08T07:03:00,Bengaluru,1
Pothole #4756,Needs repair,12.941943,77.563216,user256,2025-07-06T02:30:00,Bengaluru,2
Pothole #4757,Deep hole,12.850616,77.503103,user257,2025-07-25T11:18:00,Bengaluru,1
Pothole #4758,Needs repair,12.872278,77.730704,user258,2025-10-24T19:49:00,Bengaluru,5
Pothole #4759,Causes skidding,13.006822,77.643009,user259,2025-07-04T15:38:00,Bengaluru,3
Pothole #4760,Deep hole,12.939642,77.716079,user260,2025-03-20T19:18:00,Bengaluru,2
Pothole #4761,Crater-like,12.904415,77.613373,user261,2025-08-02T10:08:00,Bengaluru,1
Pothole #4762,Small crack,12.862499,77.566288,user262,2025-05-11T07:45:00,Bengaluru,3
Pothole #4763,Deep hole,12.929287,77.718303,user263,2025-10-13T11:52:00,Bengaluru,2
Pothole #4764,Small crack,13.026154,77.562253,user264,2025-08-09T12:19:00,Bengaluru,4
Pothole #4765,Crater-like,13.019894,77.621103,user265,2025-08-22T17:05:00,Bengaluru,2
Pothole #4766,Damaged patch,13.025623,77.56269,user266,2025-04-26T15:36:00,Bengaluru,5
Pothole #4767,Crater-like,13.049609,77.748849,user267,2025-02-19T12:02:00,Bengaluru,2
Pothole #4768,Crater-like,13.048356,77.51721,user268,2025-11-25T12:45:00,Bengaluru,4
Pothole #4769,Deep hole,12.985912,77.504642,user269,2025-02-08T03:42:00,Bengaluru,5
Pothole #4770,Deep hole,12.96338,77.592119,user270,2025-08-25T19:02:00,Bengaluru,5
Pothole #4771,Deep hole,12.928591,77.749565,user271,2025-05-03T04:32:00,Bengaluru,2
Pothole #4772,Crater-like,12.934465,77.710485,user272,2025-10-21T00:56:00,Bengaluru,3
Pothole #4773,Causes skidding,12.988079,77.629461,user273,2025-07-08T09:57:00,Bengaluru,5
Pothole #4774,Causes skidding,12.991558,77.62787,user274,2025-10-10T03:41:00,Bengaluru,5
Pothole #4775,Needs repair,13.032057,77.530207,user275,2025-09-17T09:20:00,Bengaluru,3
Pothole #4776,Damaged patch,13.030792,77.605855,user276,2025-10-24T11:26:00,Bengaluru,1
Pothole #4777,Needs repair,12.915079,77.665014,user277,2025-02-10T07:08:00,Bengaluru,3
Pothole #4778,Needs repair,13.042929,77.580075,user278,2025-10-26T15:57:00,Bengaluru,3
Pothole #4779,Damaged patch,13.026003,77.56769,user279,2025-05-17T10:35:00,Bengaluru,4
Pothole #4780,Causes skidding,12.925236,77.622892,user280,2025-07-17T00:54:00,Bengaluru,2
Pothole #4781,Small crack,12.894194,77.58937,user281,2025-05-03T14:12:00,Bengaluru,5
Pothole #4782,Deep hole,13.04536,77.685774,user282,2025-06-05T02:43:00,Bengaluru,5
Pothole #4783,Needs repair,13.041002,77.516116,user283,2025-11-07T18:53:00,Bengaluru,3
Pothole #4784,Causes skidding,12.950672,77.742756,user284,2025-04-24T12:15:00,Bengaluru,5
Pothole #4785,Crater-like,13.014652,77.586023,user285,2025-03-25T13:46:00,Bengaluru,2
Pothole #4786,Causes skidding,12.871964,77.641087,user286,2025-07-20T13:31:00,Bengaluru,4
Pothole #4787,Crater-like,12.957702,77.506476,user287,2025-03-13T15:06:00,Bengaluru,2
Pothole #4788,Deep hole,12.891619,77.738014,user288,2025-08-05T11:33:00,Bengaluru,5
Pothole #4789,Needs repair,12.88527,77.748389,user289,2025-10-12T09:03:00,Bengaluru,4
Pothole #4790,Damaged patch,13.016496,77.548853,user290,2025-04-01T08:11:00,Bengaluru,3
Pothole #4791,Crater-like,12.878266,77.700431,user291,2025-09-10T07:01:00,Bengaluru,4
Pothole #4792,Causes skidding,13.037795,77.682135,user292,2025-11-02T02:42:00,Bengaluru,2
Pothole #4793,Causes skidding,12.96925,77.625863,user293,2025-05-02T11:20:00,Bengaluru,3
Pothole #4794,Deep hole,13.036033,77.597068,user294,2025-09-11T03:46:00,Bengaluru,5
Pothole #4795,Deep hole,12.996756,77.543028,user295,2025-08-01T07:54:00,Bengaluru,3
Pothole #4796,Deep hole,12.891149,77.569062,user296,2025-10-06T15:09:00,Bengaluru,2
Pothole #4797,Small crack,12.91167,77.594199,user297,2025-09-23T14:18:00,Bengaluru,5
Pothole #4798,Damaged patch,12.888475,77.675166,user298,2025-07-07T21:22:00,Bengaluru,2
Pothole #4799,Needs repair,12.930831,77.592918,user299,2025-01-20T18:10:00,Bengaluru,3
Pothole #4800,Damaged patch,12.862119,77.686712,user300,2025-10-27T14:37:00,Bengaluru,4
Pothole #4801,Needs repair,12.887492,77.547808,user301,2025-07-08T16:00:00,Bengaluru,4
Pothole #4802,Small crack,12.884002,77.50716,user302,2025-05-20T02:57:00,Bengaluru,1
Pothole #4803,Damaged patch,13.049174,77.747534,user303,2025-01-20T17:45:00,Bengaluru,4
Pothole #4804,Crater-like,12.936934,77.653425,user304,2025-10-25T19:22:00,Bengaluru,2
Pothole #4805,Needs repair,12.970172,77.579627,user305,2025-05-13T00:56:00,Bengaluru,1
Pothole #4806,Deep hole,12.977774,77.715216,user306,2025-03-01T03:40:00,Bengaluru,2
Pothole #4807,Causes skidding,12.937137,77.728867,user307,2025-06-02T20:20:00,Bengaluru,4
Pothole #4808,Deep hole,12.987765,77.592548,user308,2025-08-25T17:58:00,Bengaluru,2
Pothole #4809,Deep hole,12.894307,77.642227,user309,2025-08-25T11:27:00,Bengaluru,4
Pothole #4810,Damaged patch,12.950888,77.73349,user310,2025-03-13T04:20:00,Bengaluru,1
Pothole #4811,Crater-like,13.027288,77.510419,user311,2025-01-27T01:58:00,Bengaluru,3
Pothole #4812,Causes skidding,12.90163,77.739536,user312,2025-05-15T06:08:00,Bengaluru,2
Pothole #4813,Needs repair,13.002802,77.746141,user313,2025-08-01T02:04:00,Bengaluru,2
Pothole #4814,Needs repair,12.997469,77.574684,user314,2025-03-25T19:11:00,Bengaluru,4
Pothole #4815,Small crack,13.049993,77.572606,user315,2025-08-11T16:15:00,Bengaluru,3
Pothole #4816,Needs repair,12.948824,77.716828,user316,2025-03-01T19:54:00,Bengaluru,1
Pothole #4817,Small crack,12.908723,77.527165,user317,2025-11-01T09:15:00,Bengaluru,5
Pothole #4818,Damaged patch,12.86031,77.734467,user318,2025-05-12T18:05:00,Bengaluru,3
Pothole #4819,Causes skidding,13.010473,77.597946,user319,2025-01-13T15:43:00,Bengaluru,4
Pothole #4820,Deep hole,13.041682,77.649014,user320,2025-07-02T01:18:00,Bengaluru,5
Pothole #4821,Deep hole,12.865906,77.580862,user321,2025-09-13T05:56:00,Bengaluru,3
Pothole #4822,Needs repair,12.869443,77.588693,user322,2025-09-25T02:58:00,Bengaluru,3
Pothole #4823,Deep hole,13.009075,77.575238,user323,2025-07-04T05:36:00,Bengaluru,2
Pothole #4824,Damaged patch,12.921225,77.619809,user324,2025-02-12T00:41:00,Bengaluru,1
Pothole #4825,Small crack,13.025565,77.574305,user325,2025-07-09T01:53:00,Bengaluru,4
Pothole #4826,Crater-like,12.906745,77.739011,user326,2025-05-25T03:43:00,Bengaluru,2
Pothole #4827,Crater-like,12.959424,77.723189,user327,2025-11-17T21:47:00,Bengaluru,3
Pothole #4828,Crater-like,13.001232,77.597443,user328,2025-03-26T16:27:00,Bengaluru,4
Pothole #4829,Needs repair,12.986471,77.539185,user329,2025-07-01T00:59:00,Bengaluru,5
Pothole #4830,Small crack,13.025248,77.575752,user330,2025-04-08T04:13:00,Bengaluru,4
Pothole #4831,Needs repair,12.90916,77.692771,user331,2025-05-20T19:30:00,Bengaluru,4
Pothole #4832,Crater-like,13.020353,77.579686,user332,2025-11-19T07:07:00,Bengaluru,4
Pothole #4833,Deep hole,13.038259,77.600236,user333,2025-07-01T20:44:00,Bengaluru,3
Pothole #4834,Crater-like,13.022086,77.69224,user334,2025-06-21T05:13:00,Bengaluru,2
Pothole #4835,Damaged patch,12.882219,77.747478,user335,2025-04-04T23:14:00,Bengaluru,5
Pothole #4836,Needs repair,13.007409,77.708575,user336,2025-06-18T20:32:00,Bengaluru,5
Pothole #4837,Damaged patch,13.019848,77.634566,user337,2025-10-19T04:33:00,Bengaluru,5
Pothole #4838,Damaged patch,12.871248,77.654792,user338,2025-09-26T23:36:00,Bengaluru,1
Pothole #4839,Causes skidding,13.049533,77.700425,user339,2025-03-28T13:35:00,Bengaluru,4
Pothole #4840,Crater-like,12.922936,77.661994,user340,2025-03-24T02:02:00,Bengaluru,3
Pothole #4841,Small crack,12.971698,77.505911,user341,2025-04-23T10:44:00,Bengaluru,3
Pothole #4842,Small crack,12.853876,77.550363,user342,2025-10-18T03:49:00,Bengaluru,1
Pothole #4843,Causes skidding,12.991162,77.579832,user343,2025-03-14T06:34:00,Bengaluru,1
Pothole #4844,Damaged patch,12.85051,77.686248,user344,2025-06-04T06:35:00,Bengaluru,3
Pothole #4845,Deep hole,12.935553,77.692442,user345,2025-09-27T06:24:00,Bengaluru,3
Pothole #4846,Needs repair,12.985116,77.578181,user346,2025-06-07T19:00:00,Bengaluru,4
Pothole #4847,Damaged patch,13.00253,77.665618,user347,2025-09-17T07:50:00,Bengaluru,5
Pothole #4848,Damaged patch,12.933516,77.540857,user348,2025-09-20T20:12:00,Bengaluru,3
Pothole #4849,Small crack,12.970648,77.582541,user349,2025-11-18T04:07:00,Bengaluru,1
Pothole #4850,Needs repair,12.853304,77.618368,user350,2025-01-02T14:41:00,Bengaluru,4
Pothole #4851,Causes skidding,13.007081,77.596254,user351,2025-10-24T07:25:00,Bengaluru,4
Pothole #4852,Causes skidding,12.87226,77.748406,user352,2025-01-10T10:17:00,Bengaluru,4
Pothole #4853,Crater-like,13.033666,77.63238,user353,2025-08-25T23:45:00,Bengaluru,4
Pothole #4854,Damaged patch,13.033199,77.618293,user354,2025-04-07T10:29:00,Bengaluru,3
Pothole #4855,Deep hole,12.859999,77.562226,user355,2025-03-07T02:52:00,Bengaluru,5
Pothole #4856,Crater-like,13.006941,77.648376,user356,2025-04-19T14:23:00,Bengaluru,5
Pothole #4857,Damaged patch,12.864601,77.503926,user357,2025-10-15T10:18:00,Bengaluru,5
Pothole #4858,Small crack,12.902754,77.582641,user358,2025-02-18T17:38:00,Bengaluru,5
Pothole #4859,Crater-like,13.045529,77.601318,user359,2025-04-21T10:57:00,Bengaluru,5
Pothole #4860,Damaged patch,12.919601,77.597843,user360,2025-04-16T13:56:00,Bengaluru,3
Pothole #4861,Damaged patch,12.90694,77.555904,user361,2025-08-26T19:58:00,Bengaluru,3
Pothole #4862,Needs repair,13.03605,77.732482,user362,2025-08-11T20:35:00,Bengaluru,4
Pothole #4863,Crater-like,12.94385,77.59195,user363,2025-03-04T01:18:00,Bengaluru,2
Pothole #4864,Damaged patch,12.866077,77.64844,user364,2025-03-04T22:46:00,Bengaluru,2
Pothole #4865,Crater-like,13.021913,77.557108,user365,2025-03-22T11:13:00,Bengaluru,1
Pothole #4866,Deep hole,13.003774,77.588529,user366,2025-01-28T03:49:00,Bengaluru,2
Pothole #4867,Needs repair,12.999923,77.537867,user367,2025-06-24T18:52:00,Bengaluru,3
Pothole #4868,Needs repair,12.934641,77.748826,user368,2025-11-25T10:31:00,Bengaluru,3
Pothole #4869,Small crack,13.029863,77.671329,user369,2025-07-07T23:56:00,Bengaluru,4
Pothole #4870,Causes skidding,12.879827,77.711013,user370,2025-01-20T14:56:00,Bengaluru,3
Pothole #4871,Damaged patch,12.924861,77.552067,user371,2025-04-27T10:06:00,Bengaluru,5
Pothole #4872,Small crack,12.923885,77.718093,user372,2025-06-13T11:11:00,Bengaluru,2
Pothole #4873,Small crack,12.874496,77.50169,user373,2025-04-28T12:50:00,Bengaluru,3
Pothole #4874,Small crack,12.944545,77.51139,user374,2025-02-01T15:43:00,Bengaluru,5
Pothole #4875,Small crack,12.878929,77.509051,user375,2025-06-11T15:39:00,Bengaluru,5
Pothole #4876,Damaged patch,13.025755,77.704863,user376,2025-09-23T05:49:00,Bengaluru,4
Pothole #4877,Small crack,12.913958,77.677294,user377,2025-03-08T22:05:00,Bengaluru,1
Pothole #4878,Deep hole,12.903875,77.630188,user378,2025-05-12T20:31:00,Bengaluru,3
Pothole #4879,Small crack,12.994048,77.59629,user379,2025-08-15T11:54:00,Bengaluru,1
Pothole #4880,Small crack,12.950961,77.582655,user380,2025-06-21T17:57:00,Bengaluru,5
Pothole #4881,Causes skidding,12.945825,77.633177,user381,2025-05-16T06:38:00,Bengaluru,3
Pothole #4882,Causes skidding,12.904054,77.513844,user382,2025-02-25T01:13:00,Bengaluru,1
Pothole #4883,Needs repair,12.862616,77.716345,user383,2025-03-26T16:12:00,Bengaluru,3
Pothole #4884,Damaged patch,12.91265,77.5639,user384,2025-01-06T12:05:00,Bengaluru,4
Pothole #4885,Damaged patch,12.879146,77.643168,user385,2025-07-02T08:58:00,Bengaluru,5
Pothole #4886,Damaged patch,12.968968,77.605439,user386,2025-07-02T10:25:00,Bengaluru,2
Pothole #4887,Small crack,12.859303,77.613089,user387,2025-06-12T21:16:00,Bengaluru,4
Pothole #4888,Damaged patch,12.893478,77.716726,user388,2025-04-17T03:53:00,Bengaluru,4
Pothole #4889,Damaged patch,12.876918,77.703518,user389,2025-11-09T22:53:00,Bengaluru,2
Pothole #4890,Deep hole,12.944578,77.511658,user390,2025-03-27T19:42:00,Bengaluru,1
Pothole #4891,Damaged patch,13.041319,77.745036,user391,2025-02-05T19:55:00,Bengaluru,2
Pothole #4892,Needs repair,12.87522,77.500192,user392,2025-01-15T07:23:00,Bengaluru,3
Pothole #4893,Causes skidding,12.97246,77.573608,user393,2025-02-28T20:17:00,Bengaluru,4
Pothole #4894,Causes skidding,12.886111,77.714141,user394,2025-10-07T23:49:00,Bengaluru,2
Pothole #4895,Deep hole,12.941628,77.680907,user395,2025-11-05T03:43:00,Bengaluru,4
Pothole #4896,Small crack,12.914565,77.577448,user396,2025-06-13T06:46:00,Bengaluru,1
Pothole #4897,Causes skidding,12.977028,77.510725,user397,2025-03-16T01:17:00,Bengaluru,2
Pothole #4898,Crater-like,12.91668,77.725134,user398,2025-10-10T02:36:00,Bengaluru,1
Pothole #4899,Damaged patch,12.987568,77.626592,user399,2025-01-23T07:54:00,Bengaluru,3
Pothole #4900,Crater-like,12.855465,77.678143,user400,2025-07-12T21:22:00,Bengaluru,4
Pothole #4901,Needs repair,12.865348,77.508806,user401,2025-05-03T10:45:00,Bengaluru,4
Pothole #4902,Crater-like,12.885325,77.539879,user402,2025-10-20T22:05:00,Bengaluru,1
Pothole #4903,Causes skidding,12.861726,77.734228,user403,2025-07-07T12:33:00,Bengaluru,2
Pothole #4904,Needs repair,12.970931,77.560918,user404,2025-01-14T03:27:00,Bengaluru,1
Pothole #4905,Deep hole,12.954339,77.685657,user405,2025-06-20T06:13:00,Bengaluru,3
Pothole #4906,Deep hole,13.049286,77.549969,user406,2025-04-05T09:29:00,Bengaluru,1
Pothole #4907,Damaged patch,13.017946,77.616785,user407,2025-02-01T23:52:00,Bengaluru,4
Pothole #4908,Small crack,12.918762,77.549751,user408,2025-04-27T00:30:00,Bengaluru,3
Pothole #4909,Needs repair,13.041167,77.513862,user409,2025-01-05T09:52:00,Bengaluru,5
Pothole #4910,Damaged patch,12.952219,77.656974,user410,2025-09-15T09:52:00,Bengaluru,5
Pothole #4911,Causes skidding,13.023625,77.627614,user411,2025-01-28T19:30:00,Bengaluru,3
Pothole #4912,Deep hole,12.914305,77.68543,user412,2025-07-24T02:31:00,Bengaluru,2
Pothole #4913,Small crack,13.032211,77.572973,user413,2025-03-26T01:25:00,Bengaluru,3
Pothole #4914,Deep hole,12.995495,77.552176,user414,2025-04-12T23:17:00,Bengaluru,2
Pothole #4915,Causes skidding,12.894349,77.592863,user415,2025-06-06T00:34:00,Bengaluru,2
Pothole #4916,Damaged patch,12.919193,77.733346,user416,2025-08-26T16:17:00,Bengaluru,1
Pothole #4917,Damaged patch,12.93658,77.55136,user417,2025-08-01T11:34:00,Bengaluru,3
Pothole #4918,Crater-like,12.86297,77.744362,user418,2025-06-01T01:06:00,Bengaluru,5
Pothole #4919,Causes skidding,12.966583,77.549119,user419,2025-05-16T09:43:00,Bengaluru,3
Pothole #4920,Small crack,13.03037,77.568273,user420,2025-10-22T00:41:00,Bengaluru,2
Pothole #4921,Deep hole,12.957316,77.501503,user421,2025-05-18T18:26:00,Bengaluru,2
Pothole #4922,Needs repair,12.9506,77.566596,user422,2025-03-02T06:15:00,Bengaluru,3
Pothole #4923,Small crack,12.926046,77.695918,user423,2025-09-21T03:14:00,Bengaluru,2
Pothole #4924,Causes skidding,12.927971,77.651004,user424,2025-08-03T06:57:00,Bengaluru,3
Pothole #4925,Causes skidding,12.85066,77.700919,user425,2025-07-03T23:12:00,Bengaluru,5
Pothole #4926,Deep hole,12.896864,77.711807,user426,2025-09-12T06:28:00,Bengaluru,5
Pothole #4927,Needs repair,12.991949,77.67796,user427,2025-09-14T06:05:00,Bengaluru,2
Pothole #4928,Small crack,12.854666,77.705951,user428,2025-09-19T13:02:00,Bengaluru,3
Pothole #4929,Causes skidding,12.896213,77.725003,user429,2025-08-13T20:50:00,Bengaluru,4
Pothole #4930,Small crack,12.973429,77.636741,user430,2025-05-12T23:11:00,Bengaluru,3
Pothole #4931,Causes skidding,12.850753,77.572343,user431,2025-08-16T20:45:00,Bengaluru,4
Pothole #4932,Damaged patch,12.881329,77.709213,user432,2025-08-23T16:06:00,Bengaluru,5
Pothole #4933,Deep hole,12.868539,77.509621,user433,2025-10-07T04:39:00,Bengaluru,1
Pothole #4934,Small crack,12.954082,77.588639,user434,2025-09-21T20:34:00,Bengaluru,3
Pothole #4935,Causes skidding,12.997591,77.512025,user435,2025-05-06T10:36:00,Bengaluru,4
Pothole #4936,Needs repair,12.9774,77.590507,user436,2025-11-16T18:50:00,Bengaluru,3
Pothole #4937,Causes skidding,12.913911,77.637057,user437,2025-10-24T00:55:00,Bengaluru,5
Pothole #4938,Needs repair,13.007024,77.702499,user438,2025-11-28T17:30:00,Bengaluru,5
Pothole #4939,Damaged patch,12.874842,77.533996,user439,2025-05-19T16:22:00,Bengaluru,3
Pothole #4940,Small crack,12.961491,77.528019,user440,2025-02-04T16:13:00,Bengaluru,4
Pothole #4941,Crater-like,12.888649,77.728645,user441,2025-08-28T10:52:00,Bengaluru,5
Pothole #4942,Needs repair,12.873877,77.687496,user442,2025-08-09T02:45:00,Bengaluru,3
Pothole #4943,Small crack,12.868089,77.580357,user443,2025-08-12T04:44:00,Bengaluru,5
Pothole #4944,Crater-like,13.016375,77.713422,user444,2025-01-27T23:21:00,Bengaluru,5
Pothole #4945,Needs repair,12.916277,77.711506,user445,2025-06-15T12:24:00,Bengaluru,2
Pothole #4946,Small crack,12.909512,77.679813,user446,2025-01-24T01:32:00,Bengaluru,4
Pothole #4947,Small crack,12.931951,77.562189,user447,2025-07-16T23:10:00,Bengaluru,4
Pothole #4948,Deep hole,12.867623,77.731606,user448,2025-10-07T20:25:00,Bengaluru,3
Pothole #4949,Needs repair,13.000475,77.727354,user449,2025-04-21T14:09:00,Bengaluru,3
Pothole #4950,Deep hole,13.01187,77.655499,user450,2025-11-06T08:30:00,Bengaluru,3
Pothole #4951,Crater-like,12.996352,77.712235,user451,2025-01-08T10:34:00,Bengaluru,3
Pothole #4952,Damaged patch,12.956641,77.61794,user452,2025-07-20T19:56:00,Bengaluru,3
Pothole #4953,Causes skidding,12.963596,77.67833,user453,2025-06-18T12:38:00,Bengaluru,5
Pothole #4954,Deep hole,12.935376,77.547454,user454,2025-01-06T19:08:00,Bengaluru,2
Pothole #4955,Small crack,12.987983,77.542214,user455,2025-07-14T12:05:00,Bengaluru,1
Pothole #4956,Damaged patch,12.976074,77.710175,user456,2025-09-17T09:42:00,Bengaluru,1
Pothole #4957,Damaged patch,12.97893,77.72986,user457,2025-11-13T20:38:00,Bengaluru,2
Pothole #4958,Needs repair,12.877287,77.677732,user458,2025-08-27T15:44:00,Bengaluru,5
Pothole #4959,Small crack,12.90811,77.710004,user459,2025-03-13T15:38:00,Bengaluru,5
Pothole #4960,Damaged patch,12.91107,77.675799,user460,2025-02-24T20:36:00,Bengaluru,1
Pothole #4961,Small crack,12.953803,77.544072,user461,2025-01-05T10:37:00,Bengaluru,3
Pothole #4962,Crater-like,12.93223,77.738148,user462,2025-03-13T04:39:00,Bengaluru,3
Pothole #4963,Deep hole,12.873298,77.577232,user463,2025-11-28T14:49:00,Bengaluru,3
Pothole #4964,Causes skidding,12.874762,77.635215,user464,2025-07-13T23:50:00,Bengaluru,3
Pothole #4965,Needs repair,12.905969,77.51614,user465,2025-10-25T19:58:00,Bengaluru,1
Pothole #4966,Damaged patch,12.87756,77.695866,user466,2025-02-18T12:30:00,Bengaluru,4
Pothole #4967,Deep hole,12.896972,77.639105,user467,2025-06-23T23:38:00,Bengaluru,2
Pothole #4968,Crater-like,12.934657,77.513684,user468,2025-05-17T18:30:00,Bengaluru,3
Pothole #4969,Causes skidding,12.971507,77.710137,user469,2025-11-18T08:23:00,Bengaluru,3
Pothole #4970,Crater-like,12.981452,77.568484,user470,2025-04-23T15:15:00,Bengaluru,4
Pothole #4971,Needs repair,12.865848,77.580312,user471,2025-04-15T13:58:00,Bengaluru,4
Pothole #4972,Damaged patch,13.009806,77.664703,user472,2025-06-21T08:32:00,Bengaluru,2
Pothole #4973,Crater-like,12.899974,77.5171,user473,2025-01-22T13:23:00,Bengaluru,3
Pothole #4974,Deep hole,13.010305,77.670592,user474,2025-01-11T16:26:00,Bengaluru,3
Pothole #4975,Causes skidding,12.893897,77.615295,user475,2025-06-26T07:13:00,Bengaluru,2
Pothole #4976,Causes skidding,12.942785,77.550493,user476,2025-03-01T03:07:00,Bengaluru,5
Pothole #4977,Damaged patch,13.03533,77.698809,user477,2025-11-14T12:38:00,Bengaluru,5
Pothole #4978,Small crack,12.904457,77.561034,user478,2025-03-20T04:21:00,Bengaluru,3
Pothole #4979,Causes skidding,12.903736,77.724893,user479,2025-11-09T19:39:00,Bengaluru,2
Pothole #4980,Crater-like,13.049036,77.667581,user480,2025-08-02T16:01:00,Bengaluru,5
Pothole #4981,Needs repair,12.9933,77.680309,user481,2025-04-23T17:36:00,Bengaluru,5
Pothole #4982,Needs repair,12.923919,77.636962,user482,2025-04-08T06:36:00,Bengaluru,2
Pothole #4983,Causes skidding,13.019586,77.60965,user483,2025-10-08T07:31:00,Bengaluru,2
Pothole #4984,Needs repair,12.868559,77.740258,user484,2025-02-16T15:59:00,Bengaluru,4
Pothole #4985,Crater-like,12.928422,77.536837,user485,2025-06-03T05:00:00,Bengaluru,3
Pothole #4986,Small crack,13.009453,77.566403,user486,2025-07-12T18:02:00,Bengaluru,4
Pothole #4987,Deep hole,13.0461,77.655101,user487,2025-03-07T03:58:00,Bengaluru,3
Pothole #4988,Deep hole,12.948172,77.633454,user488,2025-07-12T23:12:00,Bengaluru,4
Pothole #4989,Damaged patch,12.948145,77.551331,user489,2025-04-25T11:51:00,Bengaluru,4
Pothole #4990,Crater-like,12.995185,77.532589,user490,2025-09-08T09:07:00,Bengaluru,4
Pothole #4991,Causes skidding,12.885205,77.511572,user491,2025-05-05T17:26:00,Bengaluru,5
Pothole #4992,Damaged patch,12.928724,77.609254,user492,2025-02-28T08:01:00,Bengaluru,2
Pothole #4993,Needs repair,12.865719,77.734945,user493,2025-09-02T05:33:00,Bengaluru,4
Pothole #4994,Causes skidding,12.938673,77.736099,user494,2025-06-06T10:17:00,Bengaluru,1
Pothole #4995,Damaged patch,12.889097,77.569469,user495,2025-03-01T11:35:00,Bengaluru,1
Pothole #4996,Crater-like,12.887459,77.550918,user496,2025-09-09T18:04:00,Bengaluru,3
Pothole #4997,Deep hole,12.91725,77.604772,user497,2025-02-01T09:17:00,Bengaluru,4
Pothole #4998,Deep hole,13.02781,77.512402,user498,2025-03-14T07:11:00,Bengaluru,2
Pothole #4999,Deep hole,13.018507,77.663855,user499,2025-02-06T18:54:00,Bengaluru,1
Pothole #5000,Deep hole,13.044039,77.549542,user0,2025-06-02T14:08:00,Bengaluru,4
Pothole #5001,Damaged patch,12.869188,77.657766,user1,2025-07-18T16:27:00,Bengaluru,5
Pothole #5002,Small crack,12.934744,77.737864,user2,2025-06-20T06:59:00,Bengaluru,3
Pothole #5003,Crater-like,13.030003,77.68447,user3,2025-06-21T09:26:00,Bengaluru,5
Pothole #5004,Needs repair,13.014158,77.733334,user4,2025-07-05T01:57:00,Bengaluru,3
Pothole #5005,Damaged patch,12.867716,77.724981,user5,2025-06-14T13:43:00,Bengaluru,1
Pothole #5006,Crater-like,12.863449,77.630912,user6,2025-09-17T17:30:00,Bengaluru,2
Pothole #5007,Causes skidding,12.94404,77.636166,user7,2025-05-23T03:48:00,Bengaluru,2
Pothole #5008,Deep hole,12.983351,77.7408,user8,2025-07-15T15:06:00,Bengaluru,3
Pothole #5009,Needs repair,12.880968,77.630801,user9,2025-06-25T12:48:00,Bengaluru,4
Pothole #5010,Crater-like,12.939134,77.729703,user10,2025-02-05T16:16:00,Bengaluru,5
Pothole #5011,Needs repair,12.881876,77.719558,user11,2025-08-16T04:03:00,Bengaluru,3
Pothole #5012,Deep hole,13.034541,77.598188,user12,2025-09-14T16:54:00,Bengaluru,5
Pothole #5013,Needs repair,12.868656,77.558622,user13,2025-06-16T13:33:00,Bengaluru,2
Pothole #5014,Deep hole,12.877201,77.634614,user14,2025-09-28T01:35:00,Bengaluru,1
Pothole #5015,Deep hole,12.854291,77.663142,user15,2025-02-22T19:01:00,Bengaluru,3
Pothole #5016,Crater-like,12.972917,77.74571,user16,2025-08-09T17:30:00,Bengaluru,1
Pothole #5017,Needs repair,12.888042,77.723898,user17,2025-06-18T18:33:00,Bengaluru,5
Pothole #5018,Causes skidding,12.915818,77.683311,user18,2025-05-24T04:03:00,Bengaluru,4
Pothole #5019,Crater-like,12.999428,77.699162,user19,2025-05-05T15:31:00,Bengaluru,1
Pothole #5020,Causes skidding,12.87991,77.711721,user20,2025-06-13T22:04:00,Bengaluru,3
Pothole #5021,Causes skidding,13.047972,77.513561,user21,2025-06-23T02:10:00,Bengaluru,2
Pothole #5022,Causes skidding,12.863614,77.51645,user22,2025-09-12T09:33:00,Bengaluru,4
Pothole #5023,Causes skidding,13.023929,77.548318,user23,2025-02-19T16:18:00,Bengaluru,1
Pothole #5024,Crater-like,12.997871,77.591318,user24,2025-09-21T03:50:00,Bengaluru,4
Pothole #5025,Causes skidding,13.006074,77.696599,user25,2025-02-13T07:03:00,Bengaluru,4
Pothole #5026,Deep hole,13.044303,77.575645,user26,2025-10-07T16:33:00,Bengaluru,2
Pothole #5027,Needs repair,12.879566,77.614379,user27,2025-05-13T07:45:00,Bengaluru,3
Pothole #5028,Crater-like,12.903627,77.719332,user28,2025-11-01T08:15:00,Bengaluru,3
Pothole #5029,Causes skidding,13.003778,77.572365,user29,2025-01-07T17:11:00,Bengaluru,3
Pothole #5030,Small crack,12.993326,77.514743,user30,2025-09-08T17:22:00,Bengaluru,3
Pothole #5031,Deep hole,13.044583,77.539428,user31,2025-07-22T06:13:00,Bengaluru,2
Pothole #5032,Deep hole,12.88684,77.520131,user32,2025-11-06T10:09:00,Bengaluru,3
Pothole #5033,Small crack,12.907736,77.666153,user33,2025-01-09T22:41:00,Bengaluru,3
Pothole #5034,Causes skidding,12.9242,77.606699,user34,2025-10-13T03:03:00,Bengaluru,1
Pothole #5035,Crater-like,12.921792,77.609251,user35,2025-10-22T09:23:00,Bengaluru,1
Pothole #5036,Damaged patch,13.014349,77.737573,user36,2025-06-04T03:46:00,Bengaluru,5
Pothole #5037,Needs repair,12.997952,77.55079,user37,2025-08-11T15:09:00,Bengaluru,2
Pothole #5038,Crater-like,12.935429,77.671591,user38,2025-03-23T07:08:00,Bengaluru,3
Pothole #5039,Damaged patch,13.04101,77.5447,user39,2025-05-07T02:13:00,Bengaluru,1
Pothole #5040,Crater-like,13.009084,77.684006,user40,2025-07-28T19:58:00,Bengaluru,3
Pothole #5041,Crater-like,12.897788,77.72913,user41,2025-06-16T23:16:00,Bengaluru,1
Pothole #5042,Crater-like,12.899452,77.52877,user42,2025-01-05T19:23:00,Bengaluru,5
Pothole #5043,Small crack,12.999582,77.67829,user43,2025-11-09T06:55:00,Bengaluru,5
Pothole #5044,Crater-like,13.012301,77.696175,user44,2025-02-25T15:36:00,Bengaluru,1
Pothole #5045,Damaged patch,12.868441,77.520225,user45,2025-08-24T10:47:00,Bengaluru,4
Pothole #5046,Needs repair,12.892613,77.662365,user46,2025-09-16T21:05:00,Bengaluru,1
Pothole #5047,Needs repair,12.932531,77.661829,user47,2025-10-22T08:28:00,Bengaluru,4
Pothole #5048,Deep hole,12.972246,77.55483,user48,2025-07-17T08:09:00,Bengaluru,3
Pothole #5049,Causes skidding,12.892609,77.617708,user49,2025-09-26T22:46:00,Bengaluru,5
Pothole #5050,Deep hole,12.965006,77.69702,user50,2025-01-17T00:31:00,Bengaluru,1
Pothole #5051,Damaged patch,12.930213,77.637192,user51,2025-04-25T03:17:00,Bengaluru,4
Pothole #5052,Deep hole,12.889747,77.731958,user52,2025-09-22T22:55:00,Bengaluru,3
Pothole #5053,Deep hole,12.858046,77.531565,user53,2025-04-22T10:03:00,Bengaluru,2
Pothole #5054,Crater-like,12.913307,77.620858,user54,2025-08-28T17:18:00,Bengaluru,1
Pothole #5055,Needs repair,12.979817,77.656898,user55,2025-02-06T04:17:00,Bengaluru,5
Pothole #5056,Damaged patch,12.922348,77.604053,user56,2025-07-07T08:50:00,Bengaluru,5
Pothole #5057,Causes skidding,13.038817,77.732939,user57,2025-04-10T08:43:00,Bengaluru,1
Pothole #5058,Deep hole,12.851151,77.554918,user58,2025-05-21T02:30:00,Bengaluru,5
Pothole #5059,Needs repair,12.951377,77.633936,user59,2025-04-16T09:27:00,Bengaluru,1
Pothole #5060,Causes skidding,13.016422,77.510988,user60,2025-02-03T17:09:00,Bengaluru,1
Pothole #5061,Crater-like,12.97191,77.551851,user61,2025-11-28T06:42:00,Bengaluru,3
Pothole #5062,Causes skidding,12.877955,77.748566,user62,2025-08-15T04:46:00,Bengaluru,3
Pothole #5063,Needs repair,13.033384,77.720251,user63,2025-10-10T09:28:00,Bengaluru,3
Pothole #5064,Causes skidding,13.002948,77.621386,user64,2025-04-03T09:48:00,Bengaluru,3
Pothole #5065,Deep hole,12.999094,77.582876,user65,2025-02-19T13:52:00,Bengaluru,4
Pothole #5066,Damaged patch,12.861952,77.548158,user66,2025-01-02T05:29:00,Bengaluru,5
Pothole #5067,Crater-like,12.868068,77.624079,user67,2025-05-10T18:23:00,Bengaluru,1
Pothole #5068,Damaged patch,12.906466,77.576116,user68,2025-03-22T13:36:00,Bengaluru,5
Pothole #5069,Crater-like,13.04089,77.688138,user69,2025-06-16T22:17:00,Bengaluru,3
Pothole #5070,Causes skidding,12.860222,77.558522,user70,2025-04-03T08:52:00,Bengaluru,3
Pothole #5071,Damaged patch,12.893433,77.644832,user71,2025-06-05T19:26:00,Bengaluru,4
Pothole #5072,Crater-like,13.008809,77.611074,user72,2025-10-26T13:53:00,Bengaluru,5
Pothole #5073,Crater-like,12.996923,77.739166,user73,2025-02-16T15:00:00,Bengaluru,4
Pothole #5074,Deep hole,13.006525,77.651319,user74,2025-03-05T14:50:00,Bengaluru,5
Pothole #5075,Causes skidding,12.981171,77.561247,user75,2025-04-26T17:45:00,Bengaluru,3
Pothole #5076,Small crack,12.906641,77.696348,user76,2025-03-09T20:08:00,Bengaluru,2
Pothole #5077,Small crack,13.018187,77.627185,user77,2025-01-05T19:00:00,Bengaluru,2
Pothole #5078,Causes skidding,12.890673,77.641415,user78,2025-11-27T00:29:00,Bengaluru,5
Pothole #5079,Needs repair,12.945471,77.713215,user79,2025-08-05T03:36:00,Bengaluru,2
Pothole #5080,Crater-like,12.897669,77.656562,user80,2025-09-25T09:42:00,Bengaluru,4
Pothole #5081,Small crack,12.985535,77.533587,user81,2025-09-18T20:57:00,Bengaluru,2
Pothole #5082,Causes skidding,12.913153,77.692637,user82,2025-08-02T14:43:00,Bengaluru,3
Pothole #5083,Deep hole,13.039931,77.677264,user83,2025-04-12T12:54:00,Bengaluru,5
Pothole #5084,Crater-like,13.020707,77.587362,user84,2025-02-21T14:37:00,Bengaluru,5
Pothole #5085,Deep hole,12.951055,77.621564,user85,2025-04-21T11:52:00,Bengaluru,3
Pothole #5086,Crater-like,12.971832,77.626385,user86,2025-03-23T21:22:00,Bengaluru,1
Pothole #5087,Needs repair,13.006797,77.666161,user87,2025-07-23T01:26:00,Bengaluru,1
Pothole #5088,Causes skidding,12.957819,77.731467,user88,2025-09-13T09:03:00,Bengaluru,5
Pothole #5089,Needs repair,13.004167,77.501901,user89,2025-07-13T08:32:00,Bengaluru,2
Pothole #5090,Deep hole,12.895226,77.653869,user90,2025-03-28T12:31:00,Bengaluru,5
Pothole #5091,Needs repair,13.041659,77.620753,user91,2025-05-20T11:02:00,Bengaluru,2
Pothole #5092,Crater-like,13.037202,77.623331,user92,2025-05-07T04:38:00,Bengaluru,5
Pothole #5093,Causes skidding,12.991957,77.568873,user93,2025-02-26T17:58:00,Bengaluru,3
Pothole #5094,Needs repair,12.989071,77.709412,user94,2025-11-07T20:03:00,Bengaluru,1
Pothole #5095,Deep hole,12.92829,77.563534,user95,2025-05-03T14:19:00,Bengaluru,2
Pothole #5096,Deep hole,13.032933,77.598997,user96,2025-11-04T01:41:00,Bengaluru,1
Pothole #5097,Small crack,12.897276,77.6296,user97,2025-03-04T15:31:00,Bengaluru,5
Pothole #5098,Crater-like,13.029397,77.681265,user98,2025-11-14T10:46:00,Bengaluru,3
Pothole #5099,Crater-like,12.963762,77.612055,user99,2025-07-28T17:20:00,Bengaluru,4
Pothole #5100,Crater-like,13.023401,77.571625,user100,2025-10-08T15:45:00,Bengaluru,1
Pothole #5101,Deep hole,12.860692,77.713681,user101,2025-07-07T03:30:00,Bengaluru,4
Pothole #5102,Needs repair,12.923097,77.583266,user102,2025-07-11T23:44:00,Bengaluru,2
Pothole #5103,Causes skidding,12.879549,77.641303,user103,2025-08-26T01:29:00,Bengaluru,1
Pothole #5104,Needs repair,12.900402,77.682576,user104,2025-08-03T09:44:00,Bengaluru,5
Pothole #5105,Small crack,13.027715,77.589823,user105,2025-04-12T10:45:00,Bengaluru,3
Pothole #5106,Damaged patch,12.968116,77.704681,user106,2025-05-25T18:36:00,Bengaluru,2
Pothole #5107,Small crack,12.886546,77.555958,user107,2025-07-27T19:19:00,Bengaluru,2
Pothole #5108,Deep hole,12.873398,77.532842,user108,2025-11-26T00:43:00,Bengaluru,3
Pothole #5109,Needs repair,13.039464,77.71051,user109,2025-11-25T01:54:00,Bengaluru,1
Pothole #5110,Small crack,12.94546,77.612901,user110,2025-01-19T23:34:00,Bengaluru,3
Pothole #5111,Small crack,12.887022,77.556384,user111,2025-07-03T13:01:00,Bengaluru,1
Pothole #5112,Deep hole,12.872701,77.524628,user112,2025-03-08T09:09:00,Bengaluru,4
Pothole #5113,Causes skidding,12.899355,77.665382,user113,2025-04-28T15:21:00,Bengaluru,4
Pothole #5114,Deep hole,12.986776,77.63638,user114,2025-10-03T20:56:00,Bengaluru,1
Pothole #5115,Crater-like,12.992553,77.595184,user115,2025-03-20T10:50:00,Bengaluru,3
Pothole #5116,Needs repair,12.894479,77.558325,user116,2025-09-04T06:09:00,Bengaluru,3
Pothole #5117,Causes skidding,12.944047,77.522339,user117,2025-11-08T20:58:00,Bengaluru,5
Pothole #5118,Deep hole,12.94216,77.522312,user118,2025-10-17T00:40:00,Bengaluru,4
Pothole #5119,Needs repair,12.959424,77.591729,user119,2025-05-03T01:34:00,Bengaluru,2
Pothole #5120,Damaged patch,12.851736,77.64269,user120,2025-10-06T22:14:00,Bengaluru,4
Pothole #5121,Deep hole,12.856791,77.697931,user121,2025-07-19T16:12:00,Bengaluru,2
Pothole #5122,Small crack,12.922398,77.725389,user122,2025-08-15T12:58:00,Bengaluru,1
Pothole #5123,Small crack,12.942842,77.508868,user123,2025-03-10T07:19:00,Bengaluru,5
Pothole #5124,Deep hole,12.88102,77.738957,user124,2025-06-06T14:13:00,Bengaluru,2
Pothole #5125,Deep hole,12.853575,77.644832,user125,2025-04-28T10:52:00,Bengaluru,5
Pothole #5126,Crater-like,12.985449,77.683098,user126,2025-10-11T20:13:00,Bengaluru,4
Pothole #5127,Causes skidding,12.965204,77.508968,user127,2025-05-26T05:40:00,Bengaluru,4
Pothole #5128,Causes skidding,13.005443,77.720466,user128,2025-02-15T01:20:00,Bengaluru,3
Pothole #5129,Crater-like,13.024435,77.74562,user129,2025-02-05T19:52:00,Bengaluru,1
Pothole #5130,Crater-like,13.036614,77.719879,user130,2025-03-12T17:40:00,Bengaluru,1
Pothole #5131,Crater-like,12.990248,77.658173,user131,2025-06-03T05:51:00,Bengaluru,1
Pothole #5132,Crater-like,12.955595,77.558022,user132,2025-08-22T05:57:00,Bengaluru,4
Pothole #5133,Crater-like,12.944755,77.608625,user133,2025-10-13T05:40:00,Bengaluru,5
Pothole #5134,Causes skidding,13.01858,77.744642,user134,2025-09-23T05:35:00,Bengaluru,1
Pothole #5135,Causes skidding,12.94506,77.605933,user135,2025-11-27T22:18:00,Bengaluru,1
Pothole #5136,Deep hole,12.898098,77.680802,user136,2025-01-04T16:08:00,Bengaluru,4
Pothole #5137,Crater-like,12.887998,77.688698,user137,2025-04-02T10:15:00,Bengaluru,4
Pothole #5138,Small crack,12.89764,77.556443,user138,2025-06-17T14:38:00,Bengaluru,5
Pothole #5139,Small crack,12.920586,77.566307,user139,2025-08-26T11:26:00,Bengaluru,1
Pothole #5140,Deep hole,13.048321,77.671897,user140,2025-01-02T19:40:00,Bengaluru,1
Pothole #5141,Needs repair,12.934305,77.690263,user141,2025-10-11T16:23:00,Bengaluru,5
Pothole #5142,Needs repair,12.858745,77.65318,user142,2025-05-21T01:36:00,Bengaluru,3
Pothole #5143,Small crack,12.923427,77.575549,user143,2025-04-20T14:17:00,Bengaluru,1
Pothole #5144,Deep hole,12.864725,77.558993,user144,2025-02-07T13:23:00,Bengaluru,1
Pothole #5145,Damaged patch,12.963798,77.570587,user145,2025-02-05T05:24:00,Bengaluru,4
Pothole #5146,Causes skidding,13.012875,77.601305,user146,2025-05-02T18:56:00,Bengaluru,3
Pothole #5147,Deep hole,12.924513,77.744636,user147,2025-10-21T11:15:00,Bengaluru,1
Pothole #5148,Damaged patch,12.925228,77.620907,user148,2025-11-27T14:59:00,Bengaluru,4
Pothole #5149,Deep hole,12.900271,77.512138,user149,2025-07-02T15:21:00,Bengaluru,1
Pothole #5150,Damaged patch,12.907278,77.687703,user150,2025-01-25T09:49:00,Bengaluru,3
Pothole #5151,Deep hole,12.979166,77.551068,user151,2025-06-24T03:44:00,Bengaluru,2
Pothole #5152,Damaged patch,13.006261,77.704979,user152,2025-04-27T10:44:00,Bengaluru,3
Pothole #5153,Small crack,12.981678,77.572021,user153,2025-05-18T23:28:00,Bengaluru,3
Pothole #5154,Causes skidding,13.018068,77.725367,user154,2025-08-11T03:44:00,Bengaluru,2
Pothole #5155,Crater-like,12.862282,77.627548,user155,2025-03-08T06:03:00,Bengaluru,5
Pothole #5156,Deep hole,13.00792,77.537084,user156,2025-01-19T04:07:00,Bengaluru,2
Pothole #5157,Small crack,12.958976,77.713617,user157,2025-08-09T18:11:00,Bengaluru,4
Pothole #5158,Needs repair,12.887021,77.549973,user158,2025-07-13T20:43:00,Bengaluru,4
Pothole #5159,Damaged patch,12.964639,77.555622,user159,2025-10-18T14:41:00,Bengaluru,2
Pothole #5160,Needs repair,12.867225,77.722263,user160,2025-07-05T11:23:00,Bengaluru,4
Pothole #5161,Deep hole,13.01355,77.543762,user161,2025-11-23T07:04:00,Bengaluru,1
Pothole #5162,Causes skidding,12.914752,77.649456,user162,2025-11-08T10:46:00,Bengaluru,3
Pothole #5163,Damaged patch,12.880567,77.540176,user163,2025-06-14T05:53:00,Bengaluru,1
Pothole #5164,Crater-like,13.014575,77.501442,user164,2025-03-22T19:05:00,Bengaluru,3
Pothole #5165,Deep hole,12.901929,77.546279,user165,2025-02-19T17:18:00,Bengaluru,4
Pothole #5166,Needs repair,12.99489,77.534081,user166,2025-07-22T10:59:00,Bengaluru,3
Pothole #5167,Needs repair,12.871545,77.687632,user167,2025-05-07T11:33:00,Bengaluru,3
Pothole #5168,Causes skidding,12.902235,77.715064,user168,2025-07-02T08:09:00,Bengaluru,3
Pothole #5169,Needs repair,12.855406,77.631171,user169,2025-03-28T22:19:00,Bengaluru,2
Pothole #5170,Crater-like,12.918413,77.70658,user170,2025-03-11T00:33:00,Bengaluru,2
Pothole #5171,Small crack,12.969719,77.687269,user171,2025-04-15T05:35:00,Bengaluru,3
Pothole #5172,Deep hole,13.029449,77.585084,user172,2025-10-07T10:53:00,Bengaluru,2
Pothole #5173,Damaged patch,12.995953,77.687586,user173,2025-06-23T02:37:00,Bengaluru,1
Pothole #5174,Crater-like,12.985883,77.748084,user174,2025-10-14T11:40:00,Bengaluru,1
Pothole #5175,Crater-like,12.878907,77.537746,user175,2025-09-21T20:15:00,Bengaluru,3
Pothole #5176,Small crack,13.028133,77.667266,user176,2025-05-08T23:24:00,Bengaluru,5
Pothole #5177,Crater-like,12.953168,77.658228,user177,2025-06-22T13:10:00,Bengaluru,3
Pothole #5178,Damaged patch,12.906822,77.614156,user178,2025-10-02T07:51:00,Bengaluru,5
Pothole #5179,Needs repair,12.93518,77.670471,user179,2025-09-24T05:25:00,Bengaluru,1
Pothole #5180,Needs repair,13.012917,77.658564,user180,2025-02-19T23:10:00,Bengaluru,1
Pothole #5181,Deep hole,13.043365,77.68259,user181,2025-01-26T20:08:00,Bengaluru,2
Pothole #5182,Needs repair,12.96072,77.619483,user182,2025-11-17T00:06:00,Bengaluru,1
Pothole #5183,Needs repair,13.012571,77.636286,user183,2025-01-28T20:51:00,Bengaluru,1
Pothole #5184,Needs repair,12.893305,77.501547,user184,2025-06-01T08:43:00,Bengaluru,5
Pothole #5185,Crater-like,12.984999,77.601331,user185,2025-11-12T22:12:00,Bengaluru,4
Pothole #5186,Crater-like,13.030891,77.543677,user186,2025-03-16T22:18:00,Bengaluru,3
Pothole #5187,Small crack,12.893885,77.701009,user187,2025-09-10T10:19:00,Bengaluru,2
Pothole #5188,Deep hole,12.889919,77.584851,user188,2025-01-02T09:34:00,Bengaluru,1
Pothole #5189,Damaged patch,13.003649,77.50412,user189,2025-10-04T03:57:00,Bengaluru,1
Pothole #5190,Deep hole,13.029925,77.566808,user190,2025-07-15T23:43:00,Bengaluru,5
Pothole #5191,Causes skidding,12.996223,77.515359,user191,2025-10-11T11:14:00,Bengaluru,5
Pothole #5192,Causes skidding,13.021483,77.727986,user192,2025-01-09T23:31:00,Bengaluru,3
Pothole #5193,Needs repair,12.97557,77.552864,user193,2025-07-19T02:34:00,Bengaluru,4
Pothole #5194,Small crack,12.991566,77.708087,user194,2025-06-08T18:21:00,Bengaluru,1
Pothole #5195,Damaged patch,12.86256,77.678856,user195,2025-04-24T02:31:00,Bengaluru,5
Pothole #5196,Deep hole,12.945885,77.71777,user196,2025-04-21T11:26:00,Bengaluru,5
Pothole #5197,Needs repair,12.864498,77.723346,user197,2025-08-20T22:36:00,Bengaluru,4
Pothole #5198,Needs repair,12.951927,77.568315,user198,2025-05-28T12:18:00,Bengaluru,3
Pothole #5199,Crater-like,13.042589,77.643562,user199,2025-06-04T19:04:00,Bengaluru,2
Pothole #5200,Causes skidding,12.989007,77.536732,user200,2025-05-27T19:43:00,Bengaluru,5
Pothole #5201,Causes skidding,12.902099,77.681741,user201,2025-09-14T19:35:00,Bengaluru,4
Pothole #5202,Needs repair,13.025552,77.62696,user202,2025-11-22T01:18:00,Bengaluru,5
Pothole #5203,Deep hole,12.90235,77.695984,user203,2025-01-13T20:25:00,Bengaluru,5
Pothole #5204,Crater-like,12.871723,77.578856,user204,2025-04-06T07:31:00,Bengaluru,1
Pothole #5205,Deep hole,13.002708,77.641561,user205,2025-09-18T21:42:00,Bengaluru,3
Pothole #5206,Deep hole,13.029798,77.543565,user206,2025-05-10T17:54:00,Bengaluru,5
Pothole #5207,Small crack,12.96628,77.638228,user207,2025-01-27T08:10:00,Bengaluru,2
Pothole #5208,Crater-like,12.897803,77.558338,user208,2025-01-21T15:32:00,Bengaluru,2
Pothole #5209,Needs repair,12.871662,77.509859,user209,2025-08-15T19:23:00,Bengaluru,1
Pothole #5210,Deep hole,12.966291,77.571706,user210,2025-05-26T12:52:00,Bengaluru,5
Pothole #5211,Damaged patch,12.888781,77.723517,user211,2025-10-11T23:07:00,Bengaluru,4
Pothole #5212,Deep hole,13.026893,77.673126,user212,2025-03-01T13:30:00,Bengaluru,3
Pothole #5213,Causes skidding,12.856864,77.694132,user213,2025-09-09T17:22:00,Bengaluru,1
Pothole #5214,Causes skidding,13.001982,77.521328,user214,2025-02-28T19:25:00,Bengaluru,3
Pothole #5215,Deep hole,12.916988,77.574701,user215,2025-11-27T04:12:00,Bengaluru,3
Pothole #5216,Small crack,12.886186,77.587149,user216,2025-05-09T17:49:00,Bengaluru,3
Pothole #5217,Small crack,13.000578,77.747005,user217,2025-11-03T11:24:00,Bengaluru,5
Pothole #5218,Deep hole,12.994881,77.50219,user218,2025-08-07T22:02:00,Bengaluru,5
Pothole #5219,Crater-like,12.896133,77.703506,user219,2025-11-17T06:41:00,Bengaluru,2
Pothole #5220,Damaged patch,12.875697,77.611504,user220,2025-08-01T17:59:00,Bengaluru,2
Pothole #5221,Causes skidding,13.028138,77.664645,user221,2025-04-16T08:21:00,Bengaluru,2
Pothole #5222,Causes skidding,12.974393,77.622224,user222,2025-07-23T05:32:00,Bengaluru,3
Pothole #5223,Small crack,12.861322,77.696361,user223,2025-04-05T07:25:00,Bengaluru,3
Pothole #5224,Damaged patch,13.049548,77.661925,user224,2025-05-28T16:21:00,Bengaluru,5
Pothole #5225,Deep hole,12.916999,77.605563,user225,2025-05-21T16:54:00,Bengaluru,5
Pothole #5226,Deep hole,13.042917,77.738688,user226,2025-01-23T00:24:00,Bengaluru,5
Pothole #5227,Deep hole,12.971132,77.542701,user227,2025-02-24T15:37:00,Bengaluru,5
Pothole #5228,Deep hole,13.004091,77.520036,user228,2025-11-16T10:52:00,Bengaluru,4
Pothole #5229,Crater-like,12.92681,77.642938,user229,2025-05-02T05:46:00,Bengaluru,3
Pothole #5230,Deep hole,12.901542,77.513013,user230,2025-06-20T00:52:00,Bengaluru,4
Pothole #5231,Crater-like,12.907285,77.576972,user231,2025-02-19T09:41:00,Bengaluru,3
Pothole #5232,Needs repair,12.902734,77.592304,user232,2025-09-26T10:01:00,Bengaluru,2
Pothole #5233,Deep hole,13.011632,77.54362,user233,2025-02-24T20:21:00,Bengaluru,1
Pothole #5234,Crater-like,12.983603,77.594948,user234,2025-03-04T03:37:00,Bengaluru,4
Pothole #5235,Causes skidding,12.852983,77.600537,user235,2025-10-28T12:21:00,Bengaluru,3
Pothole #5236,Deep hole,12.874697,77.539061,user236,2025-03-18T14:56:00,Bengaluru,5
Pothole #5237,Damaged patch,12.914373,77.501817,user237,2025-05-03T04:45:00,Bengaluru,4
Pothole #5238,Causes skidding,12.929228,77.540526,user238,2025-05-06T01:28:00,Bengaluru,2
Pothole #5239,Crater-like,12.890978,77.652336,user239,2025-08-25T13:08:00,Bengaluru,1
Pothole #5240,Small crack,12.961763,77.658366,user240,2025-07-22T23:58:00,Bengaluru,1
Pothole #5241,Small crack,12.89364,77.514506,user241,2025-07-09T07:08:00,Bengaluru,4
Pothole #5242,Deep hole,12.927707,77.511591,user242,2025-05-12T23:16:00,Bengaluru,3
Pothole #5243,Crater-like,13.010085,77.66055,user243,2025-06-06T03:34:00,Bengaluru,3
Pothole #5244,Crater-like,12.892239,77.746099,user244,2025-05-07T14:36:00,Bengaluru,1
Pothole #5245,Damaged patch,12.86986,77.676668,user245,2025-01-12T04:19:00,Bengaluru,1
Pothole #5246,Damaged patch,12.969759,77.643533,user246,2025-11-11T23:49:00,Bengaluru,2
Pothole #5247,Small crack,12.891234,77.577474,user247,2025-04-11T16:12:00,Bengaluru,4
Pothole #5248,Damaged patch,12.909238,77.610715,user248,2025-11-06T21:39:00,Bengaluru,4
Pothole #5249,Needs repair,13.00387,77.545728,user249,2025-03-23T13:44:00,Bengaluru,2
Pothole #5250,Damaged patch,12.927151,77.586201,user250,2025-10-16T17:31:00,Bengaluru,4
Pothole #5251,Damaged patch,12.942468,77.708414,user251,2025-01-06T07:42:00,Bengaluru,3
Pothole #5252,Crater-like,13.011483,77.650216,user252,2025-10-24T04:49:00,Bengaluru,4
Pothole #5253,Deep hole,12.980951,77.60898,user253,2025-07-27T09:47:00,Bengaluru,5
Pothole #5254,Crater-like,12.883092,77.501661,user254,2025-10-28T10:03:00,Bengaluru,4
Pothole #5255,Causes skidding,13.03613,77.619715,user255,2025-03-20T22:16:00,Bengaluru,2
Pothole #5256,Damaged patch,12.952896,77.578181,user256,2025-02-20T13:29:00,Bengaluru,5
Pothole #5257,Small crack,12.983259,77.531108,user257,2025-07-11T18:18:00,Bengaluru,5
Pothole #5258,Damaged patch,12.98174,77.738373,user258,2025-07-25T02:33:00,Bengaluru,5
Pothole #5259,Causes skidding,13.013894,77.631635,user259,2025-05-12T03:07:00,Bengaluru,5
Pothole #5260,Crater-like,12.903349,77.682931,user260,2025-05-10T15:04:00,Bengaluru,2
Pothole #5261,Crater-like,12.973977,77.542159,user261,2025-08-21T20:33:00,Bengaluru,4
Pothole #5262,Damaged patch,12.962225,77.616209,user262,2025-03-21T03:31:00,Bengaluru,3
Pothole #5263,Needs repair,13.021441,77.655234,user263,2025-10-20T21:49:00,Bengaluru,4
Pothole #5264,Damaged patch,12.993092,77.506626,user264,2025-04-12T02:39:00,Bengaluru,4
Pothole #5265,Damaged patch,12.910419,77.71239,user265,2025-07-03T14:58:00,Bengaluru,2
Pothole #5266,Deep hole,13.027238,77.693611,user266,2025-02-04T18:51:00,Bengaluru,4
Pothole #5267,Damaged patch,13.03143,77.670485,user267,2025-01-22T15:05:00,Bengaluru,1
Pothole #5268,Deep hole,12.859043,77.613867,user268,2025-10-12T08:04:00,Bengaluru,1
Pothole #5269,Needs repair,12.878618,77.704655,user269,2025-03-12T11:00:00,Bengaluru,2
Pothole #5270,Crater-like,13.006277,77.721076,user270,2025-04-08T17:20:00,Bengaluru,5
Pothole #5271,Causes skidding,12.916133,77.624868,user271,2025-07-25T02:52:00,Bengaluru,4
Pothole #5272,Causes skidding,13.013471,77.533603,user272,2025-04-03T11:41:00,Bengaluru,2
Pothole #5273,Small crack,12.96922,77.610223,user273,2025-07-09T15:19:00,Bengaluru,2
Pothole #5274,Causes skidding,12.896099,77.739232,user274,2025-09-05T23:35:00,Bengaluru,3
Pothole #5275,Damaged patch,12.942769,77.613785,user275,2025-11-02T08:40:00,Bengaluru,5
Pothole #5276,Small crack,12.936597,77.694878,user276,2025-06-18T22:22:00,Bengaluru,4
Pothole #5277,Needs repair,12.903729,77.596806,user277,2025-11-24T09:22:00,Bengaluru,5
Pothole #5278,Needs repair,12.998218,77.536941,user278,2025-09-25T02:26:00,Bengaluru,1
Pothole #5279,Crater-like,12.925272,77.663105,user279,2025-09-12T06:01:00,Bengaluru,5
Pothole #5280,Damaged patch,13.002755,77.655077,user280,2025-11-23T07:20:00,Bengaluru,2
Pothole #5281,Causes skidding,12.990155,77.674435,user281,2025-05-07T01:42:00,Bengaluru,4
Pothole #5282,Small crack,12.957816,77.528142,user282,2025-08-18T11:00:00,Bengaluru,3
Pothole #5283,Small crack,12.912275,77.67786,user283,2025-01-26T18:24:00,Bengaluru,3
Pothole #5284,Crater-like,13.036729,77.672259,user284,2025-08-11T12:18:00,Bengaluru,3
Pothole #5285,Deep hole,13.027616,77.628407,user285,2025-03-12T17:22:00,Bengaluru,4
Pothole #5286,Needs repair,12.884136,77.738857,user286,2025-07-17T09:54:00,Bengaluru,4
Pothole #5287,Crater-like,12.956989,77.57814,user287,2025-08-12T06:59:00,Bengaluru,2
Pothole #5288,Deep hole,13.022227,77.700238,user288,2025-05-02T09:19:00,Bengaluru,4
Pothole #5289,Deep hole,12.985883,77.509579,user289,2025-08-20T00:21:00,Bengaluru,4
Pothole #5290,Deep hole,12.882036,77.623727,user290,2025-11-14T04:24:00,Bengaluru,4
Pothole #5291,Causes skidding,13.026791,77.543046,user291,2025-04-02T10:40:00,Bengaluru,5
Pothole #5292,Causes skidding,12.911542,77.715513,user292,2025-01-15T16:03:00,Bengaluru,1
Pothole #5293,Needs repair,12.960666,77.535736,user293,2025-02-24T17:45:00,Bengaluru,2
Pothole #5294,Deep hole,12.938454,77.606745,user294,2025-02-01T22:12:00,Bengaluru,2
Pothole #5295,Causes skidding,13.042468,77.654835,user295,2025-06-23T04:40:00,Bengaluru,5
Pothole #5296,Needs repair,12.880429,77.593967,user296,2025-09-01T06:45:00,Bengaluru,4
Pothole #5297,Crater-like,12.889181,77.605297,user297,2025-07-24T08:00:00,Bengaluru,3
Pothole #5298,Damaged patch,13.049372,77.586057,user298,2025-01-12T01:50:00,Bengaluru,4
Pothole #5299,Crater-like,13.01963,77.659768,user299,2025-01-21T01:57:00,Bengaluru,2
Pothole #5300,Deep hole,12.861666,77.639507,user300,2025-04-15T22:48:00,Bengaluru,1
Pothole #5301,Small crack,12.972064,77.638839,user301,2025-09-18T09:58:00,Bengaluru,5
Pothole #5302,Small crack,12.91238,77.669683,user302,2025-11-18T05:39:00,Bengaluru,4
Pothole #5303,Damaged patch,12.948055,77.654196,user303,2025-06-11T05:39:00,Bengaluru,5
Pothole #5304,Needs repair,12.863073,77.622201,user304,2025-10-24T20:28:00,Bengaluru,5
Pothole #5305,Crater-like,12.97385,77.637262,user305,2025-11-09T07:30:00,Bengaluru,4
Pothole #5306,Small crack,13.040051,77.673563,user306,2025-11-09T09:41:00,Bengaluru,1
Pothole #5307,Damaged patch,12.989805,77.716001,user307,2025-05-06T01:45:00,Bengaluru,4
Pothole #5308,Crater-like,12.955972,77.700568,user308,2025-02-10T18:35:00,Bengaluru,3
Pothole #5309,Damaged patch,12.859935,77.648509,user309,2025-02-01T16:09:00,Bengaluru,3
Pothole #5310,Causes skidding,12.942212,77.74937,user310,2025-07-15T22:04:00,Bengaluru,5
Pothole #5311,Needs repair,13.018495,77.584147,user311,2025-08-21T20:42:00,Bengaluru,3
Pothole #5312,Damaged patch,12.949703,77.651632,user312,2025-11-03T21:22:00,Bengaluru,4
Pothole #5313,Damaged patch,12.857058,77.542837,user313,2025-08-10T13:35:00,Bengaluru,5
Pothole #5314,Needs repair,12.873185,77.565444,user314,2025-05-15T16:26:00,Bengaluru,5
Pothole #5315,Deep hole,12.989297,77.554375,user315,2025-10-11T05:41:00,Bengaluru,2
Pothole #5316,Small crack,13.012301,77.550882,user316,2025-05-18T11:59:00,Bengaluru,1
Pothole #5317,Small crack,12.936217,77.535894,user317,2025-09-26T06:54:00,Bengaluru,5
Pothole #5318,Crater-like,13.035449,77.5728,user318,2025-08-07T20:53:00,Bengaluru,4
Pothole #5319,Small crack,12.925864,77.586404,user319,2025-03-18T15:56:00,Bengaluru,5
Pothole #5320,Damaged patch,12.873345,77.609316,user320,2025-01-04T01:47:00,Bengaluru,5
Pothole #5321,Small crack,13.011712,77.733718,user321,2025-10-23T02:43:00,Bengaluru,5
Pothole #5322,Needs repair,12.937937,77.618854,user322,2025-05-20T05:25:00,Bengaluru,4
Pothole #5323,Small crack,12.908034,77.548253,user323,2025-01-14T14:49:00,Bengaluru,1
Pothole #5324,Causes skidding,12.899981,77.609004,user324,2025-01-07T13:40:00,Bengaluru,5
Pothole #5325,Needs repair,12.97874,77.628833,user325,2025-07-10T10:23:00,Bengaluru,5
Pothole #5326,Needs repair,12.923374,77.708158,user326,2025-11-04T05:48:00,Bengaluru,5
Pothole #5327,Crater-like,12.982371,77.708911,user327,2025-09-21T03:55:00,Bengaluru,1
Pothole #5328,Causes skidding,12.956281,77.602535,user328,2025-08-04T18:39:00,Bengaluru,2
Pothole #5329,Causes skidding,12.877248,77.579192,user329,2025-04-20T02:46:00,Bengaluru,5
Pothole #5330,Small crack,12.89388,77.628764,user330,2025-01-21T13:37:00,Bengaluru,3
Pothole #5331,Causes skidding,12.98518,77.656759,user331,2025-10-17T15:53:00,Bengaluru,1
Pothole #5332,Small crack,13.047771,77.560624,user332,2025-07-24T09:51:00,Bengaluru,3
Pothole #5333,Causes skidding,12.88939,77.697057,user333,2025-10-23T10:35:00,Bengaluru,5
Pothole #5334,Needs repair,12.904581,77.618386,user334,2025-01-03T05:45:00,Bengaluru,2
Pothole #5335,Needs repair,12.86001,77.589101,user335,2025-05-09T19:43:00,Bengaluru,5
Pothole #5336,Causes skidding,12.911975,77.703388,user336,2025-02-24T03:59:00,Bengaluru,3
Pothole #5337,Damaged patch,12.929786,77.693474,user337,2025-06-25T19:20:00,Bengaluru,5
Pothole #5338,Deep hole,12.997055,77.563549,user338,2025-02-28T21:39:00,Bengaluru,5
Pothole #5339,Small crack,12.89781,77.646359,user339,2025-05-21T16:56:00,Bengaluru,1
Pothole #5340,Causes skidding,13.005548,77.54921,user340,2025-04-16T03:29:00,Bengaluru,2
Pothole #5341,Crater-like,12.858156,77.656656,user341,2025-06-10T23:30:00,Bengaluru,4
Pothole #5342,Needs repair,12.868402,77.598947,user342,2025-10-07T12:38:00,Bengaluru,2
Pothole #5343,Deep hole,12.932834,77.529213,user343,2025-03-02T19:16:00,Bengaluru,3
Pothole #5344,Damaged patch,13.003362,77.52524,user344,2025-08-02T05:40:00,Bengaluru,2
Pothole #5345,Small crack,13.009632,77.604689,user345,2025-11-18T21:16:00,Bengaluru,2
Pothole #5346,Needs repair,12.943781,77.691202,user346,2025-04-28T05:09:00,Bengaluru,2
Pothole #5347,Causes skidding,12.964514,77.501976,user347,2025-02-07T17:26:00,Bengaluru,2
Pothole #5348,Small crack,13.031188,77.535573,user348,2025-04-20T19:13:00,Bengaluru,2
Pothole #5349,Crater-like,13.041653,77.549185,user349,2025-05-11T07:10:00,Bengaluru,1
Pothole #5350,Deep hole,13.011714,77.523903,user350,2025-06-08T10:28:00,Bengaluru,1
Pothole #5351,Crater-like,12.959059,77.516083,user351,2025-03-22T01:02:00,Bengaluru,2
Pothole #5352,Deep hole,12.965874,77.553705,user352,2025-09-28T06:16:00,Bengaluru,3
Pothole #5353,Damaged patch,12.974392,77.650079,user353,2025-02-24T00:19:00,Bengaluru,4
Pothole #5354,Deep hole,12.995242,77.592603,user354,2025-03-12T11:23:00,Bengaluru,3
Pothole #5355,Causes skidding,12.926149,77.654746,user355,2025-04-09T19:42:00,Bengaluru,2
Pothole #5356,Causes skidding,12.875744,77.612525,user356,2025-09-28T10:29:00,Bengaluru,1
Pothole #5357,Deep hole,12.995489,77.683586,user357,2025-08-01T03:16:00,Bengaluru,5
Pothole #5358,Damaged patch,12.941406,77.674145,user358,2025-04-24T19:27:00,Bengaluru,5
Pothole #5359,Small crack,12.925085,77.717943,user359,2025-11-26T06:25:00,Bengaluru,2
Pothole #5360,Needs repair,12.967134,77.617986,user360,2025-05-08T08:54:00,Bengaluru,4
Pothole #5361,Small crack,12.961135,77.658825,user361,2025-07-09T22:15:00,Bengaluru,4
Pothole #5362,Damaged patch,12.85231,77.539951,user362,2025-02-15T09:17:00,Bengaluru,1
Pothole #5363,Deep hole,12.888469,77.561206,user363,2025-07-11T09:35:00,Bengaluru,4
Pothole #5364,Causes skidding,12.96202,77.714641,user364,2025-05-09T02:43:00,Bengaluru,5
Pothole #5365,Deep hole,12.884386,77.743605,user365,2025-10-16T22:03:00,Bengaluru,1
Pothole #5366,Deep hole,12.990123,77.725799,user366,2025-06-07T06:59:00,Bengaluru,5
Pothole #5367,Crater-like,12.971135,77.567259,user367,2025-06-23T04:17:00,Bengaluru,1
Pothole #5368,Crater-like,12.96427,77.672466,user368,2025-09-28T15:51:00,Bengaluru,4
Pothole #5369,Crater-like,12.935748,77.56266,user369,2025-09-01T02:57:00,Bengaluru,1
Pothole #5370,Crater-like,12.989742,77.529239,user370,2025-04-14T16:20:00,Bengaluru,1
Pothole #5371,Needs repair,13.01597,77.65062,user371,2025-10-28T16:17:00,Bengaluru,1
Pothole #5372,Deep hole,12.908019,77.697076,user372,2025-05-22T21:52:00,Bengaluru,5
Pothole #5373,Causes skidding,13.015566,77.580826,user373,2025-06-27T11:59:00,Bengaluru,2
Pothole #5374,Crater-like,12.957447,77.643087,user374,2025-08-08T22:24:00,Bengaluru,3
Pothole #5375,Damaged patch,12.851038,77.53908,user375,2025-07-12T23:15:00,Bengaluru,5
Pothole #5376,Crater-like,12.86479,77.652473,user376,2025-06-25T03:30:00,Bengaluru,3
Pothole #5377,Needs repair,13.022271,77.72499,user377,2025-05-07T09:07:00,Bengaluru,1
Pothole #5378,Small crack,12.969762,77.656362,user378,2025-07-09T12:28:00,Bengaluru,4
Pothole #5379,Crater-like,13.043773,77.681937,user379,2025-03-10T00:06:00,Bengaluru,1
Pothole #5380,Needs repair,12.915233,77.692059,user380,2025-05-16T12:05:00,Bengaluru,4
Pothole #5381,Small crack,12.912659,77.665953,user381,2025-01-16T12:15:00,Bengaluru,5
Pothole #5382,Crater-like,12.995772,77.67322,user382,2025-02-01T22:49:00,Bengaluru,5
Pothole #5383,Crater-like,12.892241,77.515374,user383,2025-03-18T20:42:00,Bengaluru,1
Pothole #5384,Crater-like,13.040839,77.720707,user384,2025-05-21T12:47:00,Bengaluru,1
Pothole #5385,Deep hole,12.896271,77.611571,user385,2025-04-08T02:31:00,Bengaluru,1
Pothole #5386,Small crack,12.855298,77.553196,user386,2025-08-23T09:55:00,Bengaluru,3
Pothole #5387,Damaged patch,12.898406,77.600678,user387,2025-06-22T05:32:00,Bengaluru,1
Pothole #5388,Damaged patch,12.897272,77.55447,user388,2025-03-19T03:48:00,Bengaluru,1
Pothole #5389,Needs repair,13.030526,77.682976,user389,2025-11-19T14:21:00,Bengaluru,4
Pothole #5390,Damaged patch,13.049652,77.689479,user390,2025-09-23T23:01:00,Bengaluru,5
Pothole #5391,Crater-like,12.881912,77.693005,user391,2025-08-24T19:42:00,Bengaluru,1
Pothole #5392,Crater-like,12.966356,77.659112,user392,2025-04-23T20:17:00,Bengaluru,3
Pothole #5393,Crater-like,12.973868,77.64378,user393,2025-09-01T20:32:00,Bengaluru,5
Pothole #5394,Causes skidding,12.909192,77.627258,user394,2025-05-09T22:55:00,Bengaluru,5
Pothole #5395,Needs repair,12.935913,77.51912,user395,2025-07-27T07:10:00,Bengaluru,2
Pothole #5396,Crater-like,13.047077,77.55785,user396,2025-06-06T05:20:00,Bengaluru,4
Pothole #5397,Deep hole,12.972786,77.526118,user397,2025-02-11T18:02:00,Bengaluru,5
Pothole #5398,Crater-like,12.873148,77.608482,user398,2025-02-17T07:45:00,Bengaluru,2
Pothole #5399,Damaged patch,12.984047,77.644308,user399,2025-11-04T03:27:00,Bengaluru,2
Pothole #5400,Small crack,12.973194,77.636586,user400,2025-09-06T09:05:00,Bengaluru,1
Pothole #5401,Small crack,12.932987,77.511918,user401,2025-05-11T15:43:00,Bengaluru,3
Pothole #5402,Small crack,12.906246,77.524645,user402,2025-11-17T23:50:00,Bengaluru,3
Pothole #5403,Needs repair,12.899375,77.694131,user403,2025-04-23T23:48:00,Bengaluru,3
Pothole #5404,Deep hole,12.929323,77.71448,user404,2025-05-19T01:31:00,Bengaluru,4
Pothole #5405,Damaged patch,12.874542,77.533205,user405,2025-03-07T07:21:00,Bengaluru,1
Pothole #5406,Needs repair,12.885029,77.647315,user406,2025-07-11T04:13:00,Bengaluru,2
Pothole #5407,Small crack,13.007658,77.69741,user407,2025-04-24T08:22:00,Bengaluru,1
Pothole #5408,Damaged patch,12.993597,77.563434,user408,2025-07-13T14:23:00,Bengaluru,1
Pothole #5409,Small crack,12.972474,77.584774,user409,2025-11-23T10:31:00,Bengaluru,5
Pothole #5410,Needs repair,13.025935,77.706565,user410,2025-02-06T10:05:00,Bengaluru,2
Pothole #5411,Causes skidding,12.891707,77.702511,user411,2025-08-17T22:26:00,Bengaluru,5
Pothole #5412,Crater-like,12.975581,77.503191,user412,2025-02-08T17:36:00,Bengaluru,2
Pothole #5413,Crater-like,12.946328,77.731867,user413,2025-06-24T22:11:00,Bengaluru,4
Pothole #5414,Causes skidding,12.946404,77.735796,user414,2025-01-19T02:56:00,Bengaluru,4
Pothole #5415,Needs repair,12.969261,77.678458,user415,2025-05-14T10:42:00,Bengaluru,4
Pothole #5416,Causes skidding,12.854684,77.523625,user416,2025-08-18T05:41:00,Bengaluru,5
Pothole #5417,Damaged patch,12.962118,77.563042,user417,2025-05-11T20:25:00,Bengaluru,2
Pothole #5418,Small crack,12.920353,77.57627,user418,2025-04-22T22:16:00,Bengaluru,4
Pothole #5419,Deep hole,13.031933,77.591259,user419,2025-03-14T00:48:00,Bengaluru,2
Pothole #5420,Deep hole,12.918988,77.561051,user420,2025-10-20T09:08:00,Bengaluru,5
Pothole #5421,Needs repair,13.043275,77.743352,user421,2025-10-03T15:07:00,Bengaluru,4
Pothole #5422,Needs repair,13.004513,77.706574,user422,2025-09-10T00:02:00,Bengaluru,2
Pothole #5423,Damaged patch,12.987099,77.60766,user423,2025-10-05T23:49:00,Bengaluru,2
Pothole #5424,Small crack,12.87082,77.562164,user424,2025-09-03T01:03:00,Bengaluru,4
Pothole #5425,Deep hole,12.991414,77.554252,user425,2025-03-01T17:27:00,Bengaluru,5
Pothole #5426,Needs repair,12.965588,77.50099,user426,2025-01-04T05:31:00,Bengaluru,2
Pothole #5427,Needs repair,13.043294,77.609587,user427,2025-07-20T14:21:00,Bengaluru,2
Pothole #5428,Causes skidding,12.993941,77.677355,user428,2025-06-05T16:45:00,Bengaluru,2
Pothole #5429,Causes skidding,13.035892,77.578358,user429,2025-08-05T15:30:00,Bengaluru,4
Pothole #5430,Small crack,12.86061,77.652606,user430,2025-06-25T04:21:00,Bengaluru,3
Pothole #5431,Small crack,12.962287,77.579388,user431,2025-04-11T07:00:00,Bengaluru,5
Pothole #5432,Needs repair,13.014204,77.593575,user432,2025-04-02T23:56:00,Bengaluru,3
Pothole #5433,Damaged patch,12.922102,77.530689,user433,2025-05-21T09:05:00,Bengaluru,4
Pothole #5434,Small crack,12.95306,77.651353,user434,2025-06-27T02:46:00,Bengaluru,5
Pothole #5435,Small crack,12.960471,77.732689,user435,2025-11-22T15:04:00,Bengaluru,3
Pothole #5436,Deep hole,12.928067,77.671294,user436,2025-11-22T23:47:00,Bengaluru,1
Pothole #5437,Deep hole,12.880391,77.715256,user437,2025-04-17T13:19:00,Bengaluru,3
Pothole #5438,Causes skidding,12.974015,77.684717,user438,2025-01-06T14:19:00,Bengaluru,3
Pothole #5439,Damaged patch,12.896029,77.575792,user439,2025-08-07T10:13:00,Bengaluru,5
Pothole #5440,Crater-like,12.928211,77.619274,user440,2025-04-15T12:09:00,Bengaluru,5
Pothole #5441,Damaged patch,12.910838,77.52044,user441,2025-11-06T00:54:00,Bengaluru,4
Pothole #5442,Crater-like,12.977154,77.504646,user442,2025-04-28T00:44:00,Bengaluru,5
Pothole #5443,Causes skidding,12.907315,77.654371,user443,2025-03-26T21:43:00,Bengaluru,1
Pothole #5444,Small crack,12.935516,77.6541,user444,2025-08-04T19:20:00,Bengaluru,5
Pothole #5445,Causes skidding,12.994523,77.559791,user445,2025-08-02T23:55:00,Bengaluru,4
Pothole #5446,Deep hole,13.041649,77.595161,user446,2025-07-09T14:37:00,Bengaluru,2
Pothole #5447,Crater-like,12.91485,77.701811,user447,2025-04-22T16:46:00,Bengaluru,4
Pothole #5448,Crater-like,12.963766,77.510774,user448,2025-10-05T08:51:00,Bengaluru,2
Pothole #5449,Causes skidding,12.929642,77.504614,user449,2025-02-14T12:10:00,Bengaluru,1
Pothole #5450,Causes skidding,12.867211,77.677555,user450,2025-10-08T02:05:00,Bengaluru,2
Pothole #5451,Crater-like,12.902635,77.540448,user451,2025-10-12T01:25:00,Bengaluru,3
Pothole #5452,Small crack,12.960338,77.594549,user452,2025-08-04T05:49:00,Bengaluru,1
Pothole #5453,Needs repair,12.891787,77.738536,user453,2025-06-15T01:21:00,Bengaluru,1
Pothole #5454,Deep hole,12.899603,77.721371,user454,2025-04-25T20:18:00,Bengaluru,3
Pothole #5455,Small crack,12.904674,77.563129,user455,2025-08-15T11:38:00,Bengaluru,5
Pothole #5456,Crater-like,13.017739,77.581087,user456,2025-05-21T11:02:00,Bengaluru,1
Pothole #5457,Crater-like,13.016924,77.604228,user457,2025-02-23T06:49:00,Bengaluru,2
Pothole #5458,Small crack,12.854514,77.602536,user458,2025-05-08T17:35:00,Bengaluru,1
Pothole #5459,Small crack,12.908158,77.614171,user459,2025-01-08T20:16:00,Bengaluru,1
Pothole #5460,Causes skidding,12.892986,77.568869,user460,2025-03-13T10:45:00,Bengaluru,1
Pothole #5461,Damaged patch,12.939417,77.718986,user461,2025-05-21T08:40:00,Bengaluru,5
Pothole #5462,Damaged patch,12.950118,77.54076,user462,2025-01-24T14:17:00,Bengaluru,5
Pothole #5463,Small crack,12.91156,77.624263,user463,2025-05-13T12:04:00,Bengaluru,1
Pothole #5464,Damaged patch,12.948498,77.578735,user464,2025-03-28T12:11:00,Bengaluru,2
Pothole #5465,Crater-like,12.876955,77.506527,user465,2025-04-27T14:02:00,Bengaluru,3
Pothole #5466,Causes skidding,12.948272,77.591687,user466,2025-11-07T14:39:00,Bengaluru,5
Pothole #5467,Deep hole,13.020406,77.618079,user467,2025-10-10T20:39:00,Bengaluru,2
Pothole #5468,Needs repair,12.864353,77.552682,user468,2025-05-20T03:22:00,Bengaluru,5
Pothole #5469,Small crack,12.934489,77.505657,user469,2025-02-21T20:27:00,Bengaluru,3
Pothole #5470,Deep hole,12.949401,77.564218,user470,2025-04-02T15:29:00,Bengaluru,3
Pothole #5471,Deep hole,12.960257,77.690243,user471,2025-05-12T03:03:00,Bengaluru,5
Pothole #5472,Causes skidding,12.990743,77.666452,user472,2025-07-19T08:47:00,Bengaluru,4
Pothole #5473,Crater-like,12.956727,77.659881,user473,2025-02-26T04:52:00,Bengaluru,3
Pothole #5474,Crater-like,12.851826,77.562906,user474,2025-05-11T03:36:00,Bengaluru,2
Pothole #5475,Crater-like,12.896924,77.551638,user475,2025-06-14T07:02:00,Bengaluru,5
Pothole #5476,Damaged patch,13.032198,77.627888,user476,2025-11-12T20:23:00,Bengaluru,5
Pothole #5477,Causes skidding,13.033622,77.738182,user477,2025-05-15T19:33:00,Bengaluru,5
Pothole #5478,Damaged patch,12.998614,77.520547,user478,2025-06-02T23:58:00,Bengaluru,5
Pothole #5479,Small crack,12.961412,77.549685,user479,2025-09-03T22:19:00,Bengaluru,1
Pothole #5480,Causes skidding,12.896175,77.677621,user480,2025-05-10T01:13:00,Bengaluru,5
Pothole #5481,Damaged patch,12.919736,77.705437,user481,2025-05-25T11:18:00,Bengaluru,2
Pothole #5482,Deep hole,12.985971,77.689394,user482,2025-01-14T14:29:00,Bengaluru,2
Pothole #5483,Needs repair,13.00328,77.582322,user483,2025-05-04T01:16:00,Bengaluru,1
Pothole #5484,Needs repair,12.934193,77.661332,user484,2025-05-27T16:49:00,Bengaluru,1
Pothole #5485,Needs repair,13.037991,77.679344,user485,2025-03-26T21:28:00,Bengaluru,3
Pothole #5486,Small crack,12.936891,77.653039,user486,2025-07-18T02:19:00,Bengaluru,4
Pothole #5487,Damaged patch,12.928715,77.5138,user487,2025-08-21T03:33:00,Bengaluru,1
Pothole #5488,Crater-like,12.958362,77.552809,user488,2025-07-15T08:35:00,Bengaluru,3
Pothole #5489,Needs repair,13.048154,77.682014,user489,2025-11-08T13:12:00,Bengaluru,4
Pothole #5490,Small crack,12.976474,77.579377,user490,2025-11-01T06:16:00,Bengaluru,3
Pothole #5491,Needs repair,12.897664,77.544937,user491,2025-04-26T08:15:00,Bengaluru,5
Pothole #5492,Causes skidding,12.940247,77.617722,user492,2025-06-25T19:34:00,Bengaluru,5
Pothole #5493,Damaged patch,12.946793,77.588704,user493,2025-05-19T11:16:00,Bengaluru,5
Pothole #5494,Deep hole,12.999304,77.606774,user494,2025-02-27T18:29:00,Bengaluru,3
Pothole #5495,Crater-like,13.016147,77.636692,user495,2025-07-23T22:00:00,Bengaluru,2
Pothole #5496,Small crack,13.00987,77.625815,user496,2025-11-23T09:45:00,Bengaluru,3
Pothole #5497,Needs repair,12.85229,77.635835,user497,2025-02-17T05:43:00,Bengaluru,4
Pothole #5498,Crater-like,12.973814,77.604522,user498,2025-01-17T10:57:00,Bengaluru,4
Pothole #5499,Small crack,12.983327,77.668606,user499,2025-10-22T20:30:00,Bengaluru,5
Pothole #5500,Causes skidding,12.891006,77.540222,user0,2025-02-27T07:04:00,Bengaluru,5
Pothole #5501,Crater-like,12.933141,77.535394,user1,2025-09-04T17:25:00,Bengaluru,2
Pothole #5502,Needs repair,12.898807,77.676449,user2,2025-03-03T16:58:00,Bengaluru,1
Pothole #5503,Crater-like,12.968547,77.589402,user3,2025-01-27T18:54:00,Bengaluru,2
Pothole #5504,Crater-like,12.968123,77.514362,user4,2025-04-05T16:13:00,Bengaluru,1
Pothole #5505,Needs repair,12.874322,77.603927,user5,2025-10-09T08:33:00,Bengaluru,4
Pothole #5506,Causes skidding,12.908364,77.705336,user6,2025-03-19T08:00:00,Bengaluru,2
Pothole #5507,Small crack,12.868258,77.586874,user7,2025-02-09T16:24:00,Bengaluru,5
Pothole #5508,Small crack,12.897702,77.550985,user8,2025-02-12T03:00:00,Bengaluru,5
Pothole #5509,Deep hole,12.974204,77.626511,user9,2025-10-25T10:50:00,Bengaluru,3
Pothole #5510,Deep hole,12.95498,77.563684,user10,2025-03-19T00:36:00,Bengaluru,2
Pothole #5511,Deep hole,12.926392,77.59866,user11,2025-01-17T14:06:00,Bengaluru,5
Pothole #5512,Damaged patch,12.929792,77.575552,user12,2025-08-05T16:45:00,Bengaluru,3
Pothole #5513,Deep hole,12.949609,77.556454,user13,2025-01-13T03:04:00,Bengaluru,4
Pothole #5514,Crater-like,12.934848,77.607102,user14,2025-09-09T16:54:00,Bengaluru,4
Pothole #5515,Deep hole,13.006978,77.724558,user15,2025-09-26T09:12:00,Bengaluru,2
Pothole #5516,Small crack,12.897548,77.604451,user16,2025-11-28T00:56:00,Bengaluru,1
Pothole #5517,Causes skidding,12.937206,77.657491,user17,2025-11-03T18:46:00,Bengaluru,3
Pothole #5518,Needs repair,12.855307,77.595912,user18,2025-11-01T05:09:00,Bengaluru,5
Pothole #5519,Crater-like,12.870082,77.704559,user19,2025-01-16T03:05:00,Bengaluru,5
Pothole #5520,Deep hole,12.94238,77.591404,user20,2025-06-06T12:33:00,Bengaluru,2
Pothole #5521,Causes skidding,12.896513,77.643604,user21,2025-10-18T15:19:00,Bengaluru,4
Pothole #5522,Causes skidding,12.926383,77.537941,user22,2025-10-20T10:50:00,Bengaluru,3
Pothole #5523,Damaged patch,12.876331,77.710555,user23,2025-09-10T13:07:00,Bengaluru,5
Pothole #5524,Needs repair,12.932935,77.668286,user24,2025-03-02T20:43:00,Bengaluru,1
Pothole #5525,Needs repair,12.89272,77.547335,user25,2025-07-10T17:56:00,Bengaluru,2
Pothole #5526,Crater-like,12.879441,77.738176,user26,2025-06-23T19:38:00,Bengaluru,2
Pothole #5527,Crater-like,12.87935,77.614352,user27,2025-09-18T14:02:00,Bengaluru,1
Pothole #5528,Damaged patch,12.949849,77.678835,user28,2025-01-09T05:07:00,Bengaluru,4
Pothole #5529,Crater-like,13.04806,77.639405,user29,2025-08-02T05:42:00,Bengaluru,2
Pothole #5530,Causes skidding,12.856024,77.577293,user30,2025-09-26T07:57:00,Bengaluru,5
Pothole #5531,Damaged patch,12.893772,77.544011,user31,2025-07-23T02:12:00,Bengaluru,5
Pothole #5532,Causes skidding,12.9057,77.634291,user32,2025-07-26T20:25:00,Bengaluru,1
Pothole #5533,Damaged patch,12.865999,77.653799,user33,2025-07-08T11:51:00,Bengaluru,5
Pothole #5534,Small crack,12.940732,77.536913,user34,2025-04-14T03:27:00,Bengaluru,3
Pothole #5535,Causes skidding,12.92282,77.616746,user35,2025-07-11T03:01:00,Bengaluru,5
Pothole #5536,Deep hole,12.930608,77.504759,user36,2025-07-11T16:08:00,Bengaluru,5
Pothole #5537,Damaged patch,12.929791,77.519801,user37,2025-08-02T01:07:00,Bengaluru,1
Pothole #5538,Small crack,12.900322,77.682672,user38,2025-03-13T03:07:00,Bengaluru,2
Pothole #5539,Causes skidding,13.049543,77.523668,user39,2025-03-28T11:28:00,Bengaluru,4
Pothole #5540,Damaged patch,12.852994,77.616383,user40,2025-09-04T00:51:00,Bengaluru,5
Pothole #5541,Crater-like,12.920528,77.566461,user41,2025-02-25T20:43:00,Bengaluru,1
Pothole #5542,Small crack,12.994514,77.636849,user42,2025-01-17T03:07:00,Bengaluru,3
Pothole #5543,Small crack,12.875207,77.631831,user43,2025-10-12T22:53:00,Bengaluru,3
Pothole #5544,Deep hole,12.941849,77.508976,user44,2025-09-07T19:54:00,Bengaluru,1
Pothole #5545,Causes skidding,13.049741,77.614973,user45,2025-05-17T18:18:00,Bengaluru,3
Pothole #5546,Crater-like,12.971228,77.617366,user46,2025-05-27T20:12:00,Bengaluru,1
Pothole #5547,Causes skidding,13.03526,77.738741,user47,2025-02-21T02:32:00,Bengaluru,5
Pothole #5548,Deep hole,12.897411,77.735865,user48,2025-01-13T16:09:00,Bengaluru,4
Pothole #5549,Needs repair,12.983743,77.694596,user49,2025-05-22T02:45:00,Bengaluru,4
Pothole #5550,Damaged patch,12.943885,77.53728,user50,2025-04-19T13:09:00,Bengaluru,5
Pothole #5551,Needs repair,13.047409,77.717085,user51,2025-03-28T11:36:00,Bengaluru,2
Pothole #5552,Deep hole,12.935717,77.624217,user52,2025-07-27T23:23:00,Bengaluru,2
Pothole #5553,Needs repair,12.890948,77.684617,user53,2025-08-05T00:01:00,Bengaluru,5
Pothole #5554,Crater-like,12.853243,77.541677,user54,2025-04-04T05:04:00,Bengaluru,1
Pothole #5555,Deep hole,12.88983,77.547141,user55,2025-07-02T05:26:00,Bengaluru,2
Pothole #5556,Small crack,13.045555,77.59572,user56,2025-01-23T03:14:00,Bengaluru,5
Pothole #5557,Small crack,13.046153,77.603812,user57,2025-11-18T14:53:00,Bengaluru,1
Pothole #5558,Deep hole,12.917696,77.509217,user58,2025-04-06T22:06:00,Bengaluru,4
Pothole #5559,Damaged patch,12.944091,77.556819,user59,2025-08-07T05:55:00,Bengaluru,5
Pothole #5560,Deep hole,12.986308,77.52041,user60,2025-01-12T08:51:00,Bengaluru,1
Pothole #5561,Small crack,13.012144,77.711104,user61,2025-06-19T19:10:00,Bengaluru,3
Pothole #5562,Damaged patch,13.036946,77.690621,user62,2025-09-28T02:54:00,Bengaluru,2
Pothole #5563,Deep hole,12.955607,77.502747,user63,2025-10-18T13:50:00,Bengaluru,5
Pothole #5564,Damaged patch,13.019994,77.653196,user64,2025-01-14T17:36:00,Bengaluru,2
Pothole #5565,Damaged patch,13.018537,77.68484,user65,2025-08-21T11:52:00,Bengaluru,1
Pothole #5566,Deep hole,12.999032,77.695408,user66,2025-04-06T15:50:00,Bengaluru,5
Pothole #5567,Deep hole,12.855783,77.520406,user67,2025-02-22T21:34:00,Bengaluru,4
Pothole #5568,Causes skidding,12.925225,77.562936,user68,2025-03-14T08:00:00,Bengaluru,4
Pothole #5569,Small crack,12.90248,77.512491,user69,2025-04-12T15:36:00,Bengaluru,5
Pothole #5570,Damaged patch,12.947852,77.513855,user70,2025-04-20T12:57:00,Bengaluru,5
Pothole #5571,Deep hole,13.011546,77.624676,user71,2025-03-12T08:06:00,Bengaluru,2
Pothole #5572,Crater-like,12.88472,77.541984,user72,2025-10-27T12:31:00,Bengaluru,3
Pothole #5573,Causes skidding,12.951888,77.507114,user73,2025-08-23T10:54:00,Bengaluru,1
Pothole #5574,Damaged patch,13.019935,77.607948,user74,2025-10-15T05:03:00,Bengaluru,4
Pothole #5575,Causes skidding,13.022814,77.702964,user75,2025-06-18T19:22:00,Bengaluru,5
Pothole #5576,Small crack,13.038044,77.568989,user76,2025-03-25T19:00:00,Bengaluru,2
Pothole #5577,Crater-like,12.881749,77.717288,user77,2025-07-26T04:18:00,Bengaluru,2
Pothole #5578,Needs repair,12.90763,77.593845,user78,2025-05-24T18:57:00,Bengaluru,2
Pothole #5579,Causes skidding,13.01219,77.629827,user79,2025-09-12T19:18:00,Bengaluru,2
Pothole #5580,Needs repair,12.86735,77.572358,user80,2025-08-01T15:23:00,Bengaluru,2
Pothole #5581,Needs repair,13.022279,77.597542,user81,2025-03-16T16:01:00,Bengaluru,1
Pothole #5582,Needs repair,13.004194,77.635324,user82,2025-07-09T03:54:00,Bengaluru,3
Pothole #5583,Damaged patch,12.951086,77.514377,user83,2025-02-21T15:32:00,Bengaluru,1
Pothole #5584,Small crack,12.855354,77.719962,user84,2025-07-02T15:42:00,Bengaluru,2
Pothole #5585,Crater-like,12.952471,77.680235,user85,2025-07-05T17:03:00,Bengaluru,5
Pothole #5586,Needs repair,12.87047,77.656391,user86,2025-09-23T00:07:00,Bengaluru,2
Pothole #5587,Crater-like,13.021077,77.565629,user87,2025-02-27T21:56:00,Bengaluru,2
Pothole #5588,Crater-like,12.996674,77.649731,user88,2025-05-21T13:10:00,Bengaluru,4
Pothole #5589,Crater-like,13.030842,77.530253,user89,2025-09-21T17:25:00,Bengaluru,1
Pothole #5590,Deep hole,13.036982,77.666534,user90,2025-10-04T03:30:00,Bengaluru,2
Pothole #5591,Causes skidding,12.958027,77.626334,user91,2025-08-19T20:43:00,Bengaluru,1
Pothole #5592,Deep hole,12.973984,77.502252,user92,2025-07-25T12:12:00,Bengaluru,4
Pothole #5593,Damaged patch,12.963653,77.586204,user93,2025-09-06T16:34:00,Bengaluru,5
Pothole #5594,Damaged patch,12.894472,77.534582,user94,2025-09-18T07:20:00,Bengaluru,2
Pothole #5595,Crater-like,13.032098,77.682766,user95,2025-06-03T22:11:00,Bengaluru,5
Pothole #5596,Crater-like,13.025805,77.583833,user96,2025-06-23T18:18:00,Bengaluru,1
Pothole #5597,Deep hole,12.907578,77.517653,user97,2025-05-03T04:45:00,Bengaluru,3
Pothole #5598,Causes skidding,12.868797,77.602304,user98,2025-11-05T14:58:00,Bengaluru,4
Pothole #5599,Crater-like,12.98579,77.524842,user99,2025-02-19T19:00:00,Bengaluru,3
Pothole #5600,Small crack,12.944871,77.610173,user100,2025-08-22T22:09:00,Bengaluru,2
Pothole #5601,Small crack,12.97904,77.629096,user101,2025-11-19T13:09:00,Bengaluru,2
Pothole #5602,Crater-like,12.897934,77.688696,user102,2025-10-04T07:11:00,Bengaluru,3
Pothole #5603,Small crack,13.031293,77.669825,user103,2025-07-05T14:24:00,Bengaluru,1
Pothole #5604,Small crack,12.913144,77.725526,user104,2025-11-22T11:23:00,Bengaluru,1
Pothole #5605,Damaged patch,12.936724,77.503619,user105,2025-09-27T04:39:00,Bengaluru,5
Pothole #5606,Deep hole,12.932141,77.56811,user106,2025-03-11T07:26:00,Bengaluru,1
Pothole #5607,Causes skidding,12.996254,77.527149,user107,2025-02-25T20:54:00,Bengaluru,1
Pothole #5608,Causes skidding,12.916631,77.573871,user108,2025-02-20T21:27:00,Bengaluru,3
Pothole #5609,Deep hole,12.958769,77.590816,user109,2025-04-16T18:57:00,Bengaluru,4
Pothole #5610,Small crack,12.959668,77.526603,user110,2025-03-20T05:29:00,Bengaluru,3
Pothole #5611,Crater-like,12.880898,77.722698,user111,2025-06-16T15:56:00,Bengaluru,1
Pothole #5612,Small crack,12.915727,77.56261,user112,2025-06-11T01:42:00,Bengaluru,3
Pothole #5613,Deep hole,13.002403,77.693529,user113,2025-09-17T18:16:00,Bengaluru,2
Pothole #5614,Needs repair,12.875072,77.583806,user114,2025-03-25T17:25:00,Bengaluru,4
Pothole #5615,Damaged patch,12.996445,77.741475,user115,2025-09-08T16:30:00,Bengaluru,3
Pothole #5616,Crater-like,12.974653,77.686333,user116,2025-07-04T06:58:00,Bengaluru,5
Pothole #5617,Deep hole,12.98633,77.649095,user117,2025-08-10T11:24:00,Bengaluru,3
Pothole #5618,Deep hole,13.039393,77.73495,user118,2025-06-01T14:29:00,Bengaluru,4
Pothole #5619,Needs repair,12.934109,77.543986,user119,2025-04-01T04:43:00,Bengaluru,2
Pothole #5620,Causes skidding,12.977666,77.7428,user120,2025-11-03T21:39:00,Bengaluru,3
Pothole #5621,Small crack,12.931647,77.559347,user121,2025-06-23T21:48:00,Bengaluru,1
Pothole #5622,Causes skidding,12.905631,77.681699,user122,2025-01-06T15:48:00,Bengaluru,2
Pothole #5623,Needs repair,13.033713,77.71558,user123,2025-06-03T11:29:00,Bengaluru,1
Pothole #5624,Needs repair,12.915639,77.686222,user124,2025-09-07T17:44:00,Bengaluru,2
Pothole #5625,Deep hole,12.852028,77.740926,user125,2025-06-17T23:21:00,Bengaluru,4
Pothole #5626,Needs repair,12.902375,77.558846,user126,2025-09-25T09:18:00,Bengaluru,1
Pothole #5627,Crater-like,13.040053,77.685821,user127,2025-11-03T16:33:00,Bengaluru,3
Pothole #5628,Crater-like,13.00271,77.700791,user128,2025-08-28T21:41:00,Bengaluru,3
Pothole #5629,Crater-like,13.044129,77.671893,user129,2025-11-06T21:02:00,Bengaluru,1
Pothole #5630,Causes skidding,12.965139,77.684439,user130,2025-07-01T08:24:00,Bengaluru,1
Pothole #5631,Needs repair,12.957689,77.509242,user131,2025-05-05T18:06:00,Bengaluru,5
Pothole #5632,Needs repair,13.016857,77.537945,user132,2025-02-03T02:54:00,Bengaluru,2
Pothole #5633,Small crack,13.012328,77.626656,user133,2025-11-25T05:42:00,Bengaluru,5
Pothole #5634,Deep hole,12.967614,77.642643,user134,2025-02-04T21:14:00,Bengaluru,3
Pothole #5635,Damaged patch,12.940526,77.66831,user135,2025-09-04T01:15:00,Bengaluru,1
Pothole #5636,Crater-like,12.950724,77.593466,user136,2025-07-23T06:41:00,Bengaluru,2
Pothole #5637,Damaged patch,12.885582,77.530493,user137,2025-03-14T22:12:00,Bengaluru,1
Pothole #5638,Needs repair,12.853183,77.649094,user138,2025-03-27T11:52:00,Bengaluru,3
Pothole #5639,Damaged patch,13.0287,77.51008,user139,2025-07-20T15:38:00,Bengaluru,3
Pothole #5640,Small crack,13.025803,77.667915,user140,2025-06-27T04:13:00,Bengaluru,4
Pothole #5641,Deep hole,12.865352,77.502657,user141,2025-09-06T19:11:00,Bengaluru,5
Pothole #5642,Damaged patch,13.000072,77.70102,user142,2025-09-01T17:50:00,Bengaluru,1
Pothole #5643,Damaged patch,13.041841,77.664741,user143,2025-10-03T00:19:00,Bengaluru,1
Pothole #5644,Causes skidding,12.874296,77.570557,user144,2025-07-11T08:05:00,Bengaluru,1
Pothole #5645,Small crack,12.978643,77.536091,user145,2025-10-08T05:23:00,Bengaluru,1
Pothole #5646,Small crack,12.920997,77.525033,user146,2025-05-03T16:54:00,Bengaluru,5
Pothole #5647,Needs repair,13.037012,77.682899,user147,2025-07-05T13:25:00,Bengaluru,1
Pothole #5648,Crater-like,12.986312,77.543624,user148,2025-05-15T00:49:00,Bengaluru,2
Pothole #5649,Needs repair,12.956123,77.738014,user149,2025-07-10T04:59:00,Bengaluru,5
Pothole #5650,Needs repair,13.012629,77.713366,user150,2025-06-10T11:07:00,Bengaluru,3
Pothole #5651,Deep hole,12.87943,77.584743,user151,2025-05-04T00:39:00,Bengaluru,1
Pothole #5652,Crater-like,13.042148,77.524944,user152,2025-09-16T06:31:00,Bengaluru,4
Pothole #5653,Damaged patch,12.918306,77.658332,user153,2025-10-20T10:22:00,Bengaluru,3
Pothole #5654,Small crack,13.009949,77.515546,user154,2025-10-15T12:17:00,Bengaluru,4
Pothole #5655,Crater-like,12.865474,77.712898,user155,2025-08-27T01:56:00,Bengaluru,3
Pothole #5656,Causes skidding,12.859064,77.588056,user156,2025-08-04T12:19:00,Bengaluru,1
Pothole #5657,Deep hole,12.955162,77.549759,user157,2025-04-19T19:30:00,Bengaluru,4
Pothole #5658,Deep hole,12.957762,77.690776,user158,2025-03-10T09:50:00,Bengaluru,1
Pothole #5659,Damaged patch,13.032404,77.689278,user159,2025-11-15T01:12:00,Bengaluru,2
Pothole #5660,Small crack,12.869413,77.533929,user160,2025-10-12T21:30:00,Bengaluru,3
Pothole #5661,Causes skidding,12.982632,77.65218,user161,2025-04-28T13:10:00,Bengaluru,5
Pothole #5662,Deep hole,12.855106,77.679312,user162,2025-02-02T08:29:00,Bengaluru,4
Pothole #5663,Deep hole,12.884183,77.576249,user163,2025-11-08T01:42:00,Bengaluru,5
Pothole #5664,Causes skidding,12.953093,77.557798,user164,2025-11-22T01:02:00,Bengaluru,3
Pothole #5665,Causes skidding,12.915438,77.52285,user165,2025-06-09T04:05:00,Bengaluru,3
Pothole #5666,Small crack,12.856246,77.62062,user166,2025-04-07T04:52:00,Bengaluru,3
Pothole #5667,Needs repair,13.024044,77.745989,user167,2025-11-10T15:00:00,Bengaluru,3
Pothole #5668,Crater-like,12.932277,77.526016,user168,2025-02-02T14:32:00,Bengaluru,2
Pothole #5669,Causes skidding,12.90306,77.676041,user169,2025-01-15T08:03:00,Bengaluru,2
Pothole #5670,Causes skidding,13.016362,77.507759,user170,2025-04-05T03:12:00,Bengaluru,1
Pothole #5671,Small crack,12.91869,77.679689,user171,2025-09-13T13:51:00,Bengaluru,1
Pothole #5672,Needs repair,12.926448,77.745875,user172,2025-04-02T07:29:00,Bengaluru,3
Pothole #5673,Needs repair,12.966402,77.61387,user173,2025-05-25T22:12:00,Bengaluru,3
Pothole #5674,Small crack,13.027612,77.690519,user174,2025-11-08T05:58:00,Bengaluru,1
Pothole #5675,Crater-like,12.915688,77.726326,user175,2025-09-21T15:01:00,Bengaluru,1
Pothole #5676,Deep hole,12.883037,77.528279,user176,2025-07-20T09:34:00,Bengaluru,4
Pothole #5677,Needs repair,12.905082,77.564236,user177,2025-06-06T15:16:00,Bengaluru,2
Pothole #5678,Crater-like,12.867321,77.687349,user178,2025-07-17T11:30:00,Bengaluru,3
Pothole #5679,Deep hole,12.919583,77.673657,user179,2025-02-24T17:39:00,Bengaluru,4
Pothole #5680,Causes skidding,12.879242,77.710704,user180,2025-06-23T06:34:00,Bengaluru,4
Pothole #5681,Causes skidding,12.90226,77.716415,user181,2025-04-05T08:44:00,Bengaluru,1
Pothole #5682,Damaged patch,12.925552,77.620054,user182,2025-10-03T17:25:00,Bengaluru,3
Pothole #5683,Causes skidding,12.922891,77.723693,user183,2025-09-09T07:12:00,Bengaluru,5
Pothole #5684,Small crack,12.935543,77.70724,user184,2025-07-09T23:55:00,Bengaluru,1
Pothole #5685,Deep hole,12.854567,77.536434,user185,2025-02-25T05:27:00,Bengaluru,3
Pothole #5686,Deep hole,12.984363,77.745581,user186,2025-01-25T09:20:00,Bengaluru,2
Pothole #5687,Small crack,12.851032,77.65621,user187,2025-02-17T13:00:00,Bengaluru,1
Pothole #5688,Deep hole,12.967703,77.50626,user188,2025-06-21T11:07:00,Bengaluru,2
Pothole #5689,Causes skidding,13.041316,77.688163,user189,2025-04-01T10:39:00,Bengaluru,2
Pothole #5690,Damaged patch,12.949032,77.631407,user190,2025-01-08T08:47:00,Bengaluru,1
Pothole #5691,Small crack,12.870326,77.703551,user191,2025-01-06T03:02:00,Bengaluru,2
Pothole #5692,Crater-like,12.926013,77.585102,user192,2025-04-20T11:35:00,Bengaluru,5
Pothole #5693,Causes skidding,12.98384,77.620905,user193,2025-06-04T18:59:00,Bengaluru,3
Pothole #5694,Causes skidding,12.902852,77.729844,user194,2025-11-10T20:41:00,Bengaluru,2
Pothole #5695,Crater-like,13.046806,77.621303,user195,2025-03-21T19:11:00,Bengaluru,2
Pothole #5696,Damaged patch,12.923374,77.559003,user196,2025-09-23T23:34:00,Bengaluru,2
Pothole #5697,Damaged patch,13.037897,77.716639,user197,2025-11-23T06:50:00,Bengaluru,4
Pothole #5698,Small crack,12.898852,77.678405,user198,2025-09-26T16:39:00,Bengaluru,4
Pothole #5699,Damaged patch,12.866467,77.53326,user199,2025-03-20T04:55:00,Bengaluru,4
Pothole #5700,Deep hole,13.00113,77.608125,user200,2025-05-11T10:21:00,Bengaluru,3
Pothole #5701,Deep hole,12.950744,77.618923,user201,2025-01-14T12:55:00,Bengaluru,4
Pothole #5702,Damaged patch,12.980752,77.673419,user202,2025-10-07T17:43:00,Bengaluru,4
Pothole #5703,Crater-like,12.88196,77.580097,user203,2025-06-07T08:35:00,Bengaluru,5
Pothole #5704,Causes skidding,13.04637,77.634861,user204,2025-10-04T12:01:00,Bengaluru,2
Pothole #5705,Crater-like,12.920778,77.512767,user205,2025-05-13T14:48:00,Bengaluru,3
Pothole #5706,Causes skidding,13.02518,77.544055,user206,2025-01-02T03:14:00,Bengaluru,4
Pothole #5707,Deep hole,12.858433,77.598676,user207,2025-04-12T21:37:00,Bengaluru,5
Pothole #5708,Causes skidding,13.00265,77.592688,user208,2025-11-04T21:54:00,Bengaluru,3
Pothole #5709,Crater-like,13.039352,77.539513,user209,2025-02-28T06:04:00,Bengaluru,3
Pothole #5710,Small crack,12.984566,77.728231,user210,2025-04-20T03:07:00,Bengaluru,4
Pothole #5711,Deep hole,13.031054,77.59173,user211,2025-07-16T14:15:00,Bengaluru,2
Pothole #5712,Causes skidding,12.94336,77.595679,user212,2025-08-27T12:24:00,Bengaluru,2
Pothole #5713,Crater-like,12.987862,77.616504,user213,2025-05-07T11:05:00,Bengaluru,5
Pothole #5714,Damaged patch,12.883657,77.568606,user214,2025-05-18T03:37:00,Bengaluru,4
Pothole #5715,Small crack,13.002679,77.59185,user215,2025-09-12T20:48:00,Bengaluru,4
Pothole #5716,Causes skidding,12.997154,77.713409,user216,2025-06-26T18:57:00,Bengaluru,4
Pothole #5717,Small crack,12.922061,77.569167,user217,2025-03-16T08:00:00,Bengaluru,1
Pothole #5718,Small crack,13.03893,77.58698,user218,2025-06-10T07:01:00,Bengaluru,3
Pothole #5719,Causes skidding,12.989984,77.723352,user219,2025-01-02T03:37:00,Bengaluru,5
Pothole #5720,Needs repair,12.960889,77.69876,user220,2025-03-27T22:53:00,Bengaluru,5
Pothole #5721,Causes skidding,12.86841,77.67682,user221,2025-04-20T05:52:00,Bengaluru,5
Pothole #5722,Small crack,12.874731,77.510183,user222,2025-09-12T23:39:00,Bengaluru,5
Pothole #5723,Small crack,13.005216,77.655862,user223,2025-11-21T19:35:00,Bengaluru,4
Pothole #5724,Needs repair,12.944602,77.602734,user224,2025-05-16T22:26:00,Bengaluru,1
Pothole #5725,Needs repair,13.039387,77.616647,user225,2025-10-16T10:32:00,Bengaluru,3
Pothole #5726,Causes skidding,12.929217,77.532051,user226,2025-05-16T12:12:00,Bengaluru,4
Pothole #5727,Deep hole,12.955159,77.554161,user227,2025-02-07T08:02:00,Bengaluru,5
Pothole #5728,Causes skidding,13.013243,77.65811,user228,2025-08-23T19:42:00,Bengaluru,1
Pothole #5729,Damaged patch,12.898074,77.573683,user229,2025-10-22T07:45:00,Bengaluru,2
Pothole #5730,Needs repair,12.866011,77.51566,user230,2025-03-11T02:56:00,Bengaluru,3
Pothole #5731,Deep hole,13.029438,77.631501,user231,2025-09-27T08:19:00,Bengaluru,5
Pothole #5732,Deep hole,12.980983,77.644259,user232,2025-11-14T03:48:00,Bengaluru,2
Pothole #5733,Crater-like,12.914042,77.55276,user233,2025-05-08T12:53:00,Bengaluru,2
Pothole #5734,Damaged patch,13.022666,77.521601,user234,2025-08-13T04:29:00,Bengaluru,3
Pothole #5735,Damaged patch,12.931678,77.743506,user235,2025-03-04T03:55:00,Bengaluru,3
Pothole #5736,Deep hole,12.992328,77.571679,user236,2025-03-24T01:33:00,Bengaluru,5
Pothole #5737,Small crack,12.861891,77.71916,user237,2025-05-05T08:11:00,Bengaluru,5
Pothole #5738,Deep hole,12.968175,77.747504,user238,2025-11-07T08:41:00,Bengaluru,5
Pothole #5739,Small crack,12.928537,77.722864,user239,2025-10-16T22:50:00,Bengaluru,3
Pothole #5740,Deep hole,12.947099,77.576832,user240,2025-11-28T10:18:00,Bengaluru,5
Pothole #5741,Crater-like,13.009796,77.644931,user241,2025-03-24T22:07:00,Bengaluru,1
Pothole #5742,Needs repair,13.036178,77.738262,user242,2025-03-18T11:16:00,Bengaluru,5
Pothole #5743,Small crack,12.884493,77.64889,user243,2025-07-26T20:05:00,Bengaluru,3
Pothole #5744,Damaged patch,13.013816,77.73362,user244,2025-03-28T18:46:00,Bengaluru,1
Pothole #5745,Crater-like,13.033363,77.525613,user245,2025-09-10T09:04:00,Bengaluru,3
Pothole #5746,Deep hole,12.903362,77.575545,user246,2025-10-02T07:06:00,Bengaluru,3
Pothole #5747,Small crack,12.952934,77.569214,user247,2025-05-04T03:56:00,Bengaluru,2
Pothole #5748,Crater-like,12.932552,77.694599,user248,2025-07-20T22:02:00,Bengaluru,4
Pothole #5749,Small crack,12.949611,77.748465,user249,2025-02-04T16:41:00,Bengaluru,1
Pothole #5750,Deep hole,12.908604,77.689338,user250,2025-06-01T10:37:00,Bengaluru,1
Pothole #5751,Damaged patch,12.968501,77.54744,user251,2025-03-09T06:37:00,Bengaluru,4
Pothole #5752,Crater-like,13.03292,77.642007,user252,2025-02-19T06:24:00,Bengaluru,5
Pothole #5753,Causes skidding,12.874883,77.580013,user253,2025-05-11T09:52:00,Bengaluru,3
Pothole #5754,Deep hole,12.977939,77.701722,user254,2025-02-22T20:06:00,Bengaluru,4
Pothole #5755,Needs repair,13.01964,77.717872,user255,2025-07-24T03:49:00,Bengaluru,3
Pothole #5756,Deep hole,12.870418,77.62296,user256,2025-01-19T14:16:00,Bengaluru,5
Pothole #5757,Causes skidding,12.986765,77.646643,user257,2025-10-05T06:20:00,Bengaluru,3
Pothole #5758,Causes skidding,12.904848,77.514291,user258,2025-04-16T22:27:00,Bengaluru,4
Pothole #5759,Deep hole,12.919435,77.663762,user259,2025-10-12T16:10:00,Bengaluru,5
Pothole #5760,Crater-like,12.976055,77.594916,user260,2025-08-02T15:20:00,Bengaluru,4
Pothole #5761,Deep hole,12.899342,77.620229,user261,2025-03-21T05:08:00,Bengaluru,5
Pothole #5762,Deep hole,13.017588,77.527695,user262,2025-04-07T12:27:00,Bengaluru,4
Pothole #5763,Small crack,12.892343,77.698352,user263,2025-01-02T22:02:00,Bengaluru,2
Pothole #5764,Deep hole,12.86744,77.529319,user264,2025-05-27T14:08:00,Bengaluru,5
Pothole #5765,Deep hole,12.915517,77.735291,user265,2025-10-16T12:21:00,Bengaluru,4
Pothole #5766,Damaged patch,13.030073,77.573619,user266,2025-10-15T00:17:00,Bengaluru,4
Pothole #5767,Deep hole,12.856964,77.683846,user267,2025-09-17T13:33:00,Bengaluru,4
Pothole #5768,Deep hole,12.975515,77.610507,user268,2025-11-14T09:36:00,Bengaluru,3
Pothole #5769,Small crack,12.880339,77.715732,user269,2025-10-24T05:40:00,Bengaluru,5
Pothole #5770,Damaged patch,12.851725,77.717422,user270,2025-08-11T23:21:00,Bengaluru,4
Pothole #5771,Small crack,13.039435,77.600582,user271,2025-04-11T00:20:00,Bengaluru,3
Pothole #5772,Small crack,12.872299,77.618989,user272,2025-07-14T20:54:00,Bengaluru,3
Pothole #5773,Small crack,12.959513,77.702622,user273,2025-05-27T16:44:00,Bengaluru,1
Pothole #5774,Needs repair,13.043097,77.622291,user274,2025-10-07T01:02:00,Bengaluru,5
Pothole #5775,Damaged patch,13.005693,77.618964,user275,2025-02-12T19:30:00,Bengaluru,1
Pothole #5776,Deep hole,12.996411,77.549551,user276,2025-04-07T16:14:00,Bengaluru,1
Pothole #5777,Causes skidding,13.012492,77.704501,user277,2025-09-21T01:43:00,Bengaluru,5
Pothole #5778,Deep hole,12.90185,77.503574,user278,2025-05-12T20:38:00,Bengaluru,2
Pothole #5779,Causes skidding,12.958674,77.501114,user279,2025-10-04T19:31:00,Bengaluru,4
Pothole #5780,Deep hole,12.998732,77.527976,user280,2025-08-05T00:16:00,Bengaluru,5
Pothole #5781,Deep hole,12.89301,77.647695,user281,2025-01-18T19:44:00,Bengaluru,5
Pothole #5782,Damaged patch,12.867885,77.503,user282,2025-01-05T00:32:00,Bengaluru,2
Pothole #5783,Causes skidding,12.99672,77.557823,user283,2025-08-17T01:19:00,Bengaluru,3
Pothole #5784,Damaged patch,12.858631,77.611264,user284,2025-10-01T17:00:00,Bengaluru,1
Pothole #5785,Needs repair,13.024211,77.732216,user285,2025-02-01T20:07:00,Bengaluru,5
Pothole #5786,Small crack,12.984647,77.710955,user286,2025-07-27T02:24:00,Bengaluru,4
Pothole #5787,Deep hole,12.850374,77.661381,user287,2025-01-12T06:00:00,Bengaluru,5
Pothole #5788,Crater-like,13.049134,77.518912,user288,2025-03-14T00:45:00,Bengaluru,3
Pothole #5789,Deep hole,12.901691,77.660637,user289,2025-07-12T17:35:00,Bengaluru,1
Pothole #5790,Causes skidding,13.037115,77.58521,user290,2025-11-02T23:54:00,Bengaluru,5
Pothole #5791,Crater-like,12.871085,77.692057,user291,2025-02-27T10:31:00,Bengaluru,5
Pothole #5792,Damaged patch,12.981734,77.566972,user292,2025-02-25T03:46:00,Bengaluru,5
Pothole #5793,Crater-like,13.049377,77.73092,user293,2025-06-08T12:54:00,Bengaluru,3
Pothole #5794,Deep hole,12.874036,77.633835,user294,2025-04-17T15:12:00,Bengaluru,1
Pothole #5795,Crater-like,12.984403,77.701666,user295,2025-09-12T07:35:00,Bengaluru,4
Pothole #5796,Small crack,12.972581,77.734826,user296,2025-11-07T08:41:00,Bengaluru,2
Pothole #5797,Causes skidding,12.887009,77.659844,user297,2025-10-19T14:27:00,Bengaluru,5
Pothole #5798,Damaged patch,13.023891,77.667161,user298,2025-04-01T04:22:00,Bengaluru,5
Pothole #5799,Damaged patch,12.922964,77.732156,user299,2025-01-04T06:28:00,Bengaluru,2
Pothole #5800,Damaged patch,13.000459,77.576101,user300,2025-02-28T04:48:00,Bengaluru,5
Pothole #5801,Crater-like,12.918052,77.661972,user301,2025-10-08T12:04:00,Bengaluru,1
Pothole #5802,Small crack,12.885601,77.616198,user302,2025-09-24T00:43:00,Bengaluru,4
Pothole #5803,Small crack,13.016065,77.714383,user303,2025-05-04T09:37:00,Bengaluru,1
Pothole #5804,Crater-like,12.989745,77.552994,user304,2025-04-11T15:06:00,Bengaluru,4
Pothole #5805,Damaged patch,12.944874,77.74921,user305,2025-01-12T20:50:00,Bengaluru,5
Pothole #5806,Deep hole,12.988615,77.610921,user306,2025-07-17T05:13:00,Bengaluru,5
Pothole #5807,Needs repair,13.00716,77.624973,user307,2025-01-03T08:00:00,Bengaluru,1
Pothole #5808,Crater-like,12.87972,77.598324,user308,2025-04-18T13:43:00,Bengaluru,2
Pothole #5809,Deep hole,12.999972,77.74932,user309,2025-10-18T11:34:00,Bengaluru,1
Pothole #5810,Small crack,12.943563,77.734457,user310,2025-10-22T12:52:00,Bengaluru,3
Pothole #5811,Crater-like,12.980484,77.67219,user311,2025-06-03T20:14:00,Bengaluru,5
Pothole #5812,Causes skidding,13.021721,77.685319,user312,2025-05-04T17:45:00,Bengaluru,3
Pothole #5813,Damaged patch,12.968828,77.575631,user313,2025-05-09T06:17:00,Bengaluru,1
Pothole #5814,Needs repair,13.018184,77.684728,user314,2025-07-19T22:55:00,Bengaluru,4
Pothole #5815,Small crack,12.884567,77.679601,user315,2025-05-28T16:54:00,Bengaluru,5
Pothole #5816,Small crack,12.8896,77.660746,user316,2025-02-12T12:26:00,Bengaluru,3
Pothole #5817,Deep hole,13.032126,77.677723,user317,2025-06-14T23:01:00,Bengaluru,2
Pothole #5818,Deep hole,13.007436,77.638706,user318,2025-05-26T01:24:00,Bengaluru,4
Pothole #5819,Small crack,13.043153,77.530403,user319,2025-04-09T12:41:00,Bengaluru,5
Pothole #5820,Needs repair,12.932102,77.717194,user320,2025-08-19T11:37:00,Bengaluru,2
Pothole #5821,Small crack,12.955663,77.582639,user321,2025-04-02T15:02:00,Bengaluru,1
Pothole #5822,Needs repair,13.038142,77.734361,user322,2025-11-06T13:31:00,Bengaluru,4
Pothole #5823,Needs repair,12.87282,77.567344,user323,2025-11-25T05:54:00,Bengaluru,5
Pothole #5824,Crater-like,13.006825,77.662902,user324,2025-04-16T15:01:00,Bengaluru,2
Pothole #5825,Damaged patch,12.908098,77.626941,user325,2025-02-26T15:12:00,Bengaluru,5
Pothole #5826,Damaged patch,13.03396,77.636692,user326,2025-11-23T21:47:00,Bengaluru,1
Pothole #5827,Small crack,12.869775,77.586338,user327,2025-04-04T03:27:00,Bengaluru,2
Pothole #5828,Crater-like,12.954859,77.576379,user328,2025-10-16T02:17:00,Bengaluru,1
Pothole #5829,Deep hole,12.974618,77.522969,user329,2025-11-18T21:23:00,Bengaluru,2
Pothole #5830,Causes skidding,12.961655,77.724135,user330,2025-10-10T08:46:00,Bengaluru,4
Pothole #5831,Small crack,13.024944,77.60872,user331,2025-09-23T11:50:00,Bengaluru,5
Pothole #5832,Needs repair,12.940066,77.591066,user332,2025-10-24T14:21:00,Bengaluru,1
Pothole #5833,Small crack,12.87709,77.653482,user333,2025-04-07T17:29:00,Bengaluru,1
Pothole #5834,Crater-like,12.936528,77.556306,user334,2025-11-08T22:39:00,Bengaluru,1
Pothole #5835,Deep hole,12.933602,77.543176,user335,2025-02-15T16:57:00,Bengaluru,2
Pothole #5836,Deep hole,12.904435,77.70869,user336,2025-07-20T08:26:00,Bengaluru,1
Pothole #5837,Small crack,12.988085,77.742987,user337,2025-09-09T07:55:00,Bengaluru,5
Pothole #5838,Small crack,12.872997,77.593576,user338,2025-02-21T08:05:00,Bengaluru,3
Pothole #5839,Causes skidding,12.983977,77.587227,user339,2025-11-10T00:25:00,Bengaluru,1
Pothole #5840,Crater-like,12.931391,77.602866,user340,2025-10-21T10:29:00,Bengaluru,2
Pothole #5841,Small crack,12.900673,77.66939,user341,2025-09-26T00:21:00,Bengaluru,3
Pothole #5842,Small crack,12.878216,77.665997,user342,2025-09-15T19:51:00,Bengaluru,2
Pothole #5843,Crater-like,12.925027,77.688007,user343,2025-06-11T15:31:00,Bengaluru,3
Pothole #5844,Needs repair,12.950827,77.568845,user344,2025-01-19T16:39:00,Bengaluru,1
Pothole #5845,Crater-like,12.985687,77.5641,user345,2025-07-28T06:09:00,Bengaluru,1
Pothole #5846,Crater-like,12.963572,77.562427,user346,2025-11-28T23:27:00,Bengaluru,5
Pothole #5847,Crater-like,12.99728,77.641484,user347,2025-07-17T23:32:00,Bengaluru,2
Pothole #5848,Small crack,13.045193,77.507764,user348,2025-03-15T15:15:00,Bengaluru,3
Pothole #5849,Small crack,12.856079,77.691597,user349,2025-07-20T02:44:00,Bengaluru,5
Pothole #5850,Small crack,13.017081,77.723681,user350,2025-06-08T18:48:00,Bengaluru,5
Pothole #5851,Crater-like,13.01956,77.555953,user351,2025-01-13T07:36:00,Bengaluru,1
Pothole #5852,Deep hole,12.912156,77.607866,user352,2025-06-11T13:20:00,Bengaluru,2
Pothole #5853,Small crack,12.98708,77.748658,user353,2025-03-22T10:36:00,Bengaluru,5
Pothole #5854,Crater-like,13.026963,77.632908,user354,2025-03-06T07:45:00,Bengaluru,1
Pothole #5855,Deep hole,12.965588,77.632027,user355,2025-02-10T13:12:00,Bengaluru,4
Pothole #5856,Needs repair,12.877454,77.516497,user356,2025-01-24T06:47:00,Bengaluru,5
Pothole #5857,Damaged patch,12.949843,77.52699,user357,2025-10-04T16:43:00,Bengaluru,3
Pothole #5858,Causes skidding,13.020687,77.679424,user358,2025-10-26T17:33:00,Bengaluru,3
Pothole #5859,Crater-like,13.018698,77.743531,user359,2025-11-10T16:44:00,Bengaluru,3
Pothole #5860,Needs repair,13.012062,77.618045,user360,2025-03-06T12:49:00,Bengaluru,2
Pothole #5861,Causes skidding,12.967367,77.513941,user361,2025-04-17T03:22:00,Bengaluru,4
Pothole #5862,Needs repair,12.938616,77.531289,user362,2025-08-03T17:16:00,Bengaluru,1
Pothole #5863,Causes skidding,13.019706,77.535075,user363,2025-05-13T22:43:00,Bengaluru,2
Pothole #5864,Damaged patch,12.883102,77.715024,user364,2025-06-13T11:37:00,Bengaluru,3
Pothole #5865,Causes skidding,13.00669,77.713857,user365,2025-06-11T18:18:00,Bengaluru,4
Pothole #5866,Damaged patch,12.975304,77.563109,user366,2025-07-26T22:03:00,Bengaluru,3
Pothole #5867,Causes skidding,13.011168,77.648507,user367,2025-11-08T23:23:00,Bengaluru,1
Pothole #5868,Small crack,13.034074,77.553444,user368,2025-09-02T17:05:00,Bengaluru,4
Pothole #5869,Causes skidding,12.883425,77.540443,user369,2025-04-21T12:05:00,Bengaluru,1
Pothole #5870,Small crack,12.895802,77.653475,user370,2025-07-13T15:25:00,Bengaluru,3
Pothole #5871,Damaged patch,12.961943,77.68749,user371,2025-05-20T22:39:00,Bengaluru,2
Pothole #5872,Damaged patch,12.956084,77.653459,user372,2025-04-20T14:34:00,Bengaluru,1
Pothole #5873,Causes skidding,12.965394,77.744197,user373,2025-02-11T00:34:00,Bengaluru,5
Pothole #5874,Small crack,12.920852,77.634609,user374,2025-05-18T14:41:00,Bengaluru,3
Pothole #5875,Small crack,12.985487,77.682597,user375,2025-06-04T14:16:00,Bengaluru,1
Pothole #5876,Deep hole,13.008963,77.524424,user376,2025-07-03T17:26:00,Bengaluru,2
Pothole #5877,Small crack,12.85627,77.719782,user377,2025-05-06T17:10:00,Bengaluru,3
Pothole #5878,Needs repair,13.008657,77.587526,user378,2025-11-03T15:36:00,Bengaluru,2
Pothole #5879,Damaged patch,12.923659,77.673615,user379,2025-07-14T02:30:00,Bengaluru,1
Pothole #5880,Needs repair,13.007648,77.635881,user380,2025-10-23T03:28:00,Bengaluru,1
Pothole #5881,Deep hole,12.975679,77.662085,user381,2025-04-09T12:14:00,Bengaluru,3
Pothole #5882,Needs repair,12.878012,77.53529,user382,2025-02-27T02:23:00,Bengaluru,4
Pothole #5883,Causes skidding,12.93742,77.722202,user383,2025-11-02T08:41:00,Bengaluru,5
Pothole #5884,Needs repair,12.91158,77.542002,user384,2025-04-18T22:47:00,Bengaluru,1
Pothole #5885,Damaged patch,12.947578,77.527415,user385,2025-04-15T23:50:00,Bengaluru,5
Pothole #5886,Needs repair,13.029408,77.729036,user386,2025-07-17T08:30:00,Bengaluru,2
Pothole #5887,Needs repair,12.899966,77.586917,user387,2025-06-10T00:59:00,Bengaluru,3
Pothole #5888,Small crack,12.938683,77.514281,user388,2025-10-18T06:20:00,Bengaluru,3
Pothole #5889,Crater-like,12.851011,77.693356,user389,2025-04-05T01:01:00,Bengaluru,2
Pothole #5890,Deep hole,12.914448,77.648524,user390,2025-09-03T16:53:00,Bengaluru,1
Pothole #5891,Small crack,13.019823,77.551061,user391,2025-02-14T12:43:00,Bengaluru,3
Pothole #5892,Needs repair,12.903437,77.693688,user392,2025-01-24T09:17:00,Bengaluru,5
Pothole #5893,Crater-like,12.876741,77.66035,user393,2025-03-03T19:41:00,Bengaluru,2
Pothole #5894,Damaged patch,12.864353,77.538087,user394,2025-03-10T12:36:00,Bengaluru,5
Pothole #5895,Deep hole,13.021013,77.642895,user395,2025-05-12T03:05:00,Bengaluru,2
Pothole #5896,Crater-like,12.913622,77.620361,user396,2025-11-02T04:31:00,Bengaluru,1
Pothole #5897,Deep hole,12.876948,77.507491,user397,2025-03-07T13:40:00,Bengaluru,2
Pothole #5898,Crater-like,12.868093,77.544553,user398,2025-10-21T12:47:00,Bengaluru,1
Pothole #5899,Crater-like,13.049255,77.743695,user399,2025-04-18T23:25:00,Bengaluru,1
Pothole #5900,Damaged patch,12.94568,77.63238,user400,2025-06-21T05:46:00,Bengaluru,4
Pothole #5901,Crater-like,12.893437,77.617398,user401,2025-06-27T03:16:00,Bengaluru,5
Pothole #5902,Damaged patch,12.958476,77.669134,user402,2025-05-26T07:22:00,Bengaluru,3
Pothole #5903,Crater-like,12.992733,77.545204,user403,2025-11-13T14:56:00,Bengaluru,4
Pothole #5904,Causes skidding,12.937922,77.503362,user404,2025-05-05T23:09:00,Bengaluru,1
Pothole #5905,Small crack,12.915403,77.657,user405,2025-01-26T18:14:00,Bengaluru,2
Pothole #5906,Needs repair,12.897074,77.555608,user406,2025-04-20T23:48:00,Bengaluru,1
Pothole #5907,Deep hole,12.893895,77.63033,user407,2025-03-14T05:03:00,Bengaluru,5
Pothole #5908,Needs repair,12.863707,77.657052,user408,2025-06-01T19:21:00,Bengaluru,3
Pothole #5909,Crater-like,12.995347,77.570586,user409,2025-11-27T15:30:00,Bengaluru,1
Pothole #5910,Needs repair,12.854431,77.691955,user410,2025-01-27T22:49:00,Bengaluru,2
Pothole #5911,Small crack,13.011098,77.660209,user411,2025-06-07T21:27:00,Bengaluru,3
Pothole #5912,Deep hole,12.974635,77.669496,user412,2025-03-02T01:43:00,Bengaluru,2
Pothole #5913,Needs repair,12.890008,77.635478,user413,2025-01-25T10:37:00,Bengaluru,1
Pothole #5914,Deep hole,12.954442,77.555258,user414,2025-02-09T20:35:00,Bengaluru,3
Pothole #5915,Crater-like,12.858963,77.570841,user415,2025-08-05T20:26:00,Bengaluru,3
Pothole #5916,Causes skidding,13.022816,77.680589,user416,2025-05-21T08:19:00,Bengaluru,2
Pothole #5917,Deep hole,12.985942,77.502593,user417,2025-08-08T05:39:00,Bengaluru,5
Pothole #5918,Needs repair,12.860091,77.683849,user418,2025-03-23T11:07:00,Bengaluru,3
Pothole #5919,Deep hole,12.92666,77.689649,user419,2025-02-13T16:50:00,Bengaluru,4
Pothole #5920,Damaged patch,12.994003,77.671113,user420,2025-10-28T21:46:00,Bengaluru,4
Pothole #5921,Needs repair,12.858451,77.545188,user421,2025-03-09T04:59:00,Bengaluru,4
Pothole #5922,Crater-like,12.991195,77.65062,user422,2025-06-19T00:36:00,Bengaluru,3
Pothole #5923,Damaged patch,12.948599,77.747638,user423,2025-02-11T16:05:00,Bengaluru,3
Pothole #5924,Causes skidding,12.860542,77.575049,user424,2025-11-16T22:53:00,Bengaluru,1
Pothole #5925,Crater-like,12.961121,77.701485,user425,2025-11-02T01:16:00,Bengaluru,5
Pothole #5926,Small crack,12.942108,77.747605,user426,2025-09-09T19:08:00,Bengaluru,1
Pothole #5927,Deep hole,12.956236,77.676224,user427,2025-10-21T11:35:00,Bengaluru,5
Pothole #5928,Small crack,12.90655,77.600928,user428,2025-01-11T12:09:00,Bengaluru,5
Pothole #5929,Damaged patch,12.984177,77.564241,user429,2025-05-21T18:19:00,Bengaluru,5
Pothole #5930,Needs repair,13.022046,77.627715,user430,2025-02-17T00:01:00,Bengaluru,5
Pothole #5931,Small crack,12.935998,77.693389,user431,2025-02-28T14:02:00,Bengaluru,5
Pothole #5932,Needs repair,12.98541,77.737196,user432,2025-08-17T14:26:00,Bengaluru,5
Pothole #5933,Crater-like,13.043473,77.732465,user433,2025-10-10T05:26:00,Bengaluru,5
Pothole #5934,Causes skidding,12.998355,77.541577,user434,2025-10-21T08:19:00,Bengaluru,5
Pothole #5935,Needs repair,12.911558,77.594751,user435,2025-10-10T01:07:00,Bengaluru,2
Pothole #5936,Causes skidding,13.021487,77.512948,user436,2025-08-09T01:03:00,Bengaluru,4
Pothole #5937,Small crack,12.943263,77.690859,user437,2025-07-24T13:27:00,Bengaluru,2
Pothole #5938,Crater-like,13.003013,77.733463,user438,2025-11-16T08:13:00,Bengaluru,5
Pothole #5939,Needs repair,13.008216,77.515766,user439,2025-03-09T01:21:00,Bengaluru,1
Pothole #5940,Deep hole,12.951917,77.616276,user440,2025-07-12T12:44:00,Bengaluru,5
Pothole #5941,Deep hole,12.94814,77.698545,user441,2025-04-15T16:45:00,Bengaluru,3
Pothole #5942,Deep hole,12.892595,77.532517,user442,2025-10-02T11:37:00,Bengaluru,4
Pothole #5943,Causes skidding,12.988109,77.61366,user443,2025-07-06T22:36:00,Bengaluru,4
Pothole #5944,Causes skidding,12.986463,77.663127,user444,2025-03-15T10:14:00,Bengaluru,1
Pothole #5945,Small crack,12.938071,77.710385,user445,2025-04-04T05:25:00,Bengaluru,3
Pothole #5946,Damaged patch,12.859234,77.582689,user446,2025-08-17T00:52:00,Bengaluru,3
Pothole #5947,Crater-like,12.952604,77.657811,user447,2025-02-04T07:15:00,Bengaluru,1
Pothole #5948,Causes skidding,12.956698,77.587432,user448,2025-07-22T15:09:00,Bengaluru,4
Pothole #5949,Damaged patch,12.961373,77.559868,user449,2025-03-27T11:00:00,Bengaluru,3
Pothole #5950,Needs repair,12.90184,77.583701,user450,2025-04-27T14:05:00,Bengaluru,3
Pothole #5951,Small crack,12.878368,77.646565,user451,2025-05-20T02:12:00,Bengaluru,4
Pothole #5952,Causes skidding,13.030852,77.503862,user452,2025-02-23T03:33:00,Bengaluru,1
Pothole #5953,Needs repair,12.959389,77.715473,user453,2025-02-12T03:07:00,Bengaluru,1
Pothole #5954,Needs repair,12.94095,77.596469,user454,2025-08-08T14:51:00,Bengaluru,1
Pothole #5955,Causes skidding,12.948207,77.598971,user455,2025-09-18T19:09:00,Bengaluru,5
Pothole #5956,Crater-like,12.998436,77.699613,user456,2025-05-04T11:25:00,Bengaluru,2
Pothole #5957,Crater-like,12.985954,77.650311,user457,2025-08-02T07:31:00,Bengaluru,4
Pothole #5958,Causes skidding,12.971267,77.547582,user458,2025-11-28T15:36:00,Bengaluru,5
Pothole #5959,Damaged patch,12.908144,77.56776,user459,2025-03-17T06:11:00,Bengaluru,2
Pothole #5960,Needs repair,12.938733,77.626276,user460,2025-02-12T20:10:00,Bengaluru,3
Pothole #5961,Damaged patch,12.998291,77.642399,user461,2025-06-08T20:52:00,Bengaluru,1
Pothole #5962,Deep hole,12.977729,77.746717,user462,2025-04-16T12:15:00,Bengaluru,3
Pothole #5963,Damaged patch,13.035743,77.570935,user463,2025-02-14T06:54:00,Bengaluru,4
Pothole #5964,Causes skidding,12.971289,77.61564,user464,2025-05-09T10:02:00,Bengaluru,5
Pothole #5965,Needs repair,12.897893,77.572477,user465,2025-08-18T19:14:00,Bengaluru,5
Pothole #5966,Needs repair,12.974766,77.654025,user466,2025-11-12T14:26:00,Bengaluru,1
Pothole #5967,Crater-like,12.954226,77.519267,user467,2025-02-15T14:19:00,Bengaluru,5
Pothole #5968,Small crack,12.989843,77.529589,user468,2025-01-15T15:04:00,Bengaluru,2
Pothole #5969,Causes skidding,13.039696,77.59202,user469,2025-03-22T19:16:00,Bengaluru,4
Pothole #5970,Small crack,13.018003,77.644055,user470,2025-09-12T05:21:00,Bengaluru,3
Pothole #5971,Damaged patch,13.038182,77.573808,user471,2025-02-20T22:15:00,Bengaluru,1
Pothole #5972,Needs repair,12.865422,77.654507,user472,2025-05-16T19:17:00,Bengaluru,2
Pothole #5973,Crater-like,12.857022,77.66518,user473,2025-04-05T08:48:00,Bengaluru,1
Pothole #5974,Deep hole,12.938388,77.724351,user474,2025-07-24T00:54:00,Bengaluru,2
Pothole #5975,Needs repair,12.873035,77.702342,user475,2025-03-04T10:41:00,Bengaluru,2
Pothole #5976,Deep hole,12.891565,77.680809,user476,2025-02-12T21:10:00,Bengaluru,2
Pothole #5977,Deep hole,12.878086,77.573429,user477,2025-10-27T06:04:00,Bengaluru,4
Pothole #5978,Crater-like,12.974063,77.600103,user478,2025-06-09T14:33:00,Bengaluru,5
Pothole #5979,Small crack,12.944121,77.743395,user479,2025-03-03T22:07:00,Bengaluru,5
Pothole #5980,Causes skidding,12.988179,77.700086,user480,2025-04-07T02:38:00,Bengaluru,5
Pothole #5981,Small crack,13.047542,77.553941,user481,2025-05-02T23:29:00,Bengaluru,4
Pothole #5982,Damaged patch,12.8563,77.704176,user482,2025-10-04T20:49:00,Bengaluru,4
Pothole #5983,Crater-like,12.970137,77.611236,user483,2025-10-17T23:03:00,Bengaluru,4
Pothole #5984,Deep hole,13.026153,77.562982,user484,2025-02-21T02:24:00,Bengaluru,2
Pothole #5985,Small crack,12.946737,77.697815,user485,2025-06-09T17:54:00,Bengaluru,2
Pothole #5986,Crater-like,12.878958,77.594243,user486,2025-04-27T06:06:00,Bengaluru,4
Pothole #5987,Causes skidding,12.858558,77.672015,user487,2025-09-12T19:28:00,Bengaluru,2
Pothole #5988,Damaged patch,12.885725,77.589658,user488,2025-11-07T05:22:00,Bengaluru,5
Pothole #5989,Deep hole,13.037586,77.587715,user489,2025-02-27T18:11:00,Bengaluru,2
Pothole #5990,Deep hole,12.899574,77.595672,user490,2025-09-25T20:29:00,Bengaluru,2
Pothole #5991,Damaged patch,12.881296,77.567651,user491,2025-08-02T16:49:00,Bengaluru,3
Pothole #5992,Causes skidding,12.959164,77.729932,user492,2025-08-24T18:31:00,Bengaluru,5
Pothole #5993,Damaged patch,12.856043,77.529209,user493,2025-06-23T14:24:00,Bengaluru,4
Pothole #5994,Causes skidding,12.929202,77.720468,user494,2025-01-10T07:28:00,Bengaluru,2
Pothole #5995,Small crack,12.87709,77.505698,user495,2025-03-13T04:12:00,Bengaluru,5
Pothole #5996,Crater-like,12.861575,77.648461,user496,2025-10-16T19:44:00,Bengaluru,4
Pothole #5997,Needs repair,12.951087,77.560844,user497,2025-03-19T13:59:00,Bengaluru,5
Pothole #5998,Crater-like,12.85214,77.582622,user498,2025-04-21T19:17:00,Bengaluru,1
Pothole #5999,Causes skidding,13.036158,77.613488,user499,2025-07-28T06:04:00,Bengaluru,3
Pothole #6000,Damaged patch,12.998001,77.676778,user0,2025-04-07T19:53:00,Bengaluru,5
Pothole #6001,Needs repair,12.926035,77.571648,user1,2025-01-25T14:51:00,Bengaluru,2
Pothole #6002,Deep hole,12.974338,77.71042,user2,2025-08-28T06:54:00,Bengaluru,3
Pothole #6003,Damaged patch,12.872313,77.609098,user3,2025-06-20T18:42:00,Bengaluru,1
Pothole #6004,Needs repair,12.87381,77.519769,user4,2025-09-02T17:32:00,Bengaluru,1
Pothole #6005,Damaged patch,13.026697,77.607457,user5,2025-03-14T07:29:00,Bengaluru,2
Pothole #6006,Damaged patch,12.867425,77.541796,user6,2025-05-21T00:04:00,Bengaluru,3
Pothole #6007,Small crack,12.948803,77.51554,user7,2025-04-10T01:20:00,Bengaluru,4
Pothole #6008,Deep hole,12.987993,77.697827,user8,2025-08-03T08:43:00,Bengaluru,5
Pothole #6009,Crater-like,12.983409,77.523394,user9,2025-04-16T03:48:00,Bengaluru,5
Pothole #6010,Damaged patch,12.936195,77.554138,user10,2025-06-03T16:16:00,Bengaluru,1
Pothole #6011,Causes skidding,12.885311,77.503205,user11,2025-01-19T18:26:00,Bengaluru,1
Pothole #6012,Causes skidding,12.85203,77.560395,user12,2025-02-03T21:24:00,Bengaluru,1
Pothole #6013,Causes skidding,12.85271,77.617946,user13,2025-03-01T05:20:00,Bengaluru,3
Pothole #6014,Deep hole,12.850737,77.591221,user14,2025-09-11T13:13:00,Bengaluru,1
Pothole #6015,Needs repair,13.021815,77.639848,user15,2025-05-09T05:32:00,Bengaluru,2
Pothole #6016,Damaged patch,13.010481,77.695304,user16,2025-07-03T20:06:00,Bengaluru,1
Pothole #6017,Damaged patch,12.982589,77.534467,user17,2025-11-22T01:22:00,Bengaluru,1
Pothole #6018,Deep hole,13.045761,77.587535,user18,2025-03-14T15:22:00,Bengaluru,4
Pothole #6019,Crater-like,12.883549,77.615846,user19,2025-05-23T09:37:00,Bengaluru,5
Pothole #6020,Crater-like,13.008787,77.506318,user20,2025-06-19T11:27:00,Bengaluru,3
Pothole #6021,Crater-like,12.99848,77.514224,user21,2025-06-24T10:58:00,Bengaluru,4
Pothole #6022,Crater-like,13.022425,77.651972,user22,2025-04-12T09:18:00,Bengaluru,3
Pothole #6023,Deep hole,13.028605,77.550268,user23,2025-04-21T09:05:00,Bengaluru,2
Pothole #6024,Needs repair,12.978139,77.692986,user24,2025-06-22T10:25:00,Bengaluru,1
Pothole #6025,Crater-like,12.902009,77.63642,user25,2025-04-02T09:58:00,Bengaluru,3
Pothole #6026,Needs repair,12.979332,77.536041,user26,2025-10-17T09:11:00,Bengaluru,4
Pothole #6027,Deep hole,12.949705,77.563073,user27,2025-08-20T14:34:00,Bengaluru,5
Pothole #6028,Causes skidding,12.98169,77.671663,user28,2025-05-22T21:00:00,Bengaluru,4
Pothole #6029,Damaged patch,12.85519,77.593261,user29,2025-08-04T13:01:00,Bengaluru,5
Pothole #6030,Damaged patch,12.976261,77.731145,user30,2025-11-06T21:49:00,Bengaluru,5
Pothole #6031,Causes skidding,13.032859,77.687917,user31,2025-01-26T15:01:00,Bengaluru,1
Pothole #6032,Deep hole,12.908611,77.585919,user32,2025-02-16T12:09:00,Bengaluru,1
Pothole #6033,Small crack,12.94397,77.629016,user33,2025-09-27T21:26:00,Bengaluru,2
Pothole #6034,Crater-like,12.974269,77.737542,user34,2025-11-06T23:38:00,Bengaluru,3
Pothole #6035,Deep hole,12.874167,77.743255,user35,2025-06-13T03:32:00,Bengaluru,4
Pothole #6036,Crater-like,12.859173,77.691036,user36,2025-06-27T20:35:00,Bengaluru,1
Pothole #6037,Causes skidding,13.027163,77.730023,user37,2025-05-09T20:28:00,Bengaluru,3
Pothole #6038,Causes skidding,12.926341,77.685993,user38,2025-05-22T01:12:00,Bengaluru,5
Pothole #6039,Causes skidding,12.933674,77.684935,user39,2025-05-27T16:42:00,Bengaluru,2
Pothole #6040,Needs repair,12.883546,77.645555,user40,2025-05-28T19:35:00,Bengaluru,3
Pothole #6041,Causes skidding,12.926089,77.723424,user41,2025-03-15T00:56:00,Bengaluru,5
Pothole #6042,Damaged patch,12.873731,77.515374,user42,2025-03-10T02:49:00,Bengaluru,3
Pothole #6043,Causes skidding,12.9985,77.532245,user43,2025-03-12T11:22:00,Bengaluru,1
Pothole #6044,Small crack,13.011988,77.681001,user44,2025-06-10T05:20:00,Bengaluru,4
Pothole #6045,Small crack,12.995187,77.528256,user45,2025-02-03T16:11:00,Bengaluru,1
Pothole #6046,Deep hole,12.981229,77.588693,user46,2025-11-17T01:21:00,Bengaluru,1
Pothole #6047,Crater-like,12.882094,77.555425,user47,2025-06-08T06:18:00,Bengaluru,2
Pothole #6048,Crater-like,12.977952,77.723961,user48,2025-09-15T17:30:00,Bengaluru,4
Pothole #6049,Damaged patch,13.010902,77.619979,user49,2025-05-14T11:24:00,Bengaluru,5
Pothole #6050,Crater-like,13.017673,77.670756,user50,2025-11-16T08:12:00,Bengaluru,4
Pothole #6051,Deep hole,12.914483,77.540739,user51,2025-11-01T20:37:00,Bengaluru,2
Pothole #6052,Needs repair,12.944258,77.572984,user52,2025-08-20T18:04:00,Bengaluru,2
Pothole #6053,Small crack,12.943223,77.679188,user53,2025-08-21T13:47:00,Bengaluru,1
Pothole #6054,Small crack,12.856329,77.647911,user54,2025-11-04T12:22:00,Bengaluru,3
Pothole #6055,Small crack,12.967146,77.621874,user55,2025-05-12T04:35:00,Bengaluru,4
Pothole #6056,Needs repair,12.863244,77.687209,user56,2025-08-08T21:16:00,Bengaluru,4
Pothole #6057,Causes skidding,13.04129,77.696706,user57,2025-04-25T18:15:00,Bengaluru,3
Pothole #6058,Small crack,12.879121,77.556784,user58,2025-09-14T10:51:00,Bengaluru,5
Pothole #6059,Causes skidding,12.850265,77.589982,user59,2025-07-12T12:33:00,Bengaluru,4
Pothole #6060,Needs repair,12.962916,77.631912,user60,2025-05-14T01:41:00,Bengaluru,1
Pothole #6061,Deep hole,12.90378,77.533759,user61,2025-08-14T00:55:00,Bengaluru,5
Pothole #6062,Needs repair,13.049372,77.547703,user62,2025-06-14T16:39:00,Bengaluru,5
Pothole #6063,Causes skidding,12.952442,77.666044,user63,2025-10-15T04:15:00,Bengaluru,5
Pothole #6064,Deep hole,13.003933,77.660932,user64,2025-02-10T17:13:00,Bengaluru,4
Pothole #6065,Needs repair,12.859401,77.71638,user65,2025-05-07T01:35:00,Bengaluru,2
Pothole #6066,Needs repair,13.006586,77.553139,user66,2025-04-14T22:24:00,Bengaluru,3
Pothole #6067,Small crack,12.993943,77.722504,user67,2025-11-25T16:45:00,Bengaluru,1
Pothole #6068,Crater-like,12.926166,77.663333,user68,2025-11-07T13:46:00,Bengaluru,1
Pothole #6069,Crater-like,12.904381,77.713206,user69,2025-04-24T20:04:00,Bengaluru,4
Pothole #6070,Deep hole,12.983021,77.531852,user70,2025-07-10T13:54:00,Bengaluru,3
Pothole #6071,Causes skidding,12.901788,77.714783,user71,2025-02-11T12:02:00,Bengaluru,5
Pothole #6072,Deep hole,12.899796,77.734832,user72,2025-04-10T22:22:00,Bengaluru,1
Pothole #6073,Crater-like,13.007031,77.652231,user73,2025-08-27T10:50:00,Bengaluru,3
Pothole #6074,Damaged patch,12.97178,77.518691,user74,2025-03-14T20:19:00,Bengaluru,4
Pothole #6075,Deep hole,12.995229,77.659505,user75,2025-04-14T17:48:00,Bengaluru,3
Pothole #6076,Needs repair,12.887222,77.645413,user76,2025-07-04T18:19:00,Bengaluru,4
Pothole #6077,Small crack,13.013939,77.6531,user77,2025-10-21T11:49:00,Bengaluru,2
Pothole #6078,Damaged patch,12.983733,77.587113,user78,2025-01-01T14:33:00,Bengaluru,2
Pothole #6079,Causes skidding,12.896575,77.654195,user79,2025-02-05T12:41:00,Bengaluru,1
Pothole #6080,Causes skidding,12.921331,77.602099,user80,2025-02-02T13:40:00,Bengaluru,5
Pothole #6081,Crater-like,13.026106,77.707904,user81,2025-06-25T19:31:00,Bengaluru,2
Pothole #6082,Deep hole,13.029281,77.741007,user82,2025-01-19T17:36:00,Bengaluru,3
Pothole #6083,Deep hole,13.012603,77.567447,user83,2025-04-08T21:38:00,Bengaluru,4
Pothole #6084,Deep hole,12.900391,77.513945,user84,2025-01-07T23:14:00,Bengaluru,5
Pothole #6085,Small crack,13.049558,77.684321,user85,2025-08-23T12:02:00,Bengaluru,5
Pothole #6086,Crater-like,13.040322,77.739719,user86,2025-06-14T07:09:00,Bengaluru,4
Pothole #6087,Crater-like,12.923188,77.564692,user87,2025-06-13T08:37:00,Bengaluru,2
Pothole #6088,Crater-like,12.893414,77.679241,user88,2025-01-15T18:08:00,Bengaluru,5
Pothole #6089,Causes skidding,12.854057,77.551764,user89,2025-01-13T08:37:00,Bengaluru,3
Pothole #6090,Causes skidding,12.942087,77.744258,user90,2025-10-14T13:07:00,Bengaluru,3
Pothole #6091,Small crack,12.852861,77.570622,user91,2025-08-01T12:28:00,Bengaluru,4
Pothole #6092,Needs repair,12.884386,77.705358,user92,2025-11-09T02:29:00,Bengaluru,4
Pothole #6093,Crater-like,12.947637,77.687808,user93,2025-04-21T19:53:00,Bengaluru,5
Pothole #6094,Causes skidding,12.954501,77.551754,user94,2025-07-12T14:35:00,Bengaluru,2
Pothole #6095,Crater-like,13.004993,77.708444,user95,2025-03-26T12:59:00,Bengaluru,5
Pothole #6096,Deep hole,12.86577,77.539141,user96,2025-04-06T01:24:00,Bengaluru,1
Pothole #6097,Small crack,12.938398,77.571775,user97,2025-11-14T05:58:00,Bengaluru,4
Pothole #6098,Deep hole,12.927636,77.505955,user98,2025-07-13T10:06:00,Bengaluru,1
Pothole #6099,Crater-like,12.881283,77.570582,user99,2025-02-16T10:07:00,Bengaluru,4
Pothole #6100,Small crack,12.956478,77.745176,user100,2025-04-17T19:10:00,Bengaluru,2
Pothole #6101,Damaged patch,12.968358,77.738111,user101,2025-05-27T03:16:00,Bengaluru,5
Pothole #6102,Damaged patch,13.023506,77.580173,user102,2025-10-02T23:13:00,Bengaluru,2
Pothole #6103,Causes skidding,12.979513,77.504633,user103,2025-01-10T12:16:00,Bengaluru,1
Pothole #6104,Small crack,12.936059,77.541017,user104,2025-01-19T04:46:00,Bengaluru,4
Pothole #6105,Small crack,12.976695,77.707521,user105,2025-06-23T07:52:00,Bengaluru,3
Pothole #6106,Damaged patch,12.933929,77.558723,user106,2025-01-09T00:02:00,Bengaluru,5
Pothole #6107,Small crack,12.903323,77.510864,user107,2025-11-02T13:20:00,Bengaluru,4
Pothole #6108,Needs repair,12.861481,77.563307,user108,2025-10-09T00:13:00,Bengaluru,1
Pothole #6109,Crater-like,12.910242,77.671733,user109,2025-11-02T21:54:00,Bengaluru,5
Pothole #6110,Causes skidding,13.024168,77.614601,user110,2025-09-03T17:50:00,Bengaluru,1
Pothole #6111,Deep hole,13.02613,77.60993,user111,2025-07-14T16:58:00,Bengaluru,2
Pothole #6112,Deep hole,12.984534,77.55879,user112,2025-07-07T06:13:00,Bengaluru,1
Pothole #6113,Causes skidding,12.9227,77.638659,user113,2025-03-14T17:05:00,Bengaluru,1
Pothole #6114,Deep hole,13.048289,77.708286,user114,2025-09-02T13:58:00,Bengaluru,1
Pothole #6115,Deep hole,12.937404,77.661396,user115,2025-11-06T23:44:00,Bengaluru,1
Pothole #6116,Small crack,12.95332,77.670634,user116,2025-08-11T13:37:00,Bengaluru,4
Pothole #6117,Deep hole,13.028289,77.652418,user117,2025-10-04T22:18:00,Bengaluru,5
Pothole #6118,Causes skidding,12.985397,77.561189,user118,2025-01-15T09:31:00,Bengaluru,3
Pothole #6119,Deep hole,13.023121,77.508926,user119,2025-08-03T10:16:00,Bengaluru,4
Pothole #6120,Damaged patch,12.948585,77.516161,user120,2025-02-03T03:43:00,Bengaluru,3
Pothole #6121,Small crack,12.971648,77.713483,user121,2025-04-15T15:33:00,Bengaluru,1
Pothole #6122,Causes skidding,12.867335,77.723474,user122,2025-09-10T09:25:00,Bengaluru,4
Pothole #6123,Crater-like,12.991628,77.684071,user123,2025-02-20T07:37:00,Bengaluru,3
Pothole #6124,Damaged patch,13.000057,77.600603,user124,2025-07-13T03:37:00,Bengaluru,1
Pothole #6125,Damaged patch,12.95773,77.541628,user125,2025-02-04T06:54:00,Bengaluru,4
Pothole #6126,Crater-like,12.873797,77.54103,user126,2025-03-06T04:25:00,Bengaluru,1
Pothole #6127,Small crack,12.890958,77.672885,user127,2025-10-26T21:01:00,Bengaluru,1
Pothole #6128,Deep hole,12.986747,77.542053,user128,2025-10-01T01:21:00,Bengaluru,1
Pothole #6129,Causes skidding,12.877796,77.500232,user129,2025-08-28T04:13:00,Bengaluru,3
Pothole #6130,Deep hole,12.918833,77.659213,user130,2025-11-25T15:57:00,Bengaluru,4
Pothole #6131,Small crack,12.948885,77.659059,user131,2025-06-05T11:49:00,Bengaluru,5
Pothole #6132,Deep hole,12.97423,77.741766,user132,2025-10-04T09:23:00,Bengaluru,2
Pothole #6133,Damaged patch,12.935628,77.553101,user133,2025-02-23T18:50:00,Bengaluru,3
Pothole #6134,Crater-like,12.986814,77.529327,user134,2025-07-02T08:28:00,Bengaluru,4
Pothole #6135,Crater-like,12.956728,77.698008,user135,2025-05-25T14:58:00,Bengaluru,1
Pothole #6136,Needs repair,12.853117,77.749245,user136,2025-08-20T08:39:00,Bengaluru,3
Pothole #6137,Damaged patch,12.963164,77.699145,user137,2025-07-13T09:06:00,Bengaluru,4
Pothole #6138,Needs repair,13.031415,77.596403,user138,2025-07-16T22:35:00,Bengaluru,1
Pothole #6139,Deep hole,12.945625,77.59781,user139,2025-01-02T14:27:00,Bengaluru,5
Pothole #6140,Small crack,13.019274,77.725481,user140,2025-07-22T23:53:00,Bengaluru,2
Pothole #6141,Damaged patch,12.857194,77.664009,user141,2025-01-01T21:28:00,Bengaluru,3
Pothole #6142,Deep hole,12.953728,77.616361,user142,2025-05-18T00:10:00,Bengaluru,3
Pothole #6143,Needs repair,12.871592,77.687455,user143,2025-07-25T19:00:00,Bengaluru,2
Pothole #6144,Crater-like,12.87581,77.528841,user144,2025-05-05T11:21:00,Bengaluru,1
Pothole #6145,Crater-like,13.034267,77.584957,user145,2025-02-16T17:55:00,Bengaluru,2
Pothole #6146,Crater-like,12.934597,77.628687,user146,2025-06-21T16:55:00,Bengaluru,4
Pothole #6147,Needs repair,12.930412,77.535758,user147,2025-02-28T15:53:00,Bengaluru,5
Pothole #6148,Needs repair,12.942473,77.677662,user148,2025-03-27T04:33:00,Bengaluru,4
Pothole #6149,Crater-like,13.036185,77.745662,user149,2025-06-05T14:33:00,Bengaluru,5
Pothole #6150,Crater-like,12.942327,77.696231,user150,2025-02-03T00:59:00,Bengaluru,2
Pothole #6151,Deep hole,12.950688,77.652085,user151,2025-01-04T23:41:00,Bengaluru,2
Pothole #6152,Small crack,12.903812,77.685152,user152,2025-11-17T02:08:00,Bengaluru,1
Pothole #6153,Small crack,12.939985,77.627825,user153,2025-02-20T04:28:00,Bengaluru,3
Pothole #6154,Causes skidding,13.017488,77.733873,user154,2025-05-27T13:10:00,Bengaluru,4
Pothole #6155,Deep hole,12.96601,77.6873,user155,2025-08-19T12:31:00,Bengaluru,2
Pothole #6156,Damaged patch,12.951278,77.667338,user156,2025-07-15T04:03:00,Bengaluru,3
Pothole #6157,Crater-like,12.874342,77.668028,user157,2025-03-08T18:14:00,Bengaluru,1
Pothole #6158,Crater-like,13.027236,77.506026,user158,2025-07-28T00:18:00,Bengaluru,1
Pothole #6159,Small crack,12.924254,77.582017,user159,2025-11-22T14:42:00,Bengaluru,4
Pothole #6160,Needs repair,13.00835,77.54251,user160,2025-05-13T08:13:00,Bengaluru,2
Pothole #6161,Small crack,13.007841,77.582171,user161,2025-06-23T13:16:00,Bengaluru,3
Pothole #6162,Needs repair,12.910683,77.625083,user162,2025-03-20T13:00:00,Bengaluru,3
Pothole #6163,Crater-like,12.927513,77.528518,user163,2025-04-12T20:17:00,Bengaluru,4
Pothole #6164,Needs repair,12.896393,77.68103,user164,2025-08-25T07:55:00,Bengaluru,1
Pothole #6165,Needs repair,12.873923,77.687075,user165,2025-11-12T16:30:00,Bengaluru,3
Pothole #6166,Small crack,12.854295,77.687188,user166,2025-02-08T20:46:00,Bengaluru,3
Pothole #6167,Damaged patch,12.985909,77.605401,user167,2025-04-07T05:15:00,Bengaluru,4
Pothole #6168,Deep hole,13.015583,77.544892,user168,2025-11-10T00:35:00,Bengaluru,5
Pothole #6169,Crater-like,12.884755,77.682261,user169,2025-10-22T09:20:00,Bengaluru,4
Pothole #6170,Needs repair,13.032034,77.680608,user170,2025-07-25T14:56:00,Bengaluru,2
Pothole #6171,Crater-like,12.947764,77.735752,user171,2025-03-09T10:54:00,Bengaluru,3
Pothole #6172,Causes skidding,12.880978,77.655615,user172,2025-11-16T18:35:00,Bengaluru,4
Pothole #6173,Needs repair,12.906504,77.691246,user173,2025-01-17T13:43:00,Bengaluru,2
Pothole #6174,Deep hole,12.945253,77.667489,user174,2025-02-17T22:54:00,Bengaluru,2
Pothole #6175,Crater-like,12.964237,77.590932,user175,2025-10-21T17:39:00,Bengaluru,5
Pothole #6176,Small crack,12.901696,77.52492,user176,2025-11-18T14:09:00,Bengaluru,4
Pothole #6177,Damaged patch,12.906238,77.500123,user177,2025-10-11T17:01:00,Bengaluru,1
Pothole #6178,Damaged patch,12.920049,77.704728,user178,2025-03-06T02:35:00,Bengaluru,5
Pothole #6179,Damaged patch,12.853315,77.669216,user179,2025-11-07T01:17:00,Bengaluru,2
Pothole #6180,Small crack,13.015841,77.604747,user180,2025-06-12T16:25:00,Bengaluru,5
Pothole #6181,Small crack,12.954473,77.737393,user181,2025-04-21T06:40:00,Bengaluru,5
Pothole #6182,Damaged patch,12.967538,77.59684,user182,2025-11-20T15:07:00,Bengaluru,1
Pothole #6183,Small crack,12.851618,77.621465,user183,2025-07-03T13:16:00,Bengaluru,4
Pothole #6184,Damaged patch,12.981324,77.650556,user184,2025-06-07T15:11:00,Bengaluru,2
Pothole #6185,Damaged patch,12.972114,77.632646,user185,2025-05-02T12:52:00,Bengaluru,2
Pothole #6186,Deep hole,12.876251,77.588394,user186,2025-08-06T23:29:00,Bengaluru,4
Pothole #6187,Crater-like,12.971807,77.692366,user187,2025-07-10T15:24:00,Bengaluru,4
Pothole #6188,Small crack,12.970379,77.715778,user188,2025-06-19T15:13:00,Bengaluru,4
Pothole #6189,Crater-like,12.869265,77.562473,user189,2025-04-24T05:10:00,Bengaluru,4
Pothole #6190,Deep hole,12.850038,77.65862,user190,2025-05-12T23:38:00,Bengaluru,3
Pothole #6191,Crater-like,12.859908,77.677372,user191,2025-02-11T17:20:00,Bengaluru,3
Pothole #6192,Damaged patch,12.877812,77.724969,user192,2025-02-22T20:35:00,Bengaluru,3
Pothole #6193,Deep hole,12.862152,77.668057,user193,2025-11-07T06:23:00,Bengaluru,5
Pothole #6194,Needs repair,13.010535,77.748202,user194,2025-08-22T18:17:00,Bengaluru,1
Pothole #6195,Crater-like,13.026398,77.688301,user195,2025-06-05T00:58:00,Bengaluru,4
Pothole #6196,Crater-like,13.017368,77.595855,user196,2025-11-25T01:10:00,Bengaluru,5
Pothole #6197,Deep hole,12.861824,77.673263,user197,2025-07-24T17:50:00,Bengaluru,4
Pothole #6198,Small crack,12.994703,77.562425,user198,2025-06-14T05:19:00,Bengaluru,5
Pothole #6199,Causes skidding,12.921318,77.59712,user199,2025-08-16T08:59:00,Bengaluru,2
Pothole #6200,Causes skidding,13.044662,77.674261,user200,2025-07-07T10:36:00,Bengaluru,4
Pothole #6201,Crater-like,13.016636,77.610383,user201,2025-07-18T12:20:00,Bengaluru,5
Pothole #6202,Crater-like,12.866773,77.519566,user202,2025-11-12T07:12:00,Bengaluru,3
Pothole #6203,Damaged patch,12.915746,77.545164,user203,2025-06-08T03:47:00,Bengaluru,1
Pothole #6204,Crater-like,13.025828,77.656813,user204,2025-02-11T18:27:00,Bengaluru,1
Pothole #6205,Small crack,12.888015,77.504542,user205,2025-06-14T04:26:00,Bengaluru,4
Pothole #6206,Crater-like,12.998308,77.581374,user206,2025-11-09T15:16:00,Bengaluru,1
Pothole #6207,Damaged patch,13.03764,77.500607,user207,2025-11-19T12:19:00,Bengaluru,2
Pothole #6208,Causes skidding,13.007439,77.560998,user208,2025-08-14T02:33:00,Bengaluru,2
Pothole #6209,Crater-like,13.047652,77.562279,user209,2025-11-05T07:04:00,Bengaluru,3
Pothole #6210,Deep hole,12.920893,77.64587,user210,2025-06-09T10:09:00,Bengaluru,5
Pothole #6211,Crater-like,12.936831,77.629886,user211,2025-04-17T12:03:00,Bengaluru,4
Pothole #6212,Causes skidding,12.929409,77.569911,user212,2025-02-09T18:25:00,Bengaluru,1
Pothole #6213,Damaged patch,12.920847,77.702845,user213,2025-01-15T23:22:00,Bengaluru,4
Pothole #6214,Needs repair,13.020953,77.681084,user214,2025-01-13T12:46:00,Bengaluru,2
Pothole #6215,Causes skidding,12.959484,77.734569,user215,2025-07-25T17:46:00,Bengaluru,1
Pothole #6216,Damaged patch,12.897904,77.50944,user216,2025-04-02T00:56:00,Bengaluru,1
Pothole #6217,Small crack,12.872715,77.5982,user217,2025-08-14T13:58:00,Bengaluru,4
Pothole #6218,Deep hole,12.982891,77.57796,user218,2025-06-24T01:41:00,Bengaluru,2
Pothole #6219,Deep hole,13.047062,77.534526,user219,2025-06-17T01:34:00,Bengaluru,4
Pothole #6220,Small crack,12.927461,77.686522,user220,2025-07-27T22:15:00,Bengaluru,2
Pothole #6221,Deep hole,12.964492,77.61295,user221,2025-10-28T14:24:00,Bengaluru,1
Pothole #6222,Small crack,13.011429,77.625931,user222,2025-05-09T06:21:00,Bengaluru,3
Pothole #6223,Small crack,12.881069,77.665425,user223,2025-08-02T01:55:00,Bengaluru,5
Pothole #6224,Damaged patch,12.920695,77.650119,user224,2025-08-02T09:35:00,Bengaluru,4
Pothole #6225,Causes skidding,12.852051,77.685894,user225,2025-06-09T18:45:00,Bengaluru,4
Pothole #6226,Causes skidding,12.959509,77.501775,user226,2025-01-09T06:20:00,Bengaluru,4
Pothole #6227,Causes skidding,12.937359,77.550809,user227,2025-04-11T15:50:00,Bengaluru,1
Pothole #6228,Crater-like,13.030162,77.657307,user228,2025-02-27T12:41:00,Bengaluru,1
Pothole #6229,Causes skidding,13.0089,77.632383,user229,2025-11-08T18:33:00,Bengaluru,4
Pothole #6230,Deep hole,12.992437,77.607645,user230,2025-11-05T02:25:00,Bengaluru,4
Pothole #6231,Needs repair,12.885821,77.562908,user231,2025-06-27T14:03:00,Bengaluru,4
Pothole #6232,Small crack,12.92657,77.696063,user232,2025-11-10T10:54:00,Bengaluru,1
Pothole #6233,Crater-like,12.961457,77.670071,user233,2025-06-09T14:56:00,Bengaluru,4
Pothole #6234,Deep hole,13.025608,77.608881,user234,2025-05-21T04:22:00,Bengaluru,2
Pothole #6235,Needs repair,13.012874,77.644098,user235,2025-04-10T02:45:00,Bengaluru,4
Pothole #6236,Crater-like,12.872143,77.527075,user236,2025-04-11T01:54:00,Bengaluru,2
Pothole #6237,Damaged patch,13.043227,77.512018,user237,2025-11-02T15:09:00,Bengaluru,2
Pothole #6238,Crater-like,12.893274,77.596237,user238,2025-04-01T08:30:00,Bengaluru,1
Pothole #6239,Causes skidding,12.974295,77.56222,user239,2025-01-12T13:50:00,Bengaluru,3
Pothole #6240,Needs repair,13.026569,77.516717,user240,2025-05-22T17:36:00,Bengaluru,1
Pothole #6241,Crater-like,12.918142,77.658812,user241,2025-09-08T02:26:00,Bengaluru,2
Pothole #6242,Damaged patch,12.922982,77.583866,user242,2025-04-19T08:19:00,Bengaluru,5
Pothole #6243,Deep hole,12.927932,77.581886,user243,2025-10-14T02:24:00,Bengaluru,5
Pothole #6244,Small crack,12.965068,77.646006,user244,2025-01-02T20:22:00,Bengaluru,3
Pothole #6245,Crater-like,12.962596,77.644597,user245,2025-07-01T14:07:00,Bengaluru,5
Pothole #6246,Deep hole,12.884039,77.559637,user246,2025-03-23T15:46:00,Bengaluru,4
Pothole #6247,Crater-like,13.014612,77.695517,user247,2025-01-19T05:31:00,Bengaluru,4
Pothole #6248,Needs repair,13.018506,77.72967,user248,2025-03-17T08:52:00,Bengaluru,1
Pothole #6249,Causes skidding,12.918987,77.591722,user249,2025-02-21T22:55:00,Bengaluru,5
Pothole #6250,Deep hole,12.944593,77.517468,user250,2025-02-18T22:26:00,Bengaluru,5
Pothole #6251,Deep hole,12.86335,77.558303,user251,2025-11-14T23:51:00,Bengaluru,5
Pothole #6252,Crater-like,13.023199,77.666364,user252,2025-03-05T12:07:00,Bengaluru,2
Pothole #6253,Causes skidding,12.940773,77.545599,user253,2025-08-04T07:20:00,Bengaluru,2
Pothole #6254,Causes skidding,13.032911,77.735876,user254,2025-05-06T21:57:00,Bengaluru,5
Pothole #6255,Needs repair,12.863091,77.585081,user255,2025-02-24T01:42:00,Bengaluru,4
Pothole #6256,Small crack,12.87048,77.644349,user256,2025-05-02T08:57:00,Bengaluru,1
Pothole #6257,Small crack,12.917787,77.601331,user257,2025-07-03T12:56:00,Bengaluru,4
Pothole #6258,Deep hole,12.943773,77.520129,user258,2025-05-26T16:22:00,Bengaluru,5
Pothole #6259,Needs repair,12.853933,77.67079,user259,2025-10-03T08:32:00,Bengaluru,5
Pothole #6260,Crater-like,13.007776,77.616251,user260,2025-11-27T07:51:00,Bengaluru,1
Pothole #6261,Small crack,12.920996,77.538987,user261,2025-01-06T11:49:00,Bengaluru,5
Pothole #6262,Needs repair,12.909907,77.648539,user262,2025-08-22T14:06:00,Bengaluru,1
Pothole #6263,Causes skidding,12.867221,77.511326,user263,2025-08-23T23:11:00,Bengaluru,2
Pothole #6264,Needs repair,12.961559,77.605607,user264,2025-03-15T23:08:00,Bengaluru,5
Pothole #6265,Causes skidding,12.911302,77.713772,user265,2025-08-04T01:40:00,Bengaluru,1
Pothole #6266,Needs repair,12.963566,77.636513,user266,2025-05-18T17:05:00,Bengaluru,5
Pothole #6267,Small crack,13.01789,77.688856,user267,2025-07-23T22:06:00,Bengaluru,5
Pothole #6268,Crater-like,12.873856,77.748594,user268,2025-03-15T15:58:00,Bengaluru,4
Pothole #6269,Small crack,12.997557,77.620005,user269,2025-10-28T18:04:00,Bengaluru,4
Pothole #6270,Deep hole,12.971552,77.682524,user270,2025-09-28T00:13:00,Bengaluru,3
Pothole #6271,Damaged patch,12.929751,77.635906,user271,2025-06-05T17:13:00,Bengaluru,1
Pothole #6272,Causes skidding,12.96373,77.59598,user272,2025-10-15T04:43:00,Bengaluru,5
Pothole #6273,Damaged patch,13.000657,77.590252,user273,2025-04-15T14:40:00,Bengaluru,5
Pothole #6274,Crater-like,12.865,77.590749,user274,2025-03-03T15:23:00,Bengaluru,2
Pothole #6275,Causes skidding,12.869957,77.733393,user275,2025-11-05T17:59:00,Bengaluru,4
Pothole #6276,Crater-like,12.884002,77.708311,user276,2025-02-23T15:54:00,Bengaluru,5
Pothole #6277,Causes skidding,12.883382,77.736065,user277,2025-09-22T20:41:00,Bengaluru,5
Pothole #6278,Needs repair,12.893481,77.630027,user278,2025-02-13T03:36:00,Bengaluru,2
Pothole #6279,Needs repair,12.884298,77.590797,user279,2025-08-01T20:32:00,Bengaluru,1
Pothole #6280,Needs repair,12.952169,77.519715,user280,2025-05-09T14:16:00,Bengaluru,4
Pothole #6281,Deep hole,12.897235,77.595846,user281,2025-01-03T02:53:00,Bengaluru,3
Pothole #6282,Damaged patch,12.869065,77.681864,user282,2025-08-13T13:08:00,Bengaluru,1
Pothole #6283,Deep hole,13.040744,77.523042,user283,2025-02-26T20:50:00,Bengaluru,4
Pothole #6284,Damaged patch,13.038751,77.560495,user284,2025-03-07T03:46:00,Bengaluru,2
Pothole #6285,Damaged patch,13.025596,77.696682,user285,2025-11-25T06:18:00,Bengaluru,5
Pothole #6286,Deep hole,12.93518,77.72153,user286,2025-03-27T05:07:00,Bengaluru,5
Pothole #6287,Causes skidding,12.885422,77.716931,user287,2025-05-21T21:30:00,Bengaluru,2
Pothole #6288,Causes skidding,12.973277,77.578305,user288,2025-01-27T22:57:00,Bengaluru,1
Pothole #6289,Needs repair,12.897115,77.655098,user289,2025-02-11T14:56:00,Bengaluru,3
Pothole #6290,Crater-like,12.917634,77.600898,user290,2025-01-09T13:29:00,Bengaluru,5
Pothole #6291,Small crack,12.853235,77.603239,user291,2025-06-27T00:51:00,Bengaluru,2
Pothole #6292,Causes skidding,12.892177,77.596012,user292,2025-08-04T22:14:00,Bengaluru,3
Pothole #6293,Needs repair,13.036017,77.671665,user293,2025-09-03T17:10:00,Bengaluru,3
Pothole #6294,Crater-like,13.019557,77.715626,user294,2025-11-06T01:09:00,Bengaluru,3
Pothole #6295,Deep hole,12.93049,77.743048,user295,2025-02-02T18:19:00,Bengaluru,4
Pothole #6296,Deep hole,12.930856,77.557216,user296,2025-04-14T15:41:00,Bengaluru,2
Pothole #6297,Needs repair,12.985634,77.599133,user297,2025-10-05T20:41:00,Bengaluru,3
Pothole #6298,Needs repair,12.879403,77.62409,user298,2025-10-04T19:18:00,Bengaluru,2
Pothole #6299,Causes skidding,12.950619,77.697174,user299,2025-08-01T00:04:00,Bengaluru,3
Pothole #6300,Needs repair,13.027365,77.731678,user300,2025-02-07T02:03:00,Bengaluru,3
Pothole #6301,Deep hole,12.859179,77.617608,user301,2025-07-15T02:39:00,Bengaluru,3
Pothole #6302,Crater-like,12.96233,77.610874,user302,2025-09-04T08:24:00,Bengaluru,1
Pothole #6303,Damaged patch,12.999844,77.500328,user303,2025-03-26T01:32:00,Bengaluru,5
Pothole #6304,Crater-like,12.888478,77.744975,user304,2025-05-08T19:04:00,Bengaluru,4
Pothole #6305,Deep hole,12.874783,77.706745,user305,2025-07-11T14:14:00,Bengaluru,3
Pothole #6306,Needs repair,12.910111,77.713088,user306,2025-03-19T00:24:00,Bengaluru,5
Pothole #6307,Causes skidding,13.011241,77.734646,user307,2025-10-06T20:43:00,Bengaluru,1
Pothole #6308,Needs repair,12.90137,77.654675,user308,2025-07-11T16:26:00,Bengaluru,3
Pothole #6309,Causes skidding,12.856128,77.704349,user309,2025-02-13T12:23:00,Bengaluru,3
Pothole #6310,Causes skidding,12.963275,77.603765,user310,2025-08-12T03:13:00,Bengaluru,1
Pothole #6311,Causes skidding,12.940339,77.683918,user311,2025-04-26T19:25:00,Bengaluru,5
Pothole #6312,Damaged patch,12.961348,77.639073,user312,2025-07-24T16:09:00,Bengaluru,5
Pothole #6313,Damaged patch,12.946897,77.58185,user313,2025-01-15T00:24:00,Bengaluru,5
Pothole #6314,Causes skidding,13.036419,77.548573,user314,2025-11-01T00:30:00,Bengaluru,1
Pothole #6315,Causes skidding,12.89098,77.744615,user315,2025-03-03T16:38:00,Bengaluru,5
Pothole #6316,Crater-like,12.901106,77.667414,user316,2025-04-17T23:10:00,Bengaluru,1
Pothole #6317,Small crack,13.026028,77.550771,user317,2025-11-04T11:12:00,Bengaluru,5
Pothole #6318,Crater-like,12.895353,77.666067,user318,2025-08-25T19:36:00,Bengaluru,1
Pothole #6319,Causes skidding,12.879949,77.655455,user319,2025-10-24T10:23:00,Bengaluru,4
Pothole #6320,Crater-like,12.931498,77.51261,user320,2025-08-10T16:36:00,Bengaluru,4
Pothole #6321,Crater-like,12.99518,77.740737,user321,2025-08-15T03:48:00,Bengaluru,3
Pothole #6322,Small crack,12.948847,77.57105,user322,2025-06-20T04:59:00,Bengaluru,4
Pothole #6323,Causes skidding,13.032579,77.655706,user323,2025-01-25T10:54:00,Bengaluru,2
Pothole #6324,Small crack,13.030878,77.521271,user324,2025-02-02T01:28:00,Bengaluru,4
Pothole #6325,Damaged patch,12.993201,77.684048,user325,2025-01-26T11:09:00,Bengaluru,2
Pothole #6326,Deep hole,12.862581,77.707929,user326,2025-01-02T16:08:00,Bengaluru,3
Pothole #6327,Small crack,12.908578,77.517397,user327,2025-08-14T21:35:00,Bengaluru,3
Pothole #6328,Crater-like,12.869639,77.673051,user328,2025-06-03T03:12:00,Bengaluru,1
Pothole #6329,Needs repair,12.908921,77.63717,user329,2025-07-23T23:32:00,Bengaluru,2
Pothole #6330,Small crack,12.983659,77.569037,user330,2025-11-25T07:28:00,Bengaluru,2
Pothole #6331,Deep hole,13.00275,77.514028,user331,2025-02-01T05:53:00,Bengaluru,4
Pothole #6332,Crater-like,12.899394,77.589063,user332,2025-11-24T12:46:00,Bengaluru,1
Pothole #6333,Small crack,12.935799,77.518967,user333,2025-06-24T23:08:00,Bengaluru,4
Pothole #6334,Small crack,12.954345,77.73276,user334,2025-01-23T09:35:00,Bengaluru,3
Pothole #6335,Causes skidding,12.908775,77.564696,user335,2025-09-06T02:31:00,Bengaluru,4
Pothole #6336,Damaged patch,12.933683,77.593969,user336,2025-08-13T21:31:00,Bengaluru,5
Pothole #6337,Causes skidding,12.865413,77.712668,user337,2025-09-27T05:06:00,Bengaluru,4
Pothole #6338,Damaged patch,12.941621,77.501882,user338,2025-10-26T19:45:00,Bengaluru,1
Pothole #6339,Small crack,12.971365,77.702014,user339,2025-06-14T20:46:00,Bengaluru,2
Pothole #6340,Crater-like,12.973984,77.55939,user340,2025-10-10T08:48:00,Bengaluru,2
Pothole #6341,Damaged patch,13.020412,77.591023,user341,2025-07-17T19:22:00,Bengaluru,1
Pothole #6342,Needs repair,12.885237,77.55134,user342,2025-10-19T13:12:00,Bengaluru,4
Pothole #6343,Crater-like,12.962261,77.590209,user343,2025-05-01T15:56:00,Bengaluru,1
Pothole #6344,Crater-like,12.879301,77.513948,user344,2025-07-03T08:38:00,Bengaluru,1
Pothole #6345,Needs repair,12.966208,77.55777,user345,2025-02-24T23:26:00,Bengaluru,2
Pothole #6346,Small crack,12.875264,77.713759,user346,2025-07-16T19:16:00,Bengaluru,4
Pothole #6347,Needs repair,12.943601,77.720975,user347,2025-11-27T09:28:00,Bengaluru,3
Pothole #6348,Small crack,12.957161,77.503561,user348,2025-04-25T00:15:00,Bengaluru,3
Pothole #6349,Damaged patch,12.888543,77.732759,user349,2025-11-21T05:53:00,Bengaluru,1
Pothole #6350,Damaged patch,12.853186,77.662733,user350,2025-05-16T05:56:00,Bengaluru,4
Pothole #6351,Crater-like,12.984091,77.664019,user351,2025-10-19T13:49:00,Bengaluru,5
Pothole #6352,Causes skidding,12.880379,77.548677,user352,2025-06-17T13:45:00,Bengaluru,5
Pothole #6353,Damaged patch,12.917948,77.638564,user353,2025-07-13T05:28:00,Bengaluru,2
Pothole #6354,Crater-like,13.042864,77.624968,user354,2025-07-04T04:18:00,Bengaluru,4
Pothole #6355,Needs repair,12.947739,77.741782,user355,2025-07-09T03:23:00,Bengaluru,4
Pothole #6356,Deep hole,12.928509,77.668826,user356,2025-09-09T17:16:00,Bengaluru,2
Pothole #6357,Causes skidding,12.912043,77.746986,user357,2025-01-18T00:10:00,Bengaluru,5
Pothole #6358,Needs repair,12.90952,77.572129,user358,2025-08-05T20:38:00,Bengaluru,4
Pothole #6359,Causes skidding,12.957269,77.67648,user359,2025-01-09T14:08:00,Bengaluru,2
Pothole #6360,Needs repair,12.910193,77.613651,user360,2025-07-22T22:58:00,Bengaluru,4
Pothole #6361,Causes skidding,12.99336,77.517198,user361,2025-02-28T17:49:00,Bengaluru,3
Pothole #6362,Causes skidding,13.033371,77.514451,user362,2025-09-04T22:28:00,Bengaluru,4
Pothole #6363,Damaged patch,12.911364,77.625552,user363,2025-01-27T23:37:00,Bengaluru,5
Pothole #6364,Deep hole,12.973589,77.678332,user364,2025-06-22T05:47:00,Bengaluru,5
Pothole #6365,Deep hole,12.969309,77.684074,user365,2025-03-25T21:56:00,Bengaluru,2
Pothole #6366,Small crack,12.926822,77.669127,user366,2025-11-02T23:42:00,Bengaluru,5
Pothole #6367,Causes skidding,13.005091,77.589891,user367,2025-06-22T14:01:00,Bengaluru,3
Pothole #6368,Crater-like,12.870468,77.640272,user368,2025-04-27T13:12:00,Bengaluru,4
Pothole #6369,Needs repair,12.957501,77.702514,user369,2025-10-07T05:20:00,Bengaluru,5
Pothole #6370,Needs repair,13.010025,77.646881,user370,2025-11-25T09:46:00,Bengaluru,5
Pothole #6371,Small crack,13.04665,77.692825,user371,2025-07-09T00:14:00,Bengaluru,5
Pothole #6372,Small crack,12.979464,77.55924,user372,2025-03-13T01:12:00,Bengaluru,3
Pothole #6373,Damaged patch,13.034018,77.709736,user373,2025-06-22T06:54:00,Bengaluru,5
Pothole #6374,Deep hole,12.898055,77.746987,user374,2025-02-03T13:39:00,Bengaluru,4
Pothole #6375,Causes skidding,12.921121,77.551254,user375,2025-04-27T09:13:00,Bengaluru,2
Pothole #6376,Causes skidding,12.979423,77.635633,user376,2025-04-19T14:11:00,Bengaluru,1
Pothole #6377,Causes skidding,12.850423,77.618869,user377,2025-01-22T08:52:00,Bengaluru,5
Pothole #6378,Needs repair,12.922949,77.525641,user378,2025-10-02T14:11:00,Bengaluru,1
Pothole #6379,Damaged patch,12.937713,77.530736,user379,2025-11-07T00:57:00,Bengaluru,5
Pothole #6380,Deep hole,12.933851,77.617534,user380,2025-07-05T00:56:00,Bengaluru,3
Pothole #6381,Causes skidding,13.040831,77.567408,user381,2025-10-08T01:42:00,Bengaluru,4
Pothole #6382,Causes skidding,13.003568,77.712455,user382,2025-07-18T10:20:00,Bengaluru,3
Pothole #6383,Small crack,13.020837,77.670326,user383,2025-09-21T23:02:00,Bengaluru,2
Pothole #6384,Crater-like,12.98143,77.724433,user384,2025-09-05T17:43:00,Bengaluru,4
Pothole #6385,Crater-like,13.018248,77.630101,user385,2025-10-02T00:20:00,Bengaluru,1
Pothole #6386,Damaged patch,12.986126,77.633501,user386,2025-01-09T00:21:00,Bengaluru,4
Pothole #6387,Deep hole,13.000728,77.678892,user387,2025-07-26T19:59:00,Bengaluru,3
Pothole #6388,Small crack,12.878079,77.64589,user388,2025-11-06T13:08:00,Bengaluru,1
Pothole #6389,Damaged patch,12.899378,77.566757,user389,2025-05-13T06:52:00,Bengaluru,2
Pothole #6390,Causes skidding,12.992414,77.53767,user390,2025-11-15T21:15:00,Bengaluru,5
Pothole #6391,Small crack,12.974312,77.519753,user391,2025-10-03T13:59:00,Bengaluru,2
Pothole #6392,Deep hole,12.874291,77.700186,user392,2025-05-13T10:03:00,Bengaluru,2
Pothole #6393,Causes skidding,12.878135,77.747883,user393,2025-07-17T21:19:00,Bengaluru,5
Pothole #6394,Causes skidding,12.951032,77.732755,user394,2025-07-01T21:06:00,Bengaluru,5
Pothole #6395,Damaged patch,12.952631,77.646233,user395,2025-11-24T06:38:00,Bengaluru,5
Pothole #6396,Causes skidding,13.006746,77.736862,user396,2025-07-01T11:37:00,Bengaluru,4
Pothole #6397,Deep hole,13.049258,77.736124,user397,2025-03-19T05:07:00,Bengaluru,1
Pothole #6398,Deep hole,12.891102,77.535221,user398,2025-07-07T16:15:00,Bengaluru,4
Pothole #6399,Small crack,12.903716,77.651171,user399,2025-03-06T02:55:00,Bengaluru,4
Pothole #6400,Crater-like,12.968404,77.700449,user400,2025-09-11T06:04:00,Bengaluru,4
Pothole #6401,Small crack,12.947291,77.506903,user401,2025-02-09T23:51:00,Bengaluru,1
Pothole #6402,Needs repair,12.88693,77.5964,user402,2025-10-24T18:08:00,Bengaluru,3
Pothole #6403,Damaged patch,12.949252,77.579443,user403,2025-09-05T23:13:00,Bengaluru,1
Pothole #6404,Causes skidding,12.906297,77.601164,user404,2025-10-21T15:23:00,Bengaluru,4
Pothole #6405,Deep hole,13.019347,77.607974,user405,2025-04-24T16:45:00,Bengaluru,1
Pothole #6406,Small crack,12.990468,77.686538,user406,2025-09-05T16:34:00,Bengaluru,3
Pothole #6407,Causes skidding,13.038739,77.665983,user407,2025-01-26T20:30:00,Bengaluru,2
Pothole #6408,Damaged patch,12.985656,77.57056,user408,2025-01-18T22:36:00,Bengaluru,4
Pothole #6409,Crater-like,12.890968,77.646173,user409,2025-10-11T09:07:00,Bengaluru,5
Pothole #6410,Causes skidding,12.903088,77.734148,user410,2025-02-07T12:44:00,Bengaluru,5
Pothole #6411,Needs repair,12.883476,77.704211,user411,2025-10-22T06:29:00,Bengaluru,2
Pothole #6412,Needs repair,12.876018,77.708254,user412,2025-03-14T02:26:00,Bengaluru,3
Pothole #6413,Small crack,13.038068,77.605562,user413,2025-06-13T03:12:00,Bengaluru,4
Pothole #6414,Crater-like,12.922675,77.622935,user414,2025-01-15T02:15:00,Bengaluru,3
Pothole #6415,Deep hole,12.972255,77.705675,user415,2025-03-11T07:08:00,Bengaluru,4
Pothole #6416,Damaged patch,12.901293,77.737713,user416,2025-02-27T14:17:00,Bengaluru,3
Pothole #6417,Small crack,13.001113,77.604067,user417,2025-03-24T00:22:00,Bengaluru,4
Pothole #6418,Small crack,12.920023,77.562014,user418,2025-04-11T18:33:00,Bengaluru,3
Pothole #6419,Damaged patch,12.947955,77.69146,user419,2025-11-19T06:15:00,Bengaluru,5
Pothole #6420,Damaged patch,12.975076,77.618944,user420,2025-06-06T08:43:00,Bengaluru,3
Pothole #6421,Small crack,12.851506,77.686989,user421,2025-10-06T02:18:00,Bengaluru,5
Pothole #6422,Crater-like,12.916783,77.729426,user422,2025-06-22T14:45:00,Bengaluru,4
Pothole #6423,Damaged patch,12.944556,77.603124,user423,2025-10-13T13:31:00,Bengaluru,2
Pothole #6424,Small crack,12.902289,77.5739,user424,2025-08-15T12:28:00,Bengaluru,2
Pothole #6425,Needs repair,12.863522,77.554,user425,2025-09-13T04:15:00,Bengaluru,3
Pothole #6426,Causes skidding,13.033579,77.538237,user426,2025-02-07T22:00:00,Bengaluru,4
Pothole #6427,Damaged patch,12.898553,77.636354,user427,2025-11-13T07:38:00,Bengaluru,4
Pothole #6428,Needs repair,12.889587,77.731525,user428,2025-10-10T02:33:00,Bengaluru,5
Pothole #6429,Needs repair,12.874393,77.649602,user429,2025-11-10T04:31:00,Bengaluru,1
Pothole #6430,Needs repair,12.952381,77.712662,user430,2025-09-02T17:01:00,Bengaluru,4
Pothole #6431,Needs repair,13.044541,77.612557,user431,2025-02-18T21:22:00,Bengaluru,4
Pothole #6432,Crater-like,12.958923,77.628291,user432,2025-10-17T06:17:00,Bengaluru,2
Pothole #6433,Damaged patch,13.024393,77.555746,user433,2025-10-14T17:14:00,Bengaluru,3
Pothole #6434,Crater-like,12.893216,77.587047,user434,2025-04-23T13:26:00,Bengaluru,1
Pothole #6435,Small crack,13.026761,77.611246,user435,2025-10-22T20:18:00,Bengaluru,2
Pothole #6436,Causes skidding,12.884584,77.699835,user436,2025-09-26T01:05:00,Bengaluru,4
Pothole #6437,Damaged patch,12.877875,77.630472,user437,2025-09-04T21:15:00,Bengaluru,2
Pothole #6438,Causes skidding,12.974809,77.526925,user438,2025-06-17T18:05:00,Bengaluru,4
Pothole #6439,Damaged patch,12.986459,77.732898,user439,2025-01-08T14:40:00,Bengaluru,2
Pothole #6440,Damaged patch,13.027102,77.732242,user440,2025-06-21T22:49:00,Bengaluru,4
Pothole #6441,Needs repair,12.978017,77.50841,user441,2025-07-01T02:29:00,Bengaluru,5
Pothole #6442,Needs repair,12.977999,77.532639,user442,2025-06-25T17:22:00,Bengaluru,4
Pothole #6443,Small crack,12.937784,77.72231,user443,2025-10-23T11:44:00,Bengaluru,2
Pothole #6444,Small crack,12.90686,77.531453,user444,2025-02-15T08:36:00,Bengaluru,2
Pothole #6445,Needs repair,12.889522,77.502424,user445,2025-01-05T04:26:00,Bengaluru,1
Pothole #6446,Small crack,12.892924,77.620141,user446,2025-08-16T12:39:00,Bengaluru,4
Pothole #6447,Causes skidding,12.94964,77.654407,user447,2025-02-08T13:56:00,Bengaluru,1
Pothole #6448,Crater-like,13.002244,77.607348,user448,2025-09-28T05:35:00,Bengaluru,5
Pothole #6449,Deep hole,13.018434,77.530391,user449,2025-04-11T17:06:00,Bengaluru,2
Pothole #6450,Causes skidding,12.929236,77.570126,user450,2025-01-06T07:52:00,Bengaluru,1
Pothole #6451,Causes skidding,12.856392,77.672625,user451,2025-08-11T20:27:00,Bengaluru,5
Pothole #6452,Needs repair,12.935174,77.549985,user452,2025-08-23T18:28:00,Bengaluru,4
Pothole #6453,Damaged patch,12.975386,77.548218,user453,2025-08-28T20:28:00,Bengaluru,4
Pothole #6454,Damaged patch,13.037943,77.690281,user454,2025-09-01T02:14:00,Bengaluru,1
Pothole #6455,Damaged patch,12.940944,77.661609,user455,2025-07-21T02:14:00,Bengaluru,1
Pothole #6456,Crater-like,12.855124,77.73148,user456,2025-03-23T05:55:00,Bengaluru,1
Pothole #6457,Causes skidding,12.95731,77.607736,user457,2025-10-14T11:17:00,Bengaluru,4
Pothole #6458,Damaged patch,13.006521,77.548751,user458,2025-03-10T14:40:00,Bengaluru,2
Pothole #6459,Small crack,12.962828,77.605646,user459,2025-02-08T15:34:00,Bengaluru,2
Pothole #6460,Needs repair,13.014292,77.740444,user460,2025-02-02T06:30:00,Bengaluru,5
Pothole #6461,Small crack,12.917158,77.576744,user461,2025-07-08T11:23:00,Bengaluru,2
Pothole #6462,Needs repair,12.979137,77.737725,user462,2025-01-02T01:24:00,Bengaluru,1
Pothole #6463,Small crack,12.881633,77.668961,user463,2025-06-09T00:14:00,Bengaluru,1
Pothole #6464,Small crack,13.02217,77.63554,user464,2025-10-20T19:18:00,Bengaluru,4
Pothole #6465,Small crack,12.868681,77.681349,user465,2025-09-11T15:10:00,Bengaluru,3
Pothole #6466,Causes skidding,12.987585,77.553064,user466,2025-08-18T05:34:00,Bengaluru,1
Pothole #6467,Small crack,12.941893,77.504308,user467,2025-06-20T10:51:00,Bengaluru,4
Pothole #6468,Needs repair,12.911195,77.513491,user468,2025-01-04T10:04:00,Bengaluru,2
Pothole #6469,Deep hole,12.897885,77.51509,user469,2025-02-21T21:43:00,Bengaluru,3
Pothole #6470,Needs repair,12.980633,77.528852,user470,2025-04-19T11:03:00,Bengaluru,2
Pothole #6471,Damaged patch,12.968426,77.547715,user471,2025-08-15T11:34:00,Bengaluru,3
Pothole #6472,Crater-like,13.026434,77.731127,user472,2025-01-12T17:54:00,Bengaluru,1
Pothole #6473,Crater-like,12.938412,77.680917,user473,2025-04-13T04:47:00,Bengaluru,1
Pothole #6474,Damaged patch,12.90294,77.521602,user474,2025-10-26T17:36:00,Bengaluru,3
Pothole #6475,Needs repair,12.86122,77.525763,user475,2025-06-03T09:24:00,Bengaluru,4
Pothole #6476,Causes skidding,12.900102,77.723147,user476,2025-06-19T19:40:00,Bengaluru,4
Pothole #6477,Needs repair,12.908431,77.604416,user477,2025-03-22T09:25:00,Bengaluru,1
Pothole #6478,Crater-like,12.876827,77.650376,user478,2025-09-28T19:44:00,Bengaluru,1
Pothole #6479,Deep hole,12.967088,77.684264,user479,2025-07-15T20:58:00,Bengaluru,4
Pothole #6480,Needs repair,12.927801,77.592875,user480,2025-03-26T02:39:00,Bengaluru,5
Pothole #6481,Needs repair,13.017496,77.707134,user481,2025-03-18T09:50:00,Bengaluru,3
Pothole #6482,Needs repair,12.913179,77.559287,user482,2025-11-18T12:20:00,Bengaluru,1
Pothole #6483,Small crack,13.047634,77.658578,user483,2025-03-22T11:16:00,Bengaluru,3
Pothole #6484,Needs repair,12.94988,77.630495,user484,2025-01-06T14:02:00,Bengaluru,3
Pothole #6485,Deep hole,12.931432,77.69826,user485,2025-02-09T08:18:00,Bengaluru,5
Pothole #6486,Small crack,12.867219,77.522515,user486,2025-06-12T00:49:00,Bengaluru,2
Pothole #6487,Damaged patch,12.955458,77.500559,user487,2025-02-11T04:38:00,Bengaluru,3
Pothole #6488,Needs repair,13.007155,77.54944,user488,2025-04-13T02:02:00,Bengaluru,2
Pothole #6489,Causes skidding,12.896346,77.603175,user489,2025-06-02T05:28:00,Bengaluru,2
Pothole #6490,Causes skidding,12.863381,77.529486,user490,2025-11-09T20:27:00,Bengaluru,4
Pothole #6491,Damaged patch,12.909923,77.587441,user491,2025-10-06T20:31:00,Bengaluru,5
Pothole #6492,Damaged patch,12.968874,77.626327,user492,2025-08-26T17:05:00,Bengaluru,1
Pothole #6493,Needs repair,13.001547,77.652569,user493,2025-01-28T03:46:00,Bengaluru,1
Pothole #6494,Causes skidding,12.963274,77.704543,user494,2025-04-17T02:57:00,Bengaluru,4
Pothole #6495,Causes skidding,13.048085,77.714701,user495,2025-07-21T11:04:00,Bengaluru,4
Pothole #6496,Damaged patch,12.954644,77.675013,user496,2025-05-17T18:00:00,Bengaluru,2
Pothole #6497,Small crack,12.902236,77.578495,user497,2025-10-07T11:35:00,Bengaluru,1
Pothole #6498,Damaged patch,12.92979,77.655331,user498,2025-09-14T08:31:00,Bengaluru,5
Pothole #6499,Needs repair,12.922341,77.741007,user499,2025-06-20T02:42:00,Bengaluru,5
Pothole #6500,Needs repair,12.988804,77.554459,user0,2025-11-21T03:08:00,Bengaluru,3
Pothole #6501,Damaged patch,13.024054,77.590129,user1,2025-06-24T03:35:00,Bengaluru,2
Pothole #6502,Causes skidding,12.951784,77.720701,user2,2025-05-28T12:18:00,Bengaluru,5
Pothole #6503,Deep hole,12.903383,77.669702,user3,2025-05-22T02:17:00,Bengaluru,4
Pothole #6504,Needs repair,12.900976,77.507734,user4,2025-07-18T14:41:00,Bengaluru,1
Pothole #6505,Crater-like,12.936301,77.609373,user5,2025-08-04T10:14:00,Bengaluru,2
Pothole #6506,Needs repair,12.866522,77.595401,user6,2025-01-25T12:42:00,Bengaluru,1
Pothole #6507,Damaged patch,12.865095,77.504602,user7,2025-07-03T03:43:00,Bengaluru,1
Pothole #6508,Crater-like,12.927896,77.650963,user8,2025-07-22T08:46:00,Bengaluru,5
Pothole #6509,Crater-like,13.025231,77.678926,user9,2025-04-13T03:17:00,Bengaluru,3
Pothole #6510,Damaged patch,12.949975,77.538259,user10,2025-05-13T07:44:00,Bengaluru,1
Pothole #6511,Needs repair,12.983616,77.55642,user11,2025-06-10T17:55:00,Bengaluru,2
Pothole #6512,Causes skidding,12.985875,77.575006,user12,2025-02-07T09:55:00,Bengaluru,2
Pothole #6513,Small crack,12.923457,77.603789,user13,2025-03-16T21:18:00,Bengaluru,1
Pothole #6514,Damaged patch,12.859535,77.682361,user14,2025-08-04T20:44:00,Bengaluru,2
Pothole #6515,Small crack,12.874732,77.621795,user15,2025-01-02T09:19:00,Bengaluru,4
Pothole #6516,Small crack,12.938329,77.688323,user16,2025-06-17T02:49:00,Bengaluru,1
Pothole #6517,Small crack,12.900681,77.525497,user17,2025-10-19T08:10:00,Bengaluru,4
Pothole #6518,Deep hole,13.01101,77.545094,user18,2025-01-01T23:38:00,Bengaluru,5
Pothole #6519,Needs repair,12.955185,77.734759,user19,2025-03-24T15:51:00,Bengaluru,4
Pothole #6520,Deep hole,13.027259,77.732468,user20,2025-02-24T01:38:00,Bengaluru,3
Pothole #6521,Crater-like,13.029883,77.736726,user21,2025-06-02T19:32:00,Bengaluru,2
Pothole #6522,Needs repair,12.888242,77.513898,user22,2025-09-10T20:49:00,Bengaluru,1
Pothole #6523,Damaged patch,13.028973,77.700615,user23,2025-07-05T13:38:00,Bengaluru,1
Pothole #6524,Causes skidding,13.015073,77.64526,user24,2025-07-24T15:56:00,Bengaluru,4
Pothole #6525,Damaged patch,12.854168,77.713825,user25,2025-08-03T17:00:00,Bengaluru,2
Pothole #6526,Damaged patch,12.974556,77.591207,user26,2025-02-26T12:39:00,Bengaluru,2
Pothole #6527,Crater-like,12.896359,77.600529,user27,2025-09-08T14:36:00,Bengaluru,3
Pothole #6528,Needs repair,13.038804,77.73318,user28,2025-04-19T03:29:00,Bengaluru,5
Pothole #6529,Deep hole,12.866222,77.746481,user29,2025-10-03T12:49:00,Bengaluru,5
Pothole #6530,Needs repair,12.857771,77.695305,user30,2025-04-06T01:59:00,Bengaluru,2
Pothole #6531,Causes skidding,12.933527,77.607819,user31,2025-04-16T06:16:00,Bengaluru,3
Pothole #6532,Causes skidding,12.855474,77.673737,user32,2025-03-03T21:37:00,Bengaluru,5
Pothole #6533,Needs repair,12.864666,77.520987,user33,2025-02-07T03:51:00,Bengaluru,2
Pothole #6534,Small crack,12.950714,77.611211,user34,2025-02-24T09:23:00,Bengaluru,2
Pothole #6535,Damaged patch,12.862157,77.559791,user35,2025-09-07T02:14:00,Bengaluru,5
Pothole #6536,Crater-like,12.999486,77.635375,user36,2025-08-13T03:38:00,Bengaluru,4
Pothole #6537,Small crack,12.90106,77.639206,user37,2025-10-19T23:16:00,Bengaluru,1
Pothole #6538,Small crack,12.884484,77.517381,user38,2025-05-12T00:15:00,Bengaluru,2
Pothole #6539,Damaged patch,12.943703,77.540238,user39,2025-04-09T13:01:00,Bengaluru,5
Pothole #6540,Crater-like,12.889812,77.60078,user40,2025-08-17T22:40:00,Bengaluru,2
Pothole #6541,Crater-like,13.022999,77.708841,user41,2025-05-26T17:05:00,Bengaluru,2
Pothole #6542,Deep hole,12.92275,77.507094,user42,2025-02-26T10:16:00,Bengaluru,4
Pothole #6543,Small crack,12.992313,77.501262,user43,2025-02-15T15:18:00,Bengaluru,2
Pothole #6544,Small crack,12.902407,77.628286,user44,2025-09-02T17:31:00,Bengaluru,4
Pothole #6545,Needs repair,12.851486,77.520221,user45,2025-11-13T15:28:00,Bengaluru,5
Pothole #6546,Deep hole,12.932546,77.535281,user46,2025-05-03T04:11:00,Bengaluru,5
Pothole #6547,Crater-like,12.946889,77.668532,user47,2025-06-21T14:10:00,Bengaluru,3
Pothole #6548,Crater-like,12.937751,77.537503,user48,2025-11-25T04:38:00,Bengaluru,5
Pothole #6549,Crater-like,12.87578,77.564269,user49,2025-10-07T23:30:00,Bengaluru,4
Pothole #6550,Crater-like,13.038109,77.515215,user50,2025-10-07T08:58:00,Bengaluru,2
Pothole #6551,Causes skidding,12.963384,77.723671,user51,2025-07-09T07:21:00,Bengaluru,3
Pothole #6552,Small crack,12.939552,77.512895,user52,2025-01-27T21:09:00,Bengaluru,4
Pothole #6553,Needs repair,12.879388,77.600279,user53,2025-04-18T01:59:00,Bengaluru,4
Pothole #6554,Crater-like,12.999341,77.691262,user54,2025-03-06T20:01:00,Bengaluru,5
Pothole #6555,Damaged patch,12.984254,77.721815,user55,2025-10-11T14:43:00,Bengaluru,1
Pothole #6556,Small crack,13.018189,77.728369,user56,2025-02-04T10:00:00,Bengaluru,4
Pothole #6557,Small crack,12.923896,77.512904,user57,2025-03-21T10:38:00,Bengaluru,3
Pothole #6558,Needs repair,12.884684,77.546378,user58,2025-05-07T17:30:00,Bengaluru,2
Pothole #6559,Deep hole,13.029132,77.693027,user59,2025-06-27T21:20:00,Bengaluru,3
Pothole #6560,Crater-like,12.868943,77.593243,user60,2025-05-23T12:01:00,Bengaluru,2
Pothole #6561,Damaged patch,12.929985,77.748092,user61,2025-03-27T13:59:00,Bengaluru,1
Pothole #6562,Small crack,12.912599,77.727982,user62,2025-06-07T23:54:00,Bengaluru,1
Pothole #6563,Damaged patch,12.971179,77.503883,user63,2025-07-10T21:42:00,Bengaluru,5
Pothole #6564,Damaged patch,12.878278,77.54449,user64,2025-02-22T12:19:00,Bengaluru,2
Pothole #6565,Deep hole,13.016141,77.623348,user65,2025-09-23T14:55:00,Bengaluru,1
Pothole #6566,Crater-like,12.952314,77.74916,user66,2025-06-03T20:40:00,Bengaluru,4
Pothole #6567,Causes skidding,12.956085,77.529522,user67,2025-09-26T22:09:00,Bengaluru,5
Pothole #6568,Needs repair,13.007808,77.726835,user68,2025-06-04T02:55:00,Bengaluru,5
Pothole #6569,Needs repair,12.862799,77.725308,user69,2025-02-23T02:39:00,Bengaluru,1
Pothole #6570,Damaged patch,13.004144,77.693406,user70,2025-07-13T09:39:00,Bengaluru,2
Pothole #6571,Damaged patch,12.904089,77.610269,user71,2025-03-04T14:53:00,Bengaluru,5
Pothole #6572,Damaged patch,13.038978,77.663235,user72,2025-09-01T04:58:00,Bengaluru,1
Pothole #6573,Causes skidding,12.907406,77.643446,user73,2025-04-14T07:10:00,Bengaluru,1
Pothole #6574,Damaged patch,12.99276,77.705077,user74,2025-09-01T21:27:00,Bengaluru,3
Pothole #6575,Small crack,12.965833,77.60773,user75,2025-08-05T06:28:00,Bengaluru,1
Pothole #6576,Damaged patch,13.002419,77.518294,user76,2025-02-17T09:27:00,Bengaluru,1
Pothole #6577,Small crack,13.043878,77.607191,user77,2025-10-01T19:53:00,Bengaluru,1
Pothole #6578,Needs repair,13.011397,77.700345,user78,2025-09-07T16:28:00,Bengaluru,5
Pothole #6579,Crater-like,13.027046,77.742479,user79,2025-11-01T19:21:00,Bengaluru,1
Pothole #6580,Damaged patch,12.859675,77.543777,user80,2025-03-14T21:54:00,Bengaluru,5
Pothole #6581,Damaged patch,12.999164,77.681735,user81,2025-08-13T11:12:00,Bengaluru,5
Pothole #6582,Damaged patch,13.01746,77.718827,user82,2025-06-12T01:59:00,Bengaluru,1
Pothole #6583,Small crack,12.958737,77.665151,user83,2025-08-23T21:55:00,Bengaluru,2
Pothole #6584,Deep hole,12.90507,77.583105,user84,2025-08-18T10:10:00,Bengaluru,2
Pothole #6585,Deep hole,12.925576,77.707097,user85,2025-04-28T13:54:00,Bengaluru,1
Pothole #6586,Crater-like,12.871642,77.64382,user86,2025-10-12T18:35:00,Bengaluru,5
Pothole #6587,Needs repair,12.889925,77.585104,user87,2025-07-02T13:01:00,Bengaluru,2
Pothole #6588,Crater-like,12.937518,77.515187,user88,2025-02-03T11:03:00,Bengaluru,4
Pothole #6589,Deep hole,12.883495,77.581435,user89,2025-03-15T20:34:00,Bengaluru,4
Pothole #6590,Crater-like,13.030158,77.545337,user90,2025-01-18T04:46:00,Bengaluru,2
Pothole #6591,Causes skidding,12.92348,77.569481,user91,2025-01-06T00:48:00,Bengaluru,5
Pothole #6592,Deep hole,13.022684,77.509092,user92,2025-05-07T05:00:00,Bengaluru,1
Pothole #6593,Deep hole,12.97767,77.676441,user93,2025-05-07T14:20:00,Bengaluru,2
Pothole #6594,Deep hole,13.010635,77.72222,user94,2025-11-20T10:35:00,Bengaluru,2
Pothole #6595,Damaged patch,12.96796,77.702525,user95,2025-04-03T15:25:00,Bengaluru,1
Pothole #6596,Deep hole,12.977096,77.685819,user96,2025-10-24T17:33:00,Bengaluru,4
Pothole #6597,Small crack,12.936174,77.654406,user97,2025-09-22T17:27:00,Bengaluru,4
Pothole #6598,Damaged patch,12.990648,77.749833,user98,2025-08-23T16:09:00,Bengaluru,4
Pothole #6599,Needs repair,12.976175,77.518077,user99,2025-05-23T03:53:00,Bengaluru,4
Pothole #6600,Damaged patch,12.987403,77.650203,user100,2025-11-02T10:09:00,Bengaluru,2
Pothole #6601,Needs repair,13.032403,77.524478,user101,2025-09-09T03:27:00,Bengaluru,3
Pothole #6602,Damaged patch,12.903473,77.501976,user102,2025-02-24T22:29:00,Bengaluru,1
Pothole #6603,Deep hole,13.006391,77.542567,user103,2025-08-05T02:09:00,Bengaluru,4
Pothole #6604,Crater-like,13.002627,77.684621,user104,2025-01-23T11:50:00,Bengaluru,3
Pothole #6605,Crater-like,12.952448,77.592539,user105,2025-05-15T05:33:00,Bengaluru,5
Pothole #6606,Damaged patch,12.859769,77.727531,user106,2025-05-04T13:23:00,Bengaluru,5
Pothole #6607,Small crack,12.953476,77.597081,user107,2025-08-13T12:35:00,Bengaluru,3
Pothole #6608,Causes skidding,12.996955,77.528274,user108,2025-05-10T05:21:00,Bengaluru,5
Pothole #6609,Small crack,12.889407,77.709415,user109,2025-11-08T00:18:00,Bengaluru,1
Pothole #6610,Deep hole,12.968899,77.748165,user110,2025-11-10T02:03:00,Bengaluru,5
Pothole #6611,Crater-like,13.019952,77.729006,user111,2025-11-28T13:04:00,Bengaluru,2
Pothole #6612,Causes skidding,13.03847,77.633613,user112,2025-02-28T13:43:00,Bengaluru,4
Pothole #6613,Needs repair,12.860806,77.526568,user113,2025-02-14T16:02:00,Bengaluru,3
Pothole #6614,Damaged patch,12.979619,77.567098,user114,2025-08-07T18:48:00,Bengaluru,4
Pothole #6615,Causes skidding,12.925328,77.527207,user115,2025-07-03T07:35:00,Bengaluru,3
Pothole #6616,Small crack,12.905987,77.537507,user116,2025-11-18T09:14:00,Bengaluru,1
Pothole #6617,Crater-like,13.045568,77.710436,user117,2025-05-08T02:41:00,Bengaluru,5
Pothole #6618,Small crack,12.939991,77.73597,user118,2025-10-23T04:07:00,Bengaluru,3
Pothole #6619,Damaged patch,12.886679,77.61341,user119,2025-09-26T04:26:00,Bengaluru,3
Pothole #6620,Deep hole,12.909585,77.564675,user120,2025-08-24T00:28:00,Bengaluru,1
Pothole #6621,Small crack,12.997717,77.543485,user121,2025-11-15T04:12:00,Bengaluru,3
Pothole #6622,Deep hole,12.858794,77.565011,user122,2025-10-20T21:10:00,Bengaluru,2
Pothole #6623,Needs repair,12.919127,77.747301,user123,2025-10-04T16:22:00,Bengaluru,1
Pothole #6624,Needs repair,12.982611,77.685815,user124,2025-09-05T17:12:00,Bengaluru,4
Pothole #6625,Deep hole,12.92794,77.701658,user125,2025-02-23T19:34:00,Bengaluru,5
Pothole #6626,Needs repair,12.982669,77.565494,user126,2025-11-19T04:58:00,Bengaluru,5
Pothole #6627,Crater-like,12.959495,77.540843,user127,2025-01-05T18:49:00,Bengaluru,4
Pothole #6628,Deep hole,13.021504,77.727925,user128,2025-07-24T01:23:00,Bengaluru,2
Pothole #6629,Deep hole,13.027056,77.59429,user129,2025-09-14T10:59:00,Bengaluru,2
Pothole #6630,Small crack,13.020815,77.67589,user130,2025-08-12T03:23:00,Bengaluru,1
Pothole #6631,Small crack,12.947504,77.742068,user131,2025-04-23T17:42:00,Bengaluru,1
Pothole #6632,Small crack,12.936714,77.709378,user132,2025-02-25T12:44:00,Bengaluru,4
Pothole #6633,Small crack,13.034246,77.516765,user133,2025-03-10T09:11:00,Bengaluru,3
Pothole #6634,Causes skidding,12.89221,77.565047,user134,2025-01-05T01:29:00,Bengaluru,2
Pothole #6635,Causes skidding,12.850505,77.592269,user135,2025-01-08T19:11:00,Bengaluru,3
Pothole #6636,Needs repair,12.928574,77.741337,user136,2025-09-26T15:36:00,Bengaluru,5
Pothole #6637,Damaged patch,12.962668,77.693854,user137,2025-05-12T15:32:00,Bengaluru,2
Pothole #6638,Needs repair,13.026826,77.629264,user138,2025-09-25T19:45:00,Bengaluru,5
Pothole #6639,Causes skidding,12.942825,77.696549,user139,2025-05-27T15:41:00,Bengaluru,3
Pothole #6640,Deep hole,12.921166,77.640726,user140,2025-03-06T03:13:00,Bengaluru,3
Pothole #6641,Causes skidding,12.916928,77.700088,user141,2025-11-26T14:46:00,Bengaluru,5
Pothole #6642,Deep hole,12.984479,77.678215,user142,2025-02-06T09:27:00,Bengaluru,3
Pothole #6643,Small crack,12.896958,77.714224,user143,2025-06-24T07:59:00,Bengaluru,2
Pothole #6644,Causes skidding,12.852774,77.678856,user144,2025-09-15T01:57:00,Bengaluru,2
Pothole #6645,Damaged patch,12.879431,77.679291,user145,2025-09-13T09:44:00,Bengaluru,4
Pothole #6646,Damaged patch,12.874467,77.698794,user146,2025-02-28T18:50:00,Bengaluru,2
Pothole #6647,Needs repair,12.851936,77.683831,user147,2025-01-20T18:17:00,Bengaluru,1
Pothole #6648,Crater-like,13.024865,77.546522,user148,2025-10-18T11:26:00,Bengaluru,5
Pothole #6649,Deep hole,12.8512,77.707656,user149,2025-04-12T00:38:00,Bengaluru,5
Pothole #6650,Small crack,12.977898,77.646237,user150,2025-09-12T00:16:00,Bengaluru,3
Pothole #6651,Crater-like,13.019591,77.730757,user151,2025-06-02T04:12:00,Bengaluru,4
Pothole #6652,Crater-like,12.927182,77.630712,user152,2025-01-27T04:28:00,Bengaluru,5
Pothole #6653,Causes skidding,12.962708,77.71136,user153,2025-06-10T03:45:00,Bengaluru,2
Pothole #6654,Causes skidding,12.930744,77.68003,user154,2025-08-14T00:01:00,Bengaluru,3
Pothole #6655,Needs repair,12.966942,77.712719,user155,2025-09-14T19:54:00,Bengaluru,5
Pothole #6656,Small crack,12.95175,77.600718,user156,2025-03-08T05:04:00,Bengaluru,2
Pothole #6657,Damaged patch,12.92727,77.651148,user157,2025-01-20T22:39:00,Bengaluru,3
Pothole #6658,Causes skidding,12.890835,77.510791,user158,2025-05-15T07:50:00,Bengaluru,1
Pothole #6659,Small crack,12.906033,77.503729,user159,2025-01-01T01:59:00,Bengaluru,1
Pothole #6660,Needs repair,12.998851,77.741497,user160,2025-09-14T11:02:00,Bengaluru,4
Pothole #6661,Needs repair,12.968181,77.651612,user161,2025-10-01T12:21:00,Bengaluru,2
Pothole #6662,Small crack,13.043755,77.739148,user162,2025-07-27T22:16:00,Bengaluru,2
Pothole #6663,Damaged patch,13.043776,77.733207,user163,2025-07-18T07:43:00,Bengaluru,3
Pothole #6664,Causes skidding,12.931541,77.539958,user164,2025-06-06T12:59:00,Bengaluru,5
Pothole #6665,Needs repair,13.006859,77.705918,user165,2025-02-07T07:07:00,Bengaluru,4
Pothole #6666,Needs repair,13.046516,77.524556,user166,2025-10-02T20:33:00,Bengaluru,4
Pothole #6667,Causes skidding,12.872748,77.594913,user167,2025-03-23T21:45:00,Bengaluru,1
Pothole #6668,Crater-like,12.869998,77.67658,user168,2025-02-27T13:27:00,Bengaluru,2
Pothole #6669,Damaged patch,12.967262,77.514633,user169,2025-04-16T19:12:00,Bengaluru,1
Pothole #6670,Causes skidding,12.946539,77.553821,user170,2025-02-26T14:47:00,Bengaluru,1
Pothole #6671,Deep hole,12.888455,77.547401,user171,2025-06-06T14:54:00,Bengaluru,5
Pothole #6672,Small crack,12.992208,77.62883,user172,2025-03-21T18:12:00,Bengaluru,5
Pothole #6673,Damaged patch,13.049477,77.718316,user173,2025-11-05T08:14:00,Bengaluru,2
Pothole #6674,Deep hole,12.949392,77.557907,user174,2025-10-05T22:18:00,Bengaluru,3
Pothole #6675,Needs repair,13.025719,77.74878,user175,2025-07-05T12:13:00,Bengaluru,3
Pothole #6676,Small crack,12.946022,77.716165,user176,2025-01-02T02:39:00,Bengaluru,4
Pothole #6677,Damaged patch,13.028447,77.527302,user177,2025-03-07T06:52:00,Bengaluru,4
Pothole #6678,Causes skidding,12.928949,77.593618,user178,2025-11-08T00:21:00,Bengaluru,3
Pothole #6679,Damaged patch,12.858965,77.736015,user179,2025-05-10T22:44:00,Bengaluru,2
Pothole #6680,Crater-like,12.881082,77.595462,user180,2025-06-02T13:11:00,Bengaluru,1
Pothole #6681,Causes skidding,13.033237,77.711895,user181,2025-07-12T00:21:00,Bengaluru,4
Pothole #6682,Damaged patch,13.015464,77.652382,user182,2025-11-07T08:45:00,Bengaluru,1
Pothole #6683,Crater-like,12.963315,77.637853,user183,2025-10-27T23:58:00,Bengaluru,2
Pothole #6684,Small crack,12.887406,77.523808,user184,2025-05-27T08:55:00,Bengaluru,4
Pothole #6685,Small crack,12.947875,77.563216,user185,2025-05-24T00:53:00,Bengaluru,4
Pothole #6686,Deep hole,12.97792,77.586044,user186,2025-02-21T12:42:00,Bengaluru,5
Pothole #6687,Causes skidding,13.037922,77.71147,user187,2025-11-24T18:31:00,Bengaluru,1
Pothole #6688,Needs repair,12.950069,77.680379,user188,2025-01-12T15:13:00,Bengaluru,3
Pothole #6689,Damaged patch,12.927841,77.562822,user189,2025-07-11T04:07:00,Bengaluru,2
Pothole #6690,Damaged patch,12.987864,77.590435,user190,2025-02-05T19:51:00,Bengaluru,5
Pothole #6691,Damaged patch,12.938656,77.702448,user191,2025-05-23T03:29:00,Bengaluru,2
Pothole #6692,Needs repair,12.88232,77.533079,user192,2025-08-28T19:23:00,Bengaluru,1
Pothole #6693,Deep hole,12.924861,77.691577,user193,2025-03-24T03:06:00,Bengaluru,1
Pothole #6694,Causes skidding,12.899935,77.608922,user194,2025-03-25T05:03:00,Bengaluru,2
Pothole #6695,Small crack,12.987679,77.710038,user195,2025-08-05T12:30:00,Bengaluru,4
Pothole #6696,Damaged patch,12.895431,77.516819,user196,2025-07-03T16:13:00,Bengaluru,2
Pothole #6697,Crater-like,12.939831,77.591661,user197,2025-06-23T02:00:00,Bengaluru,2
Pothole #6698,Damaged patch,12.894792,77.661792,user198,2025-02-05T19:01:00,Bengaluru,1
Pothole #6699,Needs repair,12.997807,77.588523,user199,2025-03-25T21:30:00,Bengaluru,1
Pothole #6700,Deep hole,13.029118,77.536342,user200,2025-05-10T11:56:00,Bengaluru,3
Pothole #6701,Damaged patch,12.974567,77.667298,user201,2025-08-18T23:01:00,Bengaluru,3
Pothole #6702,Damaged patch,12.885668,77.52279,user202,2025-09-18T16:07:00,Bengaluru,2
Pothole #6703,Deep hole,12.944958,77.548983,user203,2025-04-14T13:45:00,Bengaluru,3
Pothole #6704,Damaged patch,13.034116,77.541778,user204,2025-09-07T17:47:00,Bengaluru,3
Pothole #6705,Damaged patch,12.922795,77.691109,user205,2025-02-25T05:00:00,Bengaluru,2
Pothole #6706,Deep hole,13.017632,77.50914,user206,2025-09-06T02:35:00,Bengaluru,5
Pothole #6707,Needs repair,12.905809,77.521076,user207,2025-10-12T10:40:00,Bengaluru,1
Pothole #6708,Small crack,12.916046,77.702571,user208,2025-01-20T14:29:00,Bengaluru,3
Pothole #6709,Damaged patch,12.9694,77.580602,user209,2025-02-23T11:05:00,Bengaluru,5
Pothole #6710,Crater-like,12.996763,77.697315,user210,2025-02-06T19:49:00,Bengaluru,5
Pothole #6711,Small crack,12.951487,77.533195,user211,2025-06-11T19:02:00,Bengaluru,5
Pothole #6712,Needs repair,12.945093,77.518381,user212,2025-04-12T06:34:00,Bengaluru,4
Pothole #6713,Crater-like,13.004453,77.740645,user213,2025-05-01T10:46:00,Bengaluru,2
Pothole #6714,Crater-like,12.982702,77.621055,user214,2025-08-28T22:16:00,Bengaluru,5
Pothole #6715,Small crack,12.923731,77.677448,user215,2025-02-07T06:44:00,Bengaluru,4
Pothole #6716,Causes skidding,12.933997,77.587349,user216,2025-08-18T12:49:00,Bengaluru,4
Pothole #6717,Needs repair,12.979748,77.724973,user217,2025-05-17T14:05:00,Bengaluru,2
Pothole #6718,Small crack,13.033353,77.699612,user218,2025-07-21T22:57:00,Bengaluru,3
Pothole #6719,Crater-like,12.987442,77.525691,user219,2025-01-24T09:17:00,Bengaluru,3
Pothole #6720,Causes skidding,12.87983,77.557227,user220,2025-03-28T15:02:00,Bengaluru,2
Pothole #6721,Crater-like,12.990016,77.565414,user221,2025-11-19T14:29:00,Bengaluru,5
Pothole #6722,Small crack,13.008384,77.681663,user222,2025-03-20T00:33:00,Bengaluru,4
Pothole #6723,Damaged patch,13.028943,77.710858,user223,2025-09-04T02:22:00,Bengaluru,5
Pothole #6724,Damaged patch,12.939297,77.682255,user224,2025-04-13T04:03:00,Bengaluru,1
Pothole #6725,Needs repair,12.953198,77.709066,user225,2025-01-27T04:22:00,Bengaluru,4
Pothole #6726,Small crack,12.902332,77.655408,user226,2025-04-18T01:49:00,Bengaluru,1
Pothole #6727,Small crack,12.949322,77.580886,user227,2025-07-04T13:32:00,Bengaluru,3
Pothole #6728,Small crack,12.959296,77.694106,user228,2025-11-27T21:36:00,Bengaluru,4
Pothole #6729,Causes skidding,12.979131,77.719032,user229,2025-02-05T05:22:00,Bengaluru,5
Pothole #6730,Causes skidding,12.874163,77.688428,user230,2025-10-05T21:54:00,Bengaluru,3
Pothole #6731,Causes skidding,12.976885,77.513268,user231,2025-04-18T22:44:00,Bengaluru,2
Pothole #6732,Damaged patch,12.950116,77.598385,user232,2025-06-21T13:51:00,Bengaluru,2
Pothole #6733,Causes skidding,13.045338,77.652345,user233,2025-11-04T16:27:00,Bengaluru,5
Pothole #6734,Small crack,12.856313,77.546715,user234,2025-06-06T20:31:00,Bengaluru,5
Pothole #6735,Damaged patch,12.935972,77.597568,user235,2025-04-13T11:25:00,Bengaluru,5
Pothole #6736,Causes skidding,12.875416,77.724546,user236,2025-07-01T02:07:00,Bengaluru,4
Pothole #6737,Causes skidding,13.026689,77.584551,user237,2025-06-03T23:23:00,Bengaluru,4
Pothole #6738,Deep hole,12.889474,77.594826,user238,2025-03-13T15:23:00,Bengaluru,4
Pothole #6739,Crater-like,13.020598,77.710363,user239,2025-05-23T17:00:00,Bengaluru,1
Pothole #6740,Causes skidding,12.892872,77.746842,user240,2025-01-13T07:30:00,Bengaluru,4
Pothole #6741,Deep hole,13.03484,77.523657,user241,2025-08-24T08:17:00,Bengaluru,2
Pothole #6742,Needs repair,13.04269,77.519259,user242,2025-10-05T03:27:00,Bengaluru,1
Pothole #6743,Causes skidding,13.005418,77.658888,user243,2025-01-23T00:33:00,Bengaluru,3
Pothole #6744,Damaged patch,12.889402,77.523949,user244,2025-04-22T08:17:00,Bengaluru,5
Pothole #6745,Damaged patch,12.9546,77.51327,user245,2025-08-22T06:57:00,Bengaluru,5
Pothole #6746,Needs repair,13.026101,77.609465,user246,2025-05-10T23:52:00,Bengaluru,2
Pothole #6747,Causes skidding,12.871664,77.700413,user247,2025-10-17T16:36:00,Bengaluru,4
Pothole #6748,Crater-like,12.996034,77.715418,user248,2025-01-10T03:14:00,Bengaluru,3
Pothole #6749,Causes skidding,13.020342,77.628999,user249,2025-05-23T16:56:00,Bengaluru,1
Pothole #6750,Small crack,12.898256,77.550814,user250,2025-04-23T17:45:00,Bengaluru,5
Pothole #6751,Small crack,12.856887,77.739849,user251,2025-02-18T20:00:00,Bengaluru,3
Pothole #6752,Needs repair,12.936804,77.72005,user252,2025-05-11T07:07:00,Bengaluru,2
Pothole #6753,Crater-like,13.009499,77.556313,user253,2025-07-07T22:05:00,Bengaluru,5
Pothole #6754,Small crack,13.013503,77.631513,user254,2025-07-22T14:47:00,Bengaluru,5
Pothole #6755,Needs repair,13.021075,77.630676,user255,2025-06-06T09:33:00,Bengaluru,2
Pothole #6756,Causes skidding,12.907932,77.742864,user256,2025-06-07T23:44:00,Bengaluru,5
Pothole #6757,Damaged patch,13.032422,77.571232,user257,2025-09-11T22:39:00,Bengaluru,1
Pothole #6758,Crater-like,13.030103,77.590036,user258,2025-06-24T11:36:00,Bengaluru,4
Pothole #6759,Causes skidding,12.893822,77.637637,user259,2025-11-16T14:52:00,Bengaluru,2
Pothole #6760,Causes skidding,13.042212,77.614501,user260,2025-05-24T18:55:00,Bengaluru,2
Pothole #6761,Causes skidding,13.024413,77.635257,user261,2025-03-02T17:36:00,Bengaluru,1
Pothole #6762,Damaged patch,12.999106,77.64048,user262,2025-05-02T20:27:00,Bengaluru,3
Pothole #6763,Crater-like,12.958944,77.64048,user263,2025-10-17T05:13:00,Bengaluru,3
Pothole #6764,Damaged patch,13.049461,77.662398,user264,2025-08-17T02:46:00,Bengaluru,2
Pothole #6765,Crater-like,12.936636,77.702479,user265,2025-01-01T12:09:00,Bengaluru,3
Pothole #6766,Deep hole,12.982433,77.62853,user266,2025-05-18T18:10:00,Bengaluru,1
Pothole #6767,Damaged patch,13.013704,77.656775,user267,2025-02-24T08:22:00,Bengaluru,3
Pothole #6768,Crater-like,12.855317,77.579315,user268,2025-08-27T07:07:00,Bengaluru,2
Pothole #6769,Causes skidding,12.915539,77.748626,user269,2025-07-06T16:54:00,Bengaluru,5
Pothole #6770,Small crack,12.951102,77.632683,user270,2025-01-13T16:53:00,Bengaluru,5
Pothole #6771,Deep hole,12.886541,77.6899,user271,2025-08-24T18:19:00,Bengaluru,3
Pothole #6772,Needs repair,12.993062,77.506511,user272,2025-03-10T07:47:00,Bengaluru,5
Pothole #6773,Damaged patch,12.934732,77.676263,user273,2025-06-10T20:13:00,Bengaluru,2
Pothole #6774,Crater-like,12.99882,77.554627,user274,2025-07-06T04:25:00,Bengaluru,3
Pothole #6775,Needs repair,12.895692,77.642355,user275,2025-11-22T17:04:00,Bengaluru,1
Pothole #6776,Crater-like,12.947571,77.607621,user276,2025-03-18T12:22:00,Bengaluru,2
Pothole #6777,Deep hole,13.004855,77.577351,user277,2025-04-16T04:44:00,Bengaluru,5
Pothole #6778,Small crack,12.937562,77.639242,user278,2025-06-28T22:57:00,Bengaluru,5
Pothole #6779,Damaged patch,12.927868,77.586346,user279,2025-02-23T14:50:00,Bengaluru,1
Pothole #6780,Needs repair,13.013502,77.610001,user280,2025-09-10T17:12:00,Bengaluru,2
Pothole #6781,Crater-like,13.014572,77.574179,user281,2025-10-09T13:15:00,Bengaluru,1
Pothole #6782,Causes skidding,13.043887,77.742801,user282,2025-07-20T05:21:00,Bengaluru,4
Pothole #6783,Damaged patch,12.992398,77.711122,user283,2025-11-17T10:51:00,Bengaluru,1
Pothole #6784,Crater-like,12.964533,77.600764,user284,2025-04-07T13:12:00,Bengaluru,5
Pothole #6785,Damaged patch,12.880159,77.716296,user285,2025-10-06T09:23:00,Bengaluru,5
Pothole #6786,Damaged patch,12.858384,77.638935,user286,2025-03-09T22:48:00,Bengaluru,1
Pothole #6787,Crater-like,12.895885,77.742904,user287,2025-07-28T19:22:00,Bengaluru,5
Pothole #6788,Damaged patch,13.010018,77.672465,user288,2025-01-09T18:48:00,Bengaluru,2
Pothole #6789,Crater-like,12.878903,77.668334,user289,2025-11-22T14:06:00,Bengaluru,5
Pothole #6790,Small crack,12.925214,77.517999,user290,2025-06-17T00:10:00,Bengaluru,2
Pothole #6791,Deep hole,12.908208,77.697404,user291,2025-05-07T12:32:00,Bengaluru,1
Pothole #6792,Damaged patch,12.942646,77.546549,user292,2025-02-03T23:54:00,Bengaluru,1
Pothole #6793,Deep hole,12.996637,77.587753,user293,2025-07-03T03:01:00,Bengaluru,3
Pothole #6794,Causes skidding,12.966823,77.506398,user294,2025-03-12T01:02:00,Bengaluru,4
Pothole #6795,Needs repair,12.860922,77.640559,user295,2025-08-15T11:29:00,Bengaluru,2
Pothole #6796,Crater-like,12.950527,77.590566,user296,2025-06-04T16:54:00,Bengaluru,2
Pothole #6797,Crater-like,12.879676,77.685678,user297,2025-02-27T22:20:00,Bengaluru,2
Pothole #6798,Small crack,13.026991,77.528468,user298,2025-01-08T07:49:00,Bengaluru,3
Pothole #6799,Damaged patch,13.04931,77.714112,user299,2025-01-06T09:19:00,Bengaluru,3
Pothole #6800,Crater-like,12.867636,77.617026,user300,2025-08-05T17:53:00,Bengaluru,4
Pothole #6801,Deep hole,12.865337,77.576377,user301,2025-02-22T02:35:00,Bengaluru,2
Pothole #6802,Causes skidding,12.960378,77.597334,user302,2025-11-25T07:34:00,Bengaluru,4
Pothole #6803,Damaged patch,12.999526,77.590823,user303,2025-07-17T07:04:00,Bengaluru,5
Pothole #6804,Causes skidding,12.90442,77.612166,user304,2025-01-10T01:48:00,Bengaluru,1
Pothole #6805,Crater-like,12.983805,77.642937,user305,2025-03-25T11:04:00,Bengaluru,4
Pothole #6806,Crater-like,12.880338,77.648164,user306,2025-01-03T00:05:00,Bengaluru,1
Pothole #6807,Damaged patch,13.001792,77.739716,user307,2025-09-21T09:34:00,Bengaluru,3
Pothole #6808,Causes skidding,13.010656,77.547427,user308,2025-08-10T13:26:00,Bengaluru,4
Pothole #6809,Crater-like,12.896338,77.654266,user309,2025-03-03T10:23:00,Bengaluru,3
Pothole #6810,Causes skidding,12.912402,77.556762,user310,2025-01-27T17:45:00,Bengaluru,4
Pothole #6811,Deep hole,12.878999,77.622777,user311,2025-08-15T07:18:00,Bengaluru,5
Pothole #6812,Deep hole,12.870095,77.663807,user312,2025-08-17T05:39:00,Bengaluru,2
Pothole #6813,Causes skidding,12.869163,77.688982,user313,2025-03-11T08:52:00,Bengaluru,4
Pothole #6814,Deep hole,12.934682,77.719643,user314,2025-08-20T03:16:00,Bengaluru,2
Pothole #6815,Causes skidding,12.928812,77.66801,user315,2025-03-12T07:44:00,Bengaluru,3
Pothole #6816,Small crack,12.901225,77.508189,user316,2025-06-12T20:11:00,Bengaluru,3
Pothole #6817,Deep hole,13.025937,77.587459,user317,2025-01-04T18:57:00,Bengaluru,3
Pothole #6818,Needs repair,12.85956,77.594052,user318,2025-06-10T17:20:00,Bengaluru,1
Pothole #6819,Damaged patch,12.859112,77.52682,user319,2025-02-20T16:07:00,Bengaluru,2
Pothole #6820,Damaged patch,12.955645,77.508412,user320,2025-10-09T02:20:00,Bengaluru,4
Pothole #6821,Crater-like,13.019003,77.712645,user321,2025-10-06T17:44:00,Bengaluru,5
Pothole #6822,Crater-like,12.87222,77.710837,user322,2025-06-28T22:08:00,Bengaluru,5
Pothole #6823,Damaged patch,13.006753,77.706284,user323,2025-08-17T00:53:00,Bengaluru,5
Pothole #6824,Needs repair,13.035412,77.571292,user324,2025-10-13T18:03:00,Bengaluru,5
Pothole #6825,Small crack,13.022986,77.721322,user325,2025-02-09T17:38:00,Bengaluru,2
Pothole #6826,Causes skidding,12.901339,77.568215,user326,2025-08-20T13:15:00,Bengaluru,5
Pothole #6827,Needs repair,12.87792,77.630514,user327,2025-04-24T07:29:00,Bengaluru,1
Pothole #6828,Small crack,12.99318,77.727298,user328,2025-04-06T15:32:00,Bengaluru,3
Pothole #6829,Causes skidding,13.02113,77.647592,user329,2025-11-27T08:03:00,Bengaluru,2
Pothole #6830,Crater-like,13.007692,77.536606,user330,2025-08-12T21:50:00,Bengaluru,5
Pothole #6831,Damaged patch,12.851313,77.630159,user331,2025-01-10T11:33:00,Bengaluru,3
Pothole #6832,Deep hole,13.02316,77.743348,user332,2025-09-20T16:17:00,Bengaluru,3
Pothole #6833,Crater-like,12.952551,77.603493,user333,2025-03-12T10:40:00,Bengaluru,1
Pothole #6834,Deep hole,12.919416,77.747063,user334,2025-09-27T04:01:00,Bengaluru,5
Pothole #6835,Damaged patch,12.944855,77.688835,user335,2025-01-13T12:14:00,Bengaluru,3
Pothole #6836,Causes skidding,12.934319,77.606139,user336,2025-07-02T16:29:00,Bengaluru,1
Pothole #6837,Small crack,13.038631,77.705816,user337,2025-04-04T10:29:00,Bengaluru,5
Pothole #6838,Needs repair,12.924832,77.724472,user338,2025-09-16T18:47:00,Bengaluru,5
Pothole #6839,Deep hole,12.865981,77.734966,user339,2025-11-21T04:20:00,Bengaluru,5
Pothole #6840,Deep hole,13.006924,77.533116,user340,2025-04-10T20:34:00,Bengaluru,4
Pothole #6841,Deep hole,12.960207,77.671031,user341,2025-01-07T10:24:00,Bengaluru,2
Pothole #6842,Needs repair,12.981364,77.686236,user342,2025-03-18T14:48:00,Bengaluru,1
Pothole #6843,Deep hole,12.957522,77.621278,user343,2025-01-22T16:13:00,Bengaluru,3
Pothole #6844,Crater-like,12.877002,77.594654,user344,2025-06-01T21:10:00,Bengaluru,2
Pothole #6845,Damaged patch,13.00172,77.63893,user345,2025-02-20T11:37:00,Bengaluru,4
Pothole #6846,Crater-like,12.924028,77.614696,user346,2025-11-11T06:15:00,Bengaluru,1
Pothole #6847,Deep hole,13.028745,77.718801,user347,2025-10-19T04:13:00,Bengaluru,3
Pothole #6848,Small crack,13.006243,77.513844,user348,2025-07-02T04:21:00,Bengaluru,2
Pothole #6849,Deep hole,13.0495,77.593073,user349,2025-06-28T13:40:00,Bengaluru,5
Pothole #6850,Deep hole,12.988866,77.747022,user350,2025-02-06T01:52:00,Bengaluru,1
Pothole #6851,Deep hole,12.891483,77.644345,user351,2025-07-26T19:29:00,Bengaluru,4
Pothole #6852,Needs repair,12.874691,77.713418,user352,2025-09-13T16:46:00,Bengaluru,4
Pothole #6853,Causes skidding,13.011961,77.699572,user353,2025-01-14T18:12:00,Bengaluru,5
Pothole #6854,Causes skidding,12.867137,77.616013,user354,2025-03-15T00:06:00,Bengaluru,3
Pothole #6855,Causes skidding,12.950952,77.532788,user355,2025-01-11T01:59:00,Bengaluru,5
Pothole #6856,Deep hole,12.930521,77.749334,user356,2025-01-19T07:27:00,Bengaluru,5
Pothole #6857,Causes skidding,13.009138,77.694344,user357,2025-07-04T06:53:00,Bengaluru,3
Pothole #6858,Deep hole,12.858513,77.538105,user358,2025-02-19T15:30:00,Bengaluru,3
Pothole #6859,Causes skidding,12.916938,77.71025,user359,2025-01-28T23:02:00,Bengaluru,4
Pothole #6860,Deep hole,12.902714,77.528834,user360,2025-04-15T16:50:00,Bengaluru,1
Pothole #6861,Deep hole,12.877627,77.628247,user361,2025-09-25T02:37:00,Bengaluru,1
Pothole #6862,Causes skidding,12.910243,77.734371,user362,2025-09-20T20:31:00,Bengaluru,3
Pothole #6863,Causes skidding,12.954731,77.508586,user363,2025-10-23T19:58:00,Bengaluru,3
Pothole #6864,Damaged patch,12.981904,77.695397,user364,2025-05-18T13:59:00,Bengaluru,5
Pothole #6865,Needs repair,12.964274,77.599274,user365,2025-06-06T13:41:00,Bengaluru,3
Pothole #6866,Small crack,13.043386,77.67599,user366,2025-08-09T23:42:00,Bengaluru,1
Pothole #6867,Crater-like,12.948011,77.719746,user367,2025-11-28T16:16:00,Bengaluru,1
Pothole #6868,Needs repair,13.046641,77.623886,user368,2025-09-05T11:14:00,Bengaluru,2
Pothole #6869,Deep hole,13.019602,77.735087,user369,2025-10-21T00:59:00,Bengaluru,4
Pothole #6870,Causes skidding,12.854059,77.537291,user370,2025-06-21T15:24:00,Bengaluru,3
Pothole #6871,Crater-like,13.020863,77.652308,user371,2025-07-21T03:23:00,Bengaluru,5
Pothole #6872,Crater-like,12.926222,77.55599,user372,2025-04-19T12:32:00,Bengaluru,4
Pothole #6873,Needs repair,12.93688,77.668837,user373,2025-04-23T16:26:00,Bengaluru,5
Pothole #6874,Needs repair,12.983017,77.549005,user374,2025-08-07T15:39:00,Bengaluru,5
Pothole #6875,Causes skidding,12.95288,77.677595,user375,2025-05-08T10:44:00,Bengaluru,3
Pothole #6876,Causes skidding,13.010255,77.522955,user376,2025-11-11T04:27:00,Bengaluru,1
Pothole #6877,Needs repair,13.031875,77.574468,user377,2025-03-09T02:28:00,Bengaluru,3
Pothole #6878,Needs repair,12.99346,77.686805,user378,2025-06-26T06:15:00,Bengaluru,2
Pothole #6879,Deep hole,12.91788,77.526953,user379,2025-01-11T19:34:00,Bengaluru,3
Pothole #6880,Deep hole,12.86599,77.722062,user380,2025-10-25T18:31:00,Bengaluru,4
Pothole #6881,Deep hole,13.047132,77.534379,user381,2025-05-13T18:39:00,Bengaluru,5
Pothole #6882,Needs repair,13.020308,77.748589,user382,2025-09-12T21:41:00,Bengaluru,4
Pothole #6883,Small crack,13.008594,77.558297,user383,2025-10-17T13:13:00,Bengaluru,4
Pothole #6884,Small crack,13.019509,77.527959,user384,2025-07-01T09:52:00,Bengaluru,1
Pothole #6885,Needs repair,13.034166,77.580514,user385,2025-08-10T19:35:00,Bengaluru,3
Pothole #6886,Causes skidding,13.00914,77.683096,user386,2025-11-07T16:32:00,Bengaluru,5
Pothole #6887,Damaged patch,12.883001,77.501932,user387,2025-10-17T02:03:00,Bengaluru,3
Pothole #6888,Small crack,13.031656,77.5156,user388,2025-01-06T03:58:00,Bengaluru,5
Pothole #6889,Crater-like,12.950905,77.644083,user389,2025-02-21T12:12:00,Bengaluru,4
Pothole #6890,Deep hole,12.971349,77.640959,user390,2025-04-18T08:24:00,Bengaluru,4
Pothole #6891,Needs repair,12.966676,77.627373,user391,2025-09-27T01:38:00,Bengaluru,1
Pothole #6892,Needs repair,13.029088,77.61201,user392,2025-06-13T10:53:00,Bengaluru,2
Pothole #6893,Needs repair,12.99232,77.723905,user393,2025-08-11T09:54:00,Bengaluru,5
Pothole #6894,Causes skidding,13.003231,77.611449,user394,2025-06-23T06:51:00,Bengaluru,2
Pothole #6895,Small crack,12.914904,77.619634,user395,2025-03-11T20:52:00,Bengaluru,3
Pothole #6896,Crater-like,13.01136,77.747179,user396,2025-10-19T16:33:00,Bengaluru,2
Pothole #6897,Deep hole,12.960635,77.657742,user397,2025-01-13T18:29:00,Bengaluru,1
Pothole #6898,Small crack,12.902326,77.559801,user398,2025-10-02T23:33:00,Bengaluru,4
Pothole #6899,Deep hole,12.990286,77.585321,user399,2025-01-27T06:48:00,Bengaluru,2
Pothole #6900,Deep hole,12.8835,77.651223,user400,2025-08-15T03:24:00,Bengaluru,4
Pothole #6901,Damaged patch,13.010695,77.652677,user401,2025-10-16T14:52:00,Bengaluru,2
Pothole #6902,Crater-like,12.87529,77.548567,user402,2025-03-05T22:49:00,Bengaluru,2
Pothole #6903,Causes skidding,12.938789,77.729454,user403,2025-08-09T17:06:00,Bengaluru,1
Pothole #6904,Crater-like,12.904254,77.712785,user404,2025-04-22T23:37:00,Bengaluru,2
Pothole #6905,Crater-like,12.987436,77.644544,user405,2025-10-03T11:09:00,Bengaluru,5
Pothole #6906,Needs repair,12.921232,77.706666,user406,2025-04-14T00:00:00,Bengaluru,4
Pothole #6907,Causes skidding,13.037903,77.692638,user407,2025-05-26T22:39:00,Bengaluru,4
Pothole #6908,Deep hole,12.929095,77.738828,user408,2025-11-17T11:45:00,Bengaluru,4
Pothole #6909,Small crack,12.949969,77.503308,user409,2025-03-24T20:03:00,Bengaluru,3
Pothole #6910,Small crack,12.977368,77.516802,user410,2025-03-19T02:14:00,Bengaluru,4
Pothole #6911,Small crack,12.871245,77.709366,user411,2025-07-16T20:10:00,Bengaluru,1
Pothole #6912,Damaged patch,13.01488,77.519938,user412,2025-08-07T14:28:00,Bengaluru,1
Pothole #6913,Causes skidding,12.976816,77.61319,user413,2025-01-18T22:24:00,Bengaluru,1
Pothole #6914,Deep hole,12.940143,77.642371,user414,2025-10-02T20:43:00,Bengaluru,1
Pothole #6915,Damaged patch,12.936509,77.522989,user415,2025-08-04T05:02:00,Bengaluru,3
Pothole #6916,Deep hole,13.046196,77.527523,user416,2025-05-08T01:34:00,Bengaluru,1
Pothole #6917,Crater-like,12.866911,77.513414,user417,2025-06-13T04:43:00,Bengaluru,1
Pothole #6918,Needs repair,12.947914,77.678211,user418,2025-04-16T02:51:00,Bengaluru,1
Pothole #6919,Small crack,12.91302,77.660672,user419,2025-01-11T10:35:00,Bengaluru,5
Pothole #6920,Deep hole,12.89036,77.514399,user420,2025-09-26T11:29:00,Bengaluru,2
Pothole #6921,Small crack,13.04178,77.558634,user421,2025-11-16T03:32:00,Bengaluru,5
Pothole #6922,Small crack,12.953186,77.68982,user422,2025-04-21T12:25:00,Bengaluru,1
Pothole #6923,Small crack,12.912865,77.674111,user423,2025-08-27T15:40:00,Bengaluru,4
Pothole #6924,Crater-like,12.940479,77.73992,user424,2025-06-16T08:10:00,Bengaluru,5
Pothole #6925,Crater-like,12.961095,77.540039,user425,2025-11-13T04:32:00,Bengaluru,2
Pothole #6926,Deep hole,12.892973,77.541616,user426,2025-06-02T08:12:00,Bengaluru,1
Pothole #6927,Causes skidding,12.85181,77.52187,user427,2025-11-16T22:19:00,Bengaluru,1
Pothole #6928,Needs repair,12.929131,77.536998,user428,2025-10-12T04:35:00,Bengaluru,3
Pothole #6929,Needs repair,12.938859,77.538548,user429,2025-03-28T12:46:00,Bengaluru,4
Pothole #6930,Causes skidding,13.020397,77.636407,user430,2025-04-13T14:24:00,Bengaluru,4
Pothole #6931,Crater-like,12.96855,77.543532,user431,2025-07-05T19:26:00,Bengaluru,5
Pothole #6932,Deep hole,13.002265,77.704568,user432,2025-06-18T22:12:00,Bengaluru,5
Pothole #6933,Deep hole,12.925478,77.706273,user433,2025-09-20T11:10:00,Bengaluru,4
Pothole #6934,Small crack,12.916584,77.622385,user434,2025-03-15T01:26:00,Bengaluru,5
Pothole #6935,Deep hole,12.946879,77.65427,user435,2025-08-22T11:23:00,Bengaluru,4
Pothole #6936,Causes skidding,12.957216,77.539315,user436,2025-04-09T07:38:00,Bengaluru,4
Pothole #6937,Deep hole,12.856648,77.537676,user437,2025-04-05T17:46:00,Bengaluru,1
Pothole #6938,Crater-like,12.954504,77.610691,user438,2025-10-02T03:26:00,Bengaluru,1
Pothole #6939,Damaged patch,13.032323,77.676823,user439,2025-05-28T05:44:00,Bengaluru,4
Pothole #6940,Needs repair,12.873404,77.585419,user440,2025-07-16T08:26:00,Bengaluru,5
Pothole #6941,Small crack,12.917996,77.684157,user441,2025-07-07T10:34:00,Bengaluru,1
Pothole #6942,Small crack,13.042097,77.661407,user442,2025-04-27T11:07:00,Bengaluru,1
Pothole #6943,Causes skidding,12.967118,77.573036,user443,2025-10-27T01:26:00,Bengaluru,4
Pothole #6944,Damaged patch,12.916874,77.626727,user444,2025-11-13T10:10:00,Bengaluru,1
Pothole #6945,Crater-like,12.942311,77.748781,user445,2025-06-10T13:57:00,Bengaluru,4
Pothole #6946,Needs repair,12.851501,77.615135,user446,2025-09-03T17:25:00,Bengaluru,4
Pothole #6947,Needs repair,12.965589,77.50508,user447,2025-10-18T20:45:00,Bengaluru,4
Pothole #6948,Crater-like,12.885547,77.507957,user448,2025-11-06T20:49:00,Bengaluru,4
Pothole #6949,Damaged patch,12.905251,77.638373,user449,2025-01-20T00:39:00,Bengaluru,1
Pothole #6950,Small crack,12.90935,77.501739,user450,2025-11-09T23:17:00,Bengaluru,1
Pothole #6951,Damaged patch,12.897973,77.642302,user451,2025-09-13T16:18:00,Bengaluru,2
Pothole #6952,Crater-like,12.944447,77.575413,user452,2025-11-17T09:18:00,Bengaluru,2
Pothole #6953,Crater-like,13.049486,77.586087,user453,2025-07-08T20:26:00,Bengaluru,1
Pothole #6954,Crater-like,12.990581,77.663345,user454,2025-06-09T01:52:00,Bengaluru,2
Pothole #6955,Crater-like,12.908835,77.690457,user455,2025-11-25T00:57:00,Bengaluru,3
Pothole #6956,Deep hole,13.013596,77.712505,user456,2025-09-06T17:03:00,Bengaluru,5
Pothole #6957,Causes skidding,12.949946,77.560554,user457,2025-09-09T12:03:00,Bengaluru,3
Pothole #6958,Crater-like,12.905243,77.742868,user458,2025-06-10T20:06:00,Bengaluru,4
Pothole #6959,Deep hole,12.95441,77.622772,user459,2025-09-02T11:28:00,Bengaluru,2
Pothole #6960,Causes skidding,12.98941,77.651982,user460,2025-01-01T20:54:00,Bengaluru,1
Pothole #6961,Needs repair,12.993504,77.515579,user461,2025-03-27T16:06:00,Bengaluru,2
Pothole #6962,Crater-like,12.983433,77.741642,user462,2025-09-16T17:51:00,Bengaluru,1
Pothole #6963,Deep hole,12.922812,77.637282,user463,2025-08-20T11:51:00,Bengaluru,1
Pothole #6964,Needs repair,12.969174,77.50848,user464,2025-09-20T03:14:00,Bengaluru,2
Pothole #6965,Deep hole,13.01447,77.62492,user465,2025-03-09T00:35:00,Bengaluru,2
Pothole #6966,Causes skidding,12.880033,77.627795,user466,2025-04-27T18:11:00,Bengaluru,4
Pothole #6967,Damaged patch,12.905757,77.730857,user467,2025-03-05T13:28:00,Bengaluru,5
Pothole #6968,Causes skidding,12.882309,77.609394,user468,2025-09-12T08:08:00,Bengaluru,5
Pothole #6969,Needs repair,12.935048,77.552957,user469,2025-06-14T13:15:00,Bengaluru,5
Pothole #6970,Small crack,12.882888,77.543857,user470,2025-06-24T18:13:00,Bengaluru,2
Pothole #6971,Crater-like,13.041794,77.722538,user471,2025-09-18T06:27:00,Bengaluru,2
Pothole #6972,Small crack,12.960629,77.644161,user472,2025-02-17T23:12:00,Bengaluru,3
Pothole #6973,Causes skidding,13.021275,77.710644,user473,2025-07-18T15:26:00,Bengaluru,5
Pothole #6974,Deep hole,13.039785,77.508327,user474,2025-11-23T15:04:00,Bengaluru,2
Pothole #6975,Crater-like,12.877332,77.63309,user475,2025-11-08T15:08:00,Bengaluru,5
Pothole #6976,Causes skidding,13.016203,77.668568,user476,2025-05-18T10:33:00,Bengaluru,5
Pothole #6977,Damaged patch,12.962826,77.605645,user477,2025-03-09T12:20:00,Bengaluru,1
Pothole #6978,Needs repair,12.998273,77.672759,user478,2025-01-09T10:11:00,Bengaluru,4
Pothole #6979,Small crack,12.854138,77.658832,user479,2025-08-24T11:44:00,Bengaluru,5
Pothole #6980,Damaged patch,12.861148,77.603196,user480,2025-07-21T11:43:00,Bengaluru,1
Pothole #6981,Deep hole,12.970508,77.580802,user481,2025-07-26T10:01:00,Bengaluru,5
Pothole #6982,Damaged patch,13.005237,77.501577,user482,2025-06-09T04:02:00,Bengaluru,2
Pothole #6983,Deep hole,12.943582,77.561737,user483,2025-08-08T11:57:00,Bengaluru,3
Pothole #6984,Needs repair,13.006355,77.686999,user484,2025-04-22T20:08:00,Bengaluru,2
Pothole #6985,Crater-like,12.949749,77.727092,user485,2025-07-20T19:18:00,Bengaluru,5
Pothole #6986,Needs repair,12.982534,77.623199,user486,2025-01-06T05:07:00,Bengaluru,5
Pothole #6987,Needs repair,12.973519,77.684919,user487,2025-04-06T08:16:00,Bengaluru,3
Pothole #6988,Damaged patch,13.020201,77.649773,user488,2025-03-16T22:46:00,Bengaluru,5
Pothole #6989,Small crack,12.895117,77.504526,user489,2025-08-15T03:07:00,Bengaluru,4
Pothole #6990,Deep hole,13.04189,77.506489,user490,2025-02-04T02:43:00,Bengaluru,2
Pothole #6991,Damaged patch,13.027578,77.702434,user491,2025-10-04T21:02:00,Bengaluru,3
Pothole #6992,Crater-like,12.908757,77.613626,user492,2025-09-08T21:46:00,Bengaluru,5
Pothole #6993,Crater-like,12.924251,77.597446,user493,2025-02-19T03:33:00,Bengaluru,5
Pothole #6994,Deep hole,13.027689,77.640977,user494,2025-03-20T22:35:00,Bengaluru,4
Pothole #6995,Needs repair,12.896404,77.544667,user495,2025-04-22T09:07:00,Bengaluru,1
Pothole #6996,Damaged patch,12.899048,77.502497,user496,2025-07-27T01:32:00,Bengaluru,4
Pothole #6997,Small crack,12.878838,77.564097,user497,2025-09-14T16:48:00,Bengaluru,2
Pothole #6998,Small crack,12.980048,77.627316,user498,2025-09-18T10:21:00,Bengaluru,3
Pothole #6999,Deep hole,12.873677,77.730567,user499,2025-10-22T23:12:00,Bengaluru,4
Pothole #7000,Small crack,12.876414,77.713794,user0,2025-02-20T18:49:00,Bengaluru,2
Pothole #7001,Needs repair,13.048788,77.703604,user1,2025-01-06T10:29:00,Bengaluru,4
Pothole #7002,Deep hole,13.001195,77.640966,user2,2025-08-16T06:32:00,Bengaluru,5
Pothole #7003,Needs repair,13.022391,77.695613,user3,2025-07-10T20:09:00,Bengaluru,1
Pothole #7004,Small crack,13.030771,77.632778,user4,2025-08-05T01:52:00,Bengaluru,1
Pothole #7005,Damaged patch,12.952839,77.507443,user5,2025-02-25T01:21:00,Bengaluru,1
Pothole #7006,Small crack,12.987504,77.571311,user6,2025-05-27T21:04:00,Bengaluru,2
Pothole #7007,Small crack,12.856959,77.708832,user7,2025-03-18T22:52:00,Bengaluru,1
Pothole #7008,Causes skidding,12.907214,77.687119,user8,2025-09-06T13:42:00,Bengaluru,5
Pothole #7009,Crater-like,12.933517,77.554561,user9,2025-02-10T19:30:00,Bengaluru,2
Pothole #7010,Deep hole,13.045033,77.655447,user10,2025-07-01T11:45:00,Bengaluru,2
Pothole #7011,Crater-like,12.997767,77.732275,user11,2025-06-01T04:03:00,Bengaluru,3
Pothole #7012,Causes skidding,13.02815,77.645852,user12,2025-08-22T06:48:00,Bengaluru,4
Pothole #7013,Damaged patch,12.934634,77.63011,user13,2025-10-07T04:11:00,Bengaluru,2
Pothole #7014,Small crack,13.00797,77.58815,user14,2025-05-28T05:30:00,Bengaluru,1
Pothole #7015,Causes skidding,12.914172,77.703027,user15,2025-05-28T02:44:00,Bengaluru,5
Pothole #7016,Small crack,12.856444,77.64791,user16,2025-01-15T07:01:00,Bengaluru,2
Pothole #7017,Small crack,13.016867,77.502591,user17,2025-01-12T21:47:00,Bengaluru,4
Pothole #7018,Crater-like,13.000336,77.622848,user18,2025-09-25T14:42:00,Bengaluru,3
Pothole #7019,Crater-like,12.891215,77.546255,user19,2025-07-27T00:20:00,Bengaluru,1
Pothole #7020,Causes skidding,12.990866,77.524664,user20,2025-09-04T12:39:00,Bengaluru,3
Pothole #7021,Deep hole,12.914123,77.593993,user21,2025-04-08T01:37:00,Bengaluru,2
Pothole #7022,Needs repair,12.960405,77.732755,user22,2025-07-12T09:47:00,Bengaluru,1
Pothole #7023,Deep hole,12.983241,77.516114,user23,2025-06-27T00:58:00,Bengaluru,2
Pothole #7024,Small crack,12.986353,77.552202,user24,2025-01-20T22:58:00,Bengaluru,2
Pothole #7025,Needs repair,12.861512,77.549726,user25,2025-07-24T16:11:00,Bengaluru,3
Pothole #7026,Small crack,12.948026,77.551699,user26,2025-10-07T09:55:00,Bengaluru,1
Pothole #7027,Deep hole,12.879448,77.655721,user27,2025-03-13T02:21:00,Bengaluru,3
Pothole #7028,Needs repair,12.989913,77.696368,user28,2025-01-06T04:31:00,Bengaluru,1
Pothole #7029,Causes skidding,12.97233,77.560061,user29,2025-01-24T19:48:00,Bengaluru,5
Pothole #7030,Needs repair,12.90867,77.571738,user30,2025-05-25T18:56:00,Bengaluru,2
Pothole #7031,Causes skidding,12.981797,77.729848,user31,2025-02-04T21:30:00,Bengaluru,1
Pothole #7032,Small crack,12.868769,77.558399,user32,2025-10-13T00:13:00,Bengaluru,2
Pothole #7033,Causes skidding,12.961928,77.513404,user33,2025-05-26T20:40:00,Bengaluru,1
Pothole #7034,Needs repair,12.914235,77.735924,user34,2025-04-14T23:07:00,Bengaluru,4
Pothole #7035,Needs repair,12.889287,77.691202,user35,2025-02-13T11:05:00,Bengaluru,1
Pothole #7036,Small crack,12.888905,77.64909,user36,2025-08-18T08:18:00,Bengaluru,1
Pothole #7037,Needs repair,13.029019,77.581862,user37,2025-09-04T20:12:00,Bengaluru,5
Pothole #7038,Damaged patch,12.86175,77.573273,user38,2025-10-08T16:02:00,Bengaluru,2
Pothole #7039,Needs repair,13.033469,77.588156,user39,2025-02-08T01:51:00,Bengaluru,1
Pothole #7040,Needs repair,13.004494,77.62921,user40,2025-11-02T10:42:00,Bengaluru,2
Pothole #7041,Crater-like,12.856608,77.675149,user41,2025-01-17T11:27:00,Bengaluru,3
Pothole #7042,Needs repair,12.875014,77.536178,user42,2025-09-13T19:29:00,Bengaluru,4
Pothole #7043,Causes skidding,12.859359,77.528954,user43,2025-10-18T22:00:00,Bengaluru,3
Pothole #7044,Needs repair,12.925248,77.704295,user44,2025-03-10T17:53:00,Bengaluru,3
Pothole #7045,Needs repair,12.905917,77.682822,user45,2025-08-06T00:59:00,Bengaluru,4
Pothole #7046,Small crack,12.872762,77.733592,user46,2025-01-06T18:26:00,Bengaluru,3
Pothole #7047,Deep hole,12.892142,77.637383,user47,2025-11-08T01:09:00,Bengaluru,2
Pothole #7048,Crater-like,12.975893,77.551673,user48,2025-08-23T11:08:00,Bengaluru,3
Pothole #7049,Damaged patch,12.913464,77.56689,user49,2025-06-03T17:17:00,Bengaluru,1
Pothole #7050,Needs repair,12.985818,77.61575,user50,2025-02-11T03:00:00,Bengaluru,4
Pothole #7051,Crater-like,12.935511,77.525183,user51,2025-04-15T00:54:00,Bengaluru,4
Pothole #7052,Small crack,12.872031,77.562273,user52,2025-07-03T15:38:00,Bengaluru,4
Pothole #7053,Damaged patch,12.999771,77.5958,user53,2025-04-24T20:47:00,Bengaluru,5
Pothole #7054,Deep hole,12.903382,77.607458,user54,2025-03-09T02:15:00,Bengaluru,1
Pothole #7055,Needs repair,12.877686,77.503503,user55,2025-07-26T19:23:00,Bengaluru,5
Pothole #7056,Small crack,12.913956,77.534378,user56,2025-01-11T10:08:00,Bengaluru,3
Pothole #7057,Needs repair,12.925028,77.588711,user57,2025-08-20T11:20:00,Bengaluru,1
Pothole #7058,Damaged patch,12.975131,77.640522,user58,2025-11-11T02:53:00,Bengaluru,1
Pothole #7059,Small crack,13.012878,77.698061,user59,2025-03-16T07:50:00,Bengaluru,3
Pothole #7060,Crater-like,12.875314,77.507913,user60,2025-05-21T22:22:00,Bengaluru,1
Pothole #7061,Causes skidding,12.998359,77.515191,user61,2025-10-01T09:24:00,Bengaluru,2
Pothole #7062,Deep hole,12.984763,77.656867,user62,2025-04-27T21:33:00,Bengaluru,2
Pothole #7063,Needs repair,12.918491,77.74028,user63,2025-02-23T04:56:00,Bengaluru,4
Pothole #7064,Damaged patch,12.850636,77.53556,user64,2025-06-17T07:15:00,Bengaluru,2
Pothole #7065,Crater-like,12.98693,77.564221,user65,2025-02-08T21:31:00,Bengaluru,4
Pothole #7066,Causes skidding,12.948897,77.533885,user66,2025-02-23T04:10:00,Bengaluru,4
Pothole #7067,Needs repair,13.012337,77.580312,user67,2025-04-07T22:13:00,Bengaluru,1
Pothole #7068,Needs repair,13.033979,77.63338,user68,2025-08-02T05:40:00,Bengaluru,2
Pothole #7069,Needs repair,13.008586,77.671628,user69,2025-02-08T11:26:00,Bengaluru,1
Pothole #7070,Small crack,12.851502,77.566674,user70,2025-09-03T18:14:00,Bengaluru,3
Pothole #7071,Small crack,13.041938,77.521392,user71,2025-08-08T01:19:00,Bengaluru,3
Pothole #7072,Damaged patch,13.032868,77.740711,user72,2025-05-03T10:03:00,Bengaluru,5
Pothole #7073,Deep hole,12.989122,77.680436,user73,2025-05-18T17:34:00,Bengaluru,2
Pothole #7074,Damaged patch,12.966934,77.664137,user74,2025-04-06T16:25:00,Bengaluru,4
Pothole #7075,Damaged patch,12.991559,77.667753,user75,2025-09-02T22:45:00,Bengaluru,3
Pothole #7076,Causes skidding,13.02508,77.712784,user76,2025-02-01T07:40:00,Bengaluru,1
Pothole #7077,Crater-like,13.027051,77.673406,user77,2025-03-23T04:59:00,Bengaluru,3
Pothole #7078,Crater-like,12.952458,77.738119,user78,2025-08-13T06:52:00,Bengaluru,4
Pothole #7079,Causes skidding,13.008167,77.673514,user79,2025-11-11T23:29:00,Bengaluru,1
Pothole #7080,Crater-like,12.95408,77.502473,user80,2025-05-21T13:40:00,Bengaluru,1
Pothole #7081,Causes skidding,12.867884,77.719445,user81,2025-10-22T13:46:00,Bengaluru,3
Pothole #7082,Causes skidding,12.903598,77.673737,user82,2025-11-27T00:51:00,Bengaluru,5
Pothole #7083,Causes skidding,12.872518,77.629888,user83,2025-06-12T22:57:00,Bengaluru,4
Pothole #7084,Crater-like,12.949747,77.586294,user84,2025-07-21T02:38:00,Bengaluru,5
Pothole #7085,Damaged patch,12.953653,77.719588,user85,2025-03-28T22:46:00,Bengaluru,3
Pothole #7086,Causes skidding,12.91418,77.735708,user86,2025-03-14T08:51:00,Bengaluru,4
Pothole #7087,Damaged patch,12.868703,77.727966,user87,2025-04-11T16:46:00,Bengaluru,2
Pothole #7088,Deep hole,12.994742,77.648137,user88,2025-08-19T18:36:00,Bengaluru,4
Pothole #7089,Crater-like,12.909401,77.608508,user89,2025-09-07T22:48:00,Bengaluru,4
Pothole #7090,Damaged patch,12.972028,77.616027,user90,2025-04-20T02:32:00,Bengaluru,4
Pothole #7091,Damaged patch,12.931372,77.679222,user91,2025-08-22T03:23:00,Bengaluru,3
Pothole #7092,Needs repair,12.865094,77.693247,user92,2025-10-18T20:51:00,Bengaluru,2
Pothole #7093,Small crack,12.982035,77.569794,user93,2025-02-02T17:53:00,Bengaluru,3
Pothole #7094,Deep hole,12.971677,77.715464,user94,2025-07-14T09:43:00,Bengaluru,5
Pothole #7095,Causes skidding,12.955584,77.534922,user95,2025-10-13T16:39:00,Bengaluru,1
Pothole #7096,Deep hole,12.858082,77.711105,user96,2025-09-27T00:44:00,Bengaluru,2
Pothole #7097,Small crack,12.975096,77.584009,user97,2025-10-01T15:23:00,Bengaluru,4
Pothole #7098,Deep hole,12.88969,77.656489,user98,2025-09-09T23:52:00,Bengaluru,1
Pothole #7099,Deep hole,12.942786,77.557635,user99,2025-02-24T03:30:00,Bengaluru,1
Pothole #7100,Deep hole,12.881481,77.562757,user100,2025-09-15T10:08:00,Bengaluru,5
Pothole #7101,Causes skidding,12.971643,77.736124,user101,2025-03-19T19:21:00,Bengaluru,1
Pothole #7102,Small crack,13.021209,77.635297,user102,2025-06-25T05:23:00,Bengaluru,2
Pothole #7103,Needs repair,12.977427,77.645001,user103,2025-11-05T05:13:00,Bengaluru,4
Pothole #7104,Damaged patch,13.045714,77.628075,user104,2025-06-12T23:16:00,Bengaluru,3
Pothole #7105,Crater-like,13.04578,77.511621,user105,2025-08-10T00:57:00,Bengaluru,4
Pothole #7106,Small crack,13.034499,77.503416,user106,2025-06-15T07:03:00,Bengaluru,2
Pothole #7107,Crater-like,12.968316,77.605433,user107,2025-11-05T14:58:00,Bengaluru,4
Pothole #7108,Damaged patch,13.015628,77.724608,user108,2025-11-14T23:15:00,Bengaluru,4
Pothole #7109,Deep hole,13.043286,77.515717,user109,2025-10-06T03:01:00,Bengaluru,1
Pothole #7110,Needs repair,13.024483,77.513857,user110,2025-06-09T15:31:00,Bengaluru,5
Pothole #7111,Deep hole,12.942134,77.519828,user111,2025-09-26T00:04:00,Bengaluru,3
Pothole #7112,Small crack,12.94397,77.652715,user112,2025-10-15T11:43:00,Bengaluru,3
Pothole #7113,Deep hole,12.947692,77.673322,user113,2025-09-03T04:24:00,Bengaluru,3
Pothole #7114,Needs repair,12.901855,77.507097,user114,2025-09-23T16:38:00,Bengaluru,4
Pothole #7115,Damaged patch,13.04377,77.691158,user115,2025-09-22T16:35:00,Bengaluru,4
Pothole #7116,Crater-like,12.878629,77.562167,user116,2025-02-09T00:05:00,Bengaluru,3
Pothole #7117,Deep hole,12.878332,77.646158,user117,2025-08-26T20:25:00,Bengaluru,3
Pothole #7118,Needs repair,12.880654,77.747883,user118,2025-03-04T12:33:00,Bengaluru,4
Pothole #7119,Deep hole,12.974681,77.73344,user119,2025-04-17T10:27:00,Bengaluru,5
Pothole #7120,Deep hole,12.855994,77.604233,user120,2025-02-02T10:17:00,Bengaluru,2
Pothole #7121,Small crack,12.99272,77.663541,user121,2025-04-19T22:57:00,Bengaluru,2
Pothole #7122,Small crack,13.026138,77.597789,user122,2025-10-21T10:23:00,Bengaluru,4
Pothole #7123,Damaged patch,13.010773,77.731185,user123,2025-04-15T02:13:00,Bengaluru,1
Pothole #7124,Causes skidding,12.957124,77.722314,user124,2025-02-13T02:03:00,Bengaluru,2
Pothole #7125,Causes skidding,12.893638,77.621168,user125,2025-06-12T20:52:00,Bengaluru,2
Pothole #7126,Deep hole,12.972392,77.740573,user126,2025-04-03T17:06:00,Bengaluru,4
Pothole #7127,Crater-like,12.954458,77.583805,user127,2025-07-25T20:35:00,Bengaluru,2
Pothole #7128,Needs repair,13.040967,77.718118,user128,2025-08-01T04:27:00,Bengaluru,2
Pothole #7129,Causes skidding,12.943705,77.666091,user129,2025-10-08T03:52:00,Bengaluru,3
Pothole #7130,Damaged patch,12.871431,77.726127,user130,2025-09-25T17:37:00,Bengaluru,5
Pothole #7131,Crater-like,12.987162,77.687926,user131,2025-08-21T04:41:00,Bengaluru,5
Pothole #7132,Small crack,12.858755,77.539476,user132,2025-06-28T04:12:00,Bengaluru,5
Pothole #7133,Damaged patch,12.878074,77.688967,user133,2025-08-19T20:40:00,Bengaluru,1
Pothole #7134,Deep hole,13.006212,77.619899,user134,2025-06-14T04:16:00,Bengaluru,3
Pothole #7135,Crater-like,12.85694,77.706536,user135,2025-06-03T14:09:00,Bengaluru,3
Pothole #7136,Small crack,12.895537,77.673007,user136,2025-03-20T05:36:00,Bengaluru,1
Pothole #7137,Small crack,12.89396,77.630252,user137,2025-08-03T15:55:00,Bengaluru,4
Pothole #7138,Needs repair,12.963151,77.748173,user138,2025-11-13T02:22:00,Bengaluru,3
Pothole #7139,Small crack,12.952279,77.613727,user139,2025-01-09T05:05:00,Bengaluru,5
Pothole #7140,Crater-like,12.956856,77.743551,user140,2025-06-17T04:09:00,Bengaluru,3
Pothole #7141,Causes skidding,12.989064,77.708921,user141,2025-02-26T13:09:00,Bengaluru,4
Pothole #7142,Needs repair,13.030146,77.525565,user142,2025-06-07T05:15:00,Bengaluru,3
Pothole #7143,Small crack,12.941387,77.506679,user143,2025-09-03T21:12:00,Bengaluru,2
Pothole #7144,Deep hole,12.994994,77.606517,user144,2025-05-16T21:14:00,Bengaluru,4
Pothole #7145,Causes skidding,13.006048,77.672039,user145,2025-06-24T03:00:00,Bengaluru,2
Pothole #7146,Deep hole,13.038658,77.678041,user146,2025-05-14T19:56:00,Bengaluru,3
Pothole #7147,Small crack,12.988869,77.594258,user147,2025-09-02T01:36:00,Bengaluru,2
Pothole #7148,Crater-like,12.868129,77.673762,user148,2025-04-26T09:13:00,Bengaluru,5
Pothole #7149,Needs repair,12.914091,77.740165,user149,2025-08-01T07:33:00,Bengaluru,2
Pothole #7150,Crater-like,13.014508,77.522182,user150,2025-04-21T13:35:00,Bengaluru,3
Pothole #7151,Damaged patch,13.028703,77.739836,user151,2025-11-11T21:31:00,Bengaluru,3
Pothole #7152,Causes skidding,13.029537,77.605491,user152,2025-06-21T10:18:00,Bengaluru,1
Pothole #7153,Crater-like,12.954986,77.543243,user153,2025-02-09T11:19:00,Bengaluru,1
Pothole #7154,Damaged patch,13.049269,77.734234,user154,2025-06-13T05:21:00,Bengaluru,5
Pothole #7155,Deep hole,12.901659,77.501933,user155,2025-07-23T15:36:00,Bengaluru,3
Pothole #7156,Crater-like,12.993824,77.508925,user156,2025-10-22T15:51:00,Bengaluru,5
Pothole #7157,Small crack,12.931832,77.706546,user157,2025-02-07T01:10:00,Bengaluru,2
Pothole #7158,Crater-like,12.942645,77.619035,user158,2025-05-11T10:52:00,Bengaluru,1
Pothole #7159,Causes skidding,12.998337,77.539745,user159,2025-05-19T10:40:00,Bengaluru,1
Pothole #7160,Crater-like,12.861032,77.656942,user160,2025-09-15T14:00:00,Bengaluru,3
Pothole #7161,Causes skidding,12.936462,77.634492,user161,2025-05-27T02:24:00,Bengaluru,5
Pothole #7162,Crater-like,13.01604,77.530687,user162,2025-06-22T21:56:00,Bengaluru,5
Pothole #7163,Crater-like,12.986023,77.669021,user163,2025-01-07T12:31:00,Bengaluru,3
Pothole #7164,Crater-like,13.014438,77.607984,user164,2025-09-17T18:20:00,Bengaluru,2
Pothole #7165,Small crack,12.949394,77.728005,user165,2025-08-24T02:13:00,Bengaluru,4
Pothole #7166,Crater-like,12.975122,77.662087,user166,2025-05-12T14:20:00,Bengaluru,3
Pothole #7167,Crater-like,12.878938,77.626771,user167,2025-10-19T22:12:00,Bengaluru,4
Pothole #7168,Crater-like,13.002212,77.742522,user168,2025-10-07T10:26:00,Bengaluru,2
Pothole #7169,Damaged patch,12.853602,77.558959,user169,2025-07-27T23:15:00,Bengaluru,1
Pothole #7170,Damaged patch,12.981289,77.602166,user170,2025-01-04T22:56:00,Bengaluru,5
Pothole #7171,Deep hole,12.944214,77.749194,user171,2025-02-07T06:28:00,Bengaluru,4
Pothole #7172,Crater-like,12.88384,77.582966,user172,2025-04-04T06:22:00,Bengaluru,1
Pothole #7173,Needs repair,12.988991,77.671391,user173,2025-06-18T07:17:00,Bengaluru,4
Pothole #7174,Causes skidding,12.992867,77.613349,user174,2025-04-17T01:33:00,Bengaluru,3
Pothole #7175,Needs repair,12.946999,77.662303,user175,2025-01-20T03:26:00,Bengaluru,5
Pothole #7176,Causes skidding,13.019442,77.566561,user176,2025-09-03T08:18:00,Bengaluru,1
Pothole #7177,Needs repair,12.9474,77.657729,user177,2025-02-28T15:49:00,Bengaluru,1
Pothole #7178,Small crack,13.048049,77.518103,user178,2025-01-19T00:01:00,Bengaluru,2
Pothole #7179,Causes skidding,12.989319,77.561913,user179,2025-09-10T15:52:00,Bengaluru,2
Pothole #7180,Crater-like,13.045528,77.6805,user180,2025-03-27T13:52:00,Bengaluru,4
Pothole #7181,Deep hole,12.940319,77.648563,user181,2025-04-15T16:42:00,Bengaluru,3
Pothole #7182,Deep hole,12.961896,77.610454,user182,2025-03-12T09:14:00,Bengaluru,5
Pothole #7183,Causes skidding,12.904066,77.730353,user183,2025-09-11T04:15:00,Bengaluru,1
Pothole #7184,Needs repair,12.862094,77.731498,user184,2025-07-28T09:56:00,Bengaluru,4
Pothole #7185,Needs repair,12.927512,77.614806,user185,2025-01-20T04:53:00,Bengaluru,4
Pothole #7186,Small crack,13.027272,77.624968,user186,2025-06-27T08:09:00,Bengaluru,2
Pothole #7187,Needs repair,12.905606,77.716605,user187,2025-06-13T06:37:00,Bengaluru,2
Pothole #7188,Crater-like,12.935413,77.744356,user188,2025-11-25T10:51:00,Bengaluru,2
Pothole #7189,Crater-like,12.991838,77.504269,user189,2025-09-13T17:20:00,Bengaluru,4
Pothole #7190,Damaged patch,12.931118,77.614524,user190,2025-03-17T03:04:00,Bengaluru,1
Pothole #7191,Causes skidding,12.996983,77.531844,user191,2025-10-11T17:10:00,Bengaluru,5
Pothole #7192,Needs repair,12.966043,77.711548,user192,2025-08-28T18:43:00,Bengaluru,1
Pothole #7193,Crater-like,12.946014,77.675615,user193,2025-05-09T09:58:00,Bengaluru,3
Pothole #7194,Needs repair,12.966646,77.549745,user194,2025-07-19T14:33:00,Bengaluru,1
Pothole #7195,Needs repair,12.921713,77.720969,user195,2025-08-17T21:35:00,Bengaluru,1
Pothole #7196,Crater-like,12.919058,77.506922,user196,2025-07-02T00:12:00,Bengaluru,3
Pothole #7197,Small crack,12.944997,77.7317,user197,2025-08-23T22:42:00,Bengaluru,1
Pothole #7198,Causes skidding,12.854028,77.667316,user198,2025-11-25T08:33:00,Bengaluru,4
Pothole #7199,Damaged patch,12.967738,77.534804,user199,2025-01-15T22:03:00,Bengaluru,3
Pothole #7200,Small crack,12.976635,77.718199,user200,2025-07-12T03:43:00,Bengaluru,5
Pothole #7201,Causes skidding,12.888244,77.624383,user201,2025-06-20T06:38:00,Bengaluru,2
Pothole #7202,Damaged patch,12.996683,77.562073,user202,2025-10-20T11:30:00,Bengaluru,5
Pothole #7203,Causes skidding,12.858129,77.510683,user203,2025-04-17T07:34:00,Bengaluru,1
Pothole #7204,Causes skidding,13.038937,77.504348,user204,2025-06-24T11:21:00,Bengaluru,4
Pothole #7205,Crater-like,12.854608,77.512483,user205,2025-03-10T06:02:00,Bengaluru,1
Pothole #7206,Needs repair,12.958374,77.511593,user206,2025-07-08T20:25:00,Bengaluru,2
Pothole #7207,Causes skidding,13.017911,77.585428,user207,2025-03-08T09:39:00,Bengaluru,5
Pothole #7208,Needs repair,12.887168,77.739604,user208,2025-11-16T11:52:00,Bengaluru,2
Pothole #7209,Causes skidding,13.036368,77.501449,user209,2025-01-01T00:17:00,Bengaluru,5
Pothole #7210,Deep hole,12.955399,77.686728,user210,2025-02-14T19:36:00,Bengaluru,5
Pothole #7211,Needs repair,12.873731,77.596323,user211,2025-03-01T03:59:00,Bengaluru,1
Pothole #7212,Deep hole,12.949686,77.706144,user212,2025-02-15T17:03:00,Bengaluru,5
Pothole #7213,Damaged patch,13.042323,77.501003,user213,2025-09-01T11:35:00,Bengaluru,3
Pothole #7214,Causes skidding,13.017673,77.631836,user214,2025-08-17T19:01:00,Bengaluru,1
Pothole #7215,Deep hole,13.007434,77.500612,user215,2025-10-23T07:58:00,Bengaluru,5
Pothole #7216,Deep hole,12.947225,77.625193,user216,2025-05-23T15:09:00,Bengaluru,5
Pothole #7217,Causes skidding,12.989009,77.581681,user217,2025-07-01T20:40:00,Bengaluru,4
Pothole #7218,Causes skidding,12.941599,77.541996,user218,2025-11-08T03:15:00,Bengaluru,5
Pothole #7219,Small crack,13.030215,77.6372,user219,2025-05-18T00:33:00,Bengaluru,3
Pothole #7220,Small crack,12.891048,77.661282,user220,2025-10-04T12:35:00,Bengaluru,4
Pothole #7221,Deep hole,12.975056,77.522521,user221,2025-10-12T18:32:00,Bengaluru,4
Pothole #7222,Needs repair,12.879948,77.54858,user222,2025-06-20T23:51:00,Bengaluru,5
Pothole #7223,Deep hole,13.029152,77.662697,user223,2025-11-24T04:44:00,Bengaluru,2
Pothole #7224,Damaged patch,12.891628,77.746355,user224,2025-06-22T20:32:00,Bengaluru,1
Pothole #7225,Small crack,12.85056,77.648213,user225,2025-02-28T22:49:00,Bengaluru,2
Pothole #7226,Needs repair,12.942026,77.624415,user226,2025-08-04T13:14:00,Bengaluru,2
Pothole #7227,Deep hole,12.911599,77.734326,user227,2025-08-04T09:47:00,Bengaluru,4
Pothole #7228,Small crack,12.903471,77.593291,user228,2025-03-05T16:32:00,Bengaluru,2
Pothole #7229,Causes skidding,13.00968,77.655446,user229,2025-11-02T14:01:00,Bengaluru,5
Pothole #7230,Small crack,12.917554,77.592308,user230,2025-07-13T04:56:00,Bengaluru,4
Pothole #7231,Deep hole,12.879167,77.601317,user231,2025-03-01T01:54:00,Bengaluru,5
Pothole #7232,Small crack,13.019782,77.626852,user232,2025-01-04T18:50:00,Bengaluru,3
Pothole #7233,Damaged patch,13.041735,77.714909,user233,2025-09-27T05:10:00,Bengaluru,3
Pothole #7234,Deep hole,13.031888,77.528623,user234,2025-05-24T15:18:00,Bengaluru,4
Pothole #7235,Crater-like,12.917508,77.730001,user235,2025-10-12T07:48:00,Bengaluru,2
Pothole #7236,Deep hole,12.886118,77.739718,user236,2025-01-26T18:22:00,Bengaluru,1
Pothole #7237,Needs repair,12.857471,77.729706,user237,2025-01-17T18:16:00,Bengaluru,1
Pothole #7238,Crater-like,12.901329,77.719289,user238,2025-03-12T07:59:00,Bengaluru,1
Pothole #7239,Needs repair,12.98736,77.643227,user239,2025-07-25T03:39:00,Bengaluru,2
Pothole #7240,Damaged patch,12.986237,77.550515,user240,2025-01-14T06:32:00,Bengaluru,2
Pothole #7241,Deep hole,13.009415,77.569797,user241,2025-11-11T03:11:00,Bengaluru,2
Pothole #7242,Damaged patch,13.040089,77.588091,user242,2025-09-01T02:46:00,Bengaluru,1
Pothole #7243,Crater-like,12.911373,77.573288,user243,2025-07-25T14:45:00,Bengaluru,3
Pothole #7244,Damaged patch,12.96542,77.596925,user244,2025-05-09T09:03:00,Bengaluru,2
Pothole #7245,Crater-like,12.94778,77.616364,user245,2025-01-25T23:11:00,Bengaluru,4
Pothole #7246,Crater-like,12.893344,77.638086,user246,2025-11-05T02:32:00,Bengaluru,1
Pothole #7247,Causes skidding,12.966866,77.736297,user247,2025-05-24T22:17:00,Bengaluru,5
Pothole #7248,Deep hole,12.979653,77.681115,user248,2025-09-12T03:46:00,Bengaluru,1
Pothole #7249,Small crack,12.991383,77.500684,user249,2025-05-22T08:37:00,Bengaluru,3
Pothole #7250,Causes skidding,13.033556,77.594497,user250,2025-02-23T05:16:00,Bengaluru,2
Pothole #7251,Damaged patch,12.850771,77.738757,user251,2025-03-24T20:09:00,Bengaluru,1
Pothole #7252,Deep hole,12.936866,77.604905,user252,2025-06-13T15:05:00,Bengaluru,3
Pothole #7253,Causes skidding,12.90118,77.686219,user253,2025-02-27T09:30:00,Bengaluru,1
Pothole #7254,Crater-like,13.024223,77.686735,user254,2025-04-03T15:41:00,Bengaluru,1
Pothole #7255,Small crack,12.88773,77.704781,user255,2025-08-26T10:28:00,Bengaluru,3
Pothole #7256,Causes skidding,13.047759,77.629937,user256,2025-04-19T20:09:00,Bengaluru,2
Pothole #7257,Damaged patch,12.908205,77.528152,user257,2025-01-18T20:55:00,Bengaluru,3
Pothole #7258,Causes skidding,13.001618,77.667772,user258,2025-04-01T19:22:00,Bengaluru,2
Pothole #7259,Damaged patch,12.882113,77.569725,user259,2025-03-14T00:55:00,Bengaluru,4
Pothole #7260,Deep hole,12.961862,77.596702,user260,2025-04-15T08:24:00,Bengaluru,2
Pothole #7261,Needs repair,12.876033,77.538328,user261,2025-01-08T00:57:00,Bengaluru,2
Pothole #7262,Crater-like,12.977904,77.692105,user262,2025-05-23T08:33:00,Bengaluru,1
Pothole #7263,Deep hole,13.032542,77.52368,user263,2025-01-24T13:12:00,Bengaluru,5
Pothole #7264,Damaged patch,12.956038,77.643847,user264,2025-07-25T03:49:00,Bengaluru,3
Pothole #7265,Causes skidding,12.906286,77.728833,user265,2025-04-21T00:34:00,Bengaluru,4
Pothole #7266,Causes skidding,13.040282,77.701135,user266,2025-09-03T20:47:00,Bengaluru,2
Pothole #7267,Crater-like,12.955343,77.536944,user267,2025-07-17T17:40:00,Bengaluru,2
Pothole #7268,Small crack,13.021062,77.678371,user268,2025-02-27T09:28:00,Bengaluru,1
Pothole #7269,Crater-like,12.912046,77.675517,user269,2025-01-16T08:35:00,Bengaluru,2
Pothole #7270,Deep hole,13.010873,77.648502,user270,2025-04-01T16:03:00,Bengaluru,3
Pothole #7271,Small crack,12.995291,77.524832,user271,2025-01-23T20:33:00,Bengaluru,3
Pothole #7272,Small crack,12.957946,77.573727,user272,2025-07-04T08:04:00,Bengaluru,1
Pothole #7273,Crater-like,13.034353,77.670393,user273,2025-06-15T00:03:00,Bengaluru,5
Pothole #7274,Damaged patch,13.027167,77.604142,user274,2025-09-05T21:55:00,Bengaluru,4
Pothole #7275,Damaged patch,12.904173,77.65374,user275,2025-08-19T14:17:00,Bengaluru,3
Pothole #7276,Deep hole,12.894013,77.598526,user276,2025-11-19T05:41:00,Bengaluru,2
Pothole #7277,Deep hole,12.859249,77.553995,user277,2025-04-08T09:21:00,Bengaluru,4
Pothole #7278,Needs repair,12.861764,77.6699,user278,2025-11-16T05:51:00,Bengaluru,4
Pothole #7279,Needs repair,12.930666,77.590554,user279,2025-06-14T03:05:00,Bengaluru,5
Pothole #7280,Deep hole,13.049734,77.532052,user280,2025-04-28T15:45:00,Bengaluru,2
Pothole #7281,Deep hole,12.887689,77.568454,user281,2025-09-27T02:19:00,Bengaluru,5
Pothole #7282,Causes skidding,12.932669,77.690272,user282,2025-03-10T03:19:00,Bengaluru,3
Pothole #7283,Crater-like,12.919225,77.507994,user283,2025-08-05T13:03:00,Bengaluru,1
Pothole #7284,Damaged patch,12.930448,77.656152,user284,2025-11-24T23:06:00,Bengaluru,1
Pothole #7285,Needs repair,12.865642,77.504996,user285,2025-11-28T19:17:00,Bengaluru,4
Pothole #7286,Small crack,12.889542,77.628206,user286,2025-05-07T22:18:00,Bengaluru,5
Pothole #7287,Needs repair,13.048805,77.733404,user287,2025-08-06T10:52:00,Bengaluru,1
Pothole #7288,Crater-like,12.867303,77.682305,user288,2025-03-14T14:58:00,Bengaluru,5
Pothole #7289,Needs repair,12.92402,77.593367,user289,2025-04-20T06:35:00,Bengaluru,4
Pothole #7290,Small crack,12.877906,77.540513,user290,2025-03-06T04:55:00,Bengaluru,3
Pothole #7291,Needs repair,12.971506,77.746638,user291,2025-09-02T05:58:00,Bengaluru,5
Pothole #7292,Damaged patch,12.979665,77.748801,user292,2025-04-01T15:02:00,Bengaluru,4
Pothole #7293,Needs repair,12.968521,77.73022,user293,2025-11-22T06:11:00,Bengaluru,2
Pothole #7294,Needs repair,12.958954,77.600901,user294,2025-06-13T09:58:00,Bengaluru,2
Pothole #7295,Deep hole,12.967272,77.727099,user295,2025-11-24T04:04:00,Bengaluru,4
Pothole #7296,Needs repair,12.986954,77.650934,user296,2025-08-11T21:12:00,Bengaluru,3
Pothole #7297,Small crack,13.026034,77.631895,user297,2025-06-07T15:51:00,Bengaluru,2
Pothole #7298,Causes skidding,12.928426,77.629296,user298,2025-05-25T12:13:00,Bengaluru,3
Pothole #7299,Causes skidding,12.902654,77.536377,user299,2025-01-04T13:07:00,Bengaluru,2
Pothole #7300,Damaged patch,13.036299,77.557587,user300,2025-08-11T20:26:00,Bengaluru,3
Pothole #7301,Small crack,12.895957,77.610456,user301,2025-04-11T23:35:00,Bengaluru,1
Pothole #7302,Deep hole,13.039674,77.67669,user302,2025-04-03T07:47:00,Bengaluru,2
Pothole #7303,Deep hole,12.869074,77.517918,user303,2025-06-07T03:45:00,Bengaluru,4
Pothole #7304,Needs repair,13.004147,77.666964,user304,2025-08-08T14:13:00,Bengaluru,4
Pothole #7305,Needs repair,12.995158,77.558786,user305,2025-04-19T15:05:00,Bengaluru,2
Pothole #7306,Small crack,12.949179,77.669487,user306,2025-03-07T08:16:00,Bengaluru,1
Pothole #7307,Needs repair,12.922892,77.635265,user307,2025-05-11T00:57:00,Bengaluru,3
Pothole #7308,Small crack,12.978882,77.553197,user308,2025-04-02T19:03:00,Bengaluru,5
Pothole #7309,Deep hole,12.997261,77.511047,user309,2025-09-22T22:43:00,Bengaluru,2
Pothole #7310,Crater-like,13.046367,77.656144,user310,2025-04-15T03:01:00,Bengaluru,1
Pothole #7311,Small crack,12.928186,77.668266,user311,2025-04-05T03:05:00,Bengaluru,5
Pothole #7312,Needs repair,13.027456,77.527257,user312,2025-04-11T14:46:00,Bengaluru,1
Pothole #7313,Damaged patch,13.009107,77.748612,user313,2025-05-24T07:28:00,Bengaluru,4
Pothole #7314,Damaged patch,12.862553,77.59147,user314,2025-08-15T09:56:00,Bengaluru,1
Pothole #7315,Small crack,12.860909,77.731657,user315,2025-06-12T14:02:00,Bengaluru,1
Pothole #7316,Needs repair,12.942807,77.583064,user316,2025-06-02T06:22:00,Bengaluru,1
Pothole #7317,Small crack,12.917377,77.715184,user317,2025-06-09T05:22:00,Bengaluru,3
Pothole #7318,Needs repair,12.960578,77.685047,user318,2025-05-07T21:45:00,Bengaluru,1
Pothole #7319,Deep hole,13.013279,77.522864,user319,2025-05-10T02:20:00,Bengaluru,1
Pothole #7320,Small crack,12.901017,77.689906,user320,2025-09-17T17:49:00,Bengaluru,2
Pothole #7321,Deep hole,12.873574,77.737381,user321,2025-02-03T09:14:00,Bengaluru,5
Pothole #7322,Small crack,12.964871,77.55782,user322,2025-10-06T16:41:00,Bengaluru,2
Pothole #7323,Deep hole,13.009919,77.567292,user323,2025-05-11T18:59:00,Bengaluru,2
Pothole #7324,Crater-like,13.028603,77.651726,user324,2025-02-23T20:42:00,Bengaluru,2
Pothole #7325,Deep hole,12.986098,77.749962,user325,2025-06-20T15:47:00,Bengaluru,5
Pothole #7326,Small crack,12.929408,77.624869,user326,2025-02-07T22:57:00,Bengaluru,3
Pothole #7327,Damaged patch,12.892562,77.626335,user327,2025-07-16T20:10:00,Bengaluru,1
Pothole #7328,Damaged patch,12.998512,77.729704,user328,2025-03-01T08:19:00,Bengaluru,4
Pothole #7329,Crater-like,12.960345,77.708066,user329,2025-09-10T07:53:00,Bengaluru,3
Pothole #7330,Damaged patch,13.018706,77.690406,user330,2025-01-17T18:45:00,Bengaluru,3
Pothole #7331,Causes skidding,12.860346,77.699836,user331,2025-10-08T04:19:00,Bengaluru,1
Pothole #7332,Needs repair,12.903854,77.723226,user332,2025-09-14T01:12:00,Bengaluru,3
Pothole #7333,Needs repair,12.934452,77.522564,user333,2025-11-22T00:43:00,Bengaluru,1
Pothole #7334,Damaged patch,12.988655,77.508615,user334,2025-05-03T05:41:00,Bengaluru,5
Pothole #7335,Small crack,12.943723,77.551654,user335,2025-10-26T12:48:00,Bengaluru,5
Pothole #7336,Small crack,12.987269,77.544384,user336,2025-09-03T15:20:00,Bengaluru,1
Pothole #7337,Deep hole,13.038,77.58688,user337,2025-07-14T14:45:00,Bengaluru,3
Pothole #7338,Small crack,12.943157,77.52818,user338,2025-02-09T23:35:00,Bengaluru,2
Pothole #7339,Damaged patch,12.898573,77.503864,user339,2025-04-13T00:04:00,Bengaluru,5
Pothole #7340,Deep hole,12.911052,77.508122,user340,2025-05-10T11:34:00,Bengaluru,3
Pothole #7341,Needs repair,13.030929,77.642193,user341,2025-11-15T04:10:00,Bengaluru,3
Pothole #7342,Deep hole,12.885315,77.660664,user342,2025-03-13T01:57:00,Bengaluru,4
Pothole #7343,Needs repair,13.01742,77.548628,user343,2025-02-23T22:46:00,Bengaluru,4
Pothole #7344,Damaged patch,13.018356,77.566207,user344,2025-01-11T06:02:00,Bengaluru,5
Pothole #7345,Crater-like,13.008419,77.665169,user345,2025-08-10T05:04:00,Bengaluru,3
Pothole #7346,Damaged patch,13.00825,77.595698,user346,2025-01-22T03:14:00,Bengaluru,4
Pothole #7347,Small crack,12.97749,77.563149,user347,2025-06-13T14:15:00,Bengaluru,1
Pothole #7348,Causes skidding,12.930883,77.616038,user348,2025-07-20T18:49:00,Bengaluru,3
Pothole #7349,Deep hole,12.991172,77.63644,user349,2025-05-27T01:42:00,Bengaluru,3
Pothole #7350,Crater-like,12.86856,77.556914,user350,2025-07-05T08:47:00,Bengaluru,5
Pothole #7351,Needs repair,12.94201,77.624488,user351,2025-02-17T16:36:00,Bengaluru,3
Pothole #7352,Needs repair,12.956847,77.544738,user352,2025-07-28T17:47:00,Bengaluru,2
Pothole #7353,Needs repair,12.85302,77.731578,user353,2025-06-23T02:37:00,Bengaluru,4
Pothole #7354,Needs repair,13.045243,77.64507,user354,2025-07-15T22:55:00,Bengaluru,5
Pothole #7355,Needs repair,12.943191,77.738239,user355,2025-10-16T17:19:00,Bengaluru,1
Pothole #7356,Deep hole,12.97137,77.682202,user356,2025-06-20T13:45:00,Bengaluru,5
Pothole #7357,Deep hole,13.021854,77.546577,user357,2025-09-27T23:05:00,Bengaluru,1
Pothole #7358,Needs repair,12.921449,77.573107,user358,2025-11-18T19:40:00,Bengaluru,4
Pothole #7359,Damaged patch,12.99754,77.516723,user359,2025-03-06T23:00:00,Bengaluru,5
Pothole #7360,Small crack,13.003544,77.654407,user360,2025-01-02T01:24:00,Bengaluru,3
Pothole #7361,Crater-like,12.892,77.51359,user361,2025-02-16T20:20:00,Bengaluru,2
Pothole #7362,Needs repair,12.876439,77.573511,user362,2025-04-03T05:39:00,Bengaluru,5
Pothole #7363,Needs repair,13.011122,77.694745,user363,2025-05-13T07:34:00,Bengaluru,1
Pothole #7364,Damaged patch,13.001159,77.577425,user364,2025-01-12T05:54:00,Bengaluru,3
Pothole #7365,Small crack,12.986713,77.562418,user365,2025-11-24T21:25:00,Bengaluru,5
Pothole #7366,Causes skidding,13.015426,77.739885,user366,2025-09-07T13:17:00,Bengaluru,1
Pothole #7367,Crater-like,12.857923,77.748673,user367,2025-05-16T02:35:00,Bengaluru,4
Pothole #7368,Deep hole,13.024611,77.707243,user368,2025-04-13T22:27:00,Bengaluru,4
Pothole #7369,Causes skidding,12.99065,77.676073,user369,2025-06-26T14:52:00,Bengaluru,2
Pothole #7370,Needs repair,12.999492,77.638488,user370,2025-06-04T21:48:00,Bengaluru,3
Pothole #7371,Crater-like,13.032031,77.565709,user371,2025-09-10T13:14:00,Bengaluru,5
Pothole #7372,Needs repair,13.04611,77.649093,user372,2025-09-17T13:27:00,Bengaluru,4
Pothole #7373,Causes skidding,12.922018,77.742294,user373,2025-03-11T18:34:00,Bengaluru,1
Pothole #7374,Crater-like,12.875474,77.702284,user374,2025-09-11T18:39:00,Bengaluru,4
Pothole #7375,Deep hole,12.989937,77.645244,user375,2025-03-05T09:37:00,Bengaluru,2
Pothole #7376,Needs repair,12.870185,77.601746,user376,2025-05-24T11:19:00,Bengaluru,2
Pothole #7377,Deep hole,12.901429,77.541998,user377,2025-08-19T19:54:00,Bengaluru,3
Pothole #7378,Deep hole,13.022351,77.702034,user378,2025-02-03T02:01:00,Bengaluru,5
Pothole #7379,Crater-like,12.891435,77.538737,user379,2025-01-01T22:00:00,Bengaluru,4
Pothole #7380,Needs repair,13.011863,77.684456,user380,2025-10-18T19:20:00,Bengaluru,5
Pothole #7381,Causes skidding,12.996069,77.692294,user381,2025-09-26T06:27:00,Bengaluru,3
Pothole #7382,Small crack,12.895273,77.645371,user382,2025-03-13T22:22:00,Bengaluru,5
Pothole #7383,Damaged patch,13.045343,77.60891,user383,2025-11-20T08:27:00,Bengaluru,3
Pothole #7384,Small crack,12.997369,77.714479,user384,2025-02-11T23:40:00,Bengaluru,4
Pothole #7385,Needs repair,12.969564,77.628749,user385,2025-11-25T03:07:00,Bengaluru,4
Pothole #7386,Crater-like,13.005933,77.690011,user386,2025-01-18T00:28:00,Bengaluru,3
Pothole #7387,Small crack,12.992732,77.660667,user387,2025-10-05T19:17:00,Bengaluru,3
Pothole #7388,Crater-like,13.040816,77.729838,user388,2025-08-03T21:35:00,Bengaluru,3
Pothole #7389,Deep hole,12.925928,77.643091,user389,2025-01-14T14:35:00,Bengaluru,1
Pothole #7390,Deep hole,12.895934,77.632581,user390,2025-06-07T01:55:00,Bengaluru,3
Pothole #7391,Crater-like,12.992955,77.709725,user391,2025-06-18T00:01:00,Bengaluru,2
Pothole #7392,Small crack,13.007242,77.739965,user392,2025-11-26T00:13:00,Bengaluru,2
Pothole #7393,Needs repair,13.039878,77.623642,user393,2025-07-01T14:53:00,Bengaluru,1
Pothole #7394,Small crack,13.033244,77.710546,user394,2025-01-28T15:57:00,Bengaluru,2
Pothole #7395,Crater-like,12.866401,77.735122,user395,2025-02-23T17:42:00,Bengaluru,4
Pothole #7396,Crater-like,12.947655,77.72639,user396,2025-06-20T12:07:00,Bengaluru,5
Pothole #7397,Needs repair,13.023544,77.69372,user397,2025-11-07T16:51:00,Bengaluru,5
Pothole #7398,Small crack,12.987734,77.669871,user398,2025-01-01T13:06:00,Bengaluru,3
Pothole #7399,Small crack,13.022945,77.642429,user399,2025-10-12T07:58:00,Bengaluru,2
Pothole #7400,Damaged patch,12.962741,77.68665,user400,2025-10-01T17:59:00,Bengaluru,5
Pothole #7401,Needs repair,12.880807,77.550288,user401,2025-08-18T18:26:00,Bengaluru,1
Pothole #7402,Causes skidding,12.885172,77.502154,user402,2025-11-07T18:47:00,Bengaluru,1
Pothole #7403,Causes skidding,12.889758,77.626798,user403,2025-11-13T15:36:00,Bengaluru,4
Pothole #7404,Needs repair,12.913348,77.638555,user404,2025-07-01T00:47:00,Bengaluru,4
Pothole #7405,Damaged patch,12.96226,77.707521,user405,2025-05-09T15:14:00,Bengaluru,5
Pothole #7406,Deep hole,12.963659,77.625904,user406,2025-01-20T04:10:00,Bengaluru,3
Pothole #7407,Deep hole,12.996312,77.626081,user407,2025-09-11T19:42:00,Bengaluru,4
Pothole #7408,Causes skidding,12.992087,77.676597,user408,2025-01-10T23:05:00,Bengaluru,2
Pothole #7409,Causes skidding,13.007631,77.603892,user409,2025-11-01T14:04:00,Bengaluru,5
Pothole #7410,Causes skidding,12.902523,77.547278,user410,2025-11-05T15:51:00,Bengaluru,4
Pothole #7411,Needs repair,12.85408,77.521885,user411,2025-02-05T10:49:00,Bengaluru,3
Pothole #7412,Damaged patch,13.043479,77.627493,user412,2025-10-12T00:38:00,Bengaluru,1
Pothole #7413,Causes skidding,13.032006,77.553445,user413,2025-06-10T10:10:00,Bengaluru,1
Pothole #7414,Small crack,13.010472,77.600116,user414,2025-08-26T21:14:00,Bengaluru,1
Pothole #7415,Causes skidding,12.946164,77.529683,user415,2025-07-13T08:08:00,Bengaluru,5
Pothole #7416,Needs repair,13.013694,77.583303,user416,2025-02-28T00:29:00,Bengaluru,2
Pothole #7417,Damaged patch,12.956762,77.631441,user417,2025-08-13T01:32:00,Bengaluru,2
Pothole #7418,Needs repair,12.900325,77.50721,user418,2025-04-17T06:40:00,Bengaluru,2
Pothole #7419,Needs repair,12.868517,77.5331,user419,2025-06-19T17:21:00,Bengaluru,2
Pothole #7420,Deep hole,13.016982,77.562229,user420,2025-07-28T09:31:00,Bengaluru,5
Pothole #7421,Small crack,12.975348,77.529223,user421,2025-08-23T17:47:00,Bengaluru,4
Pothole #7422,Deep hole,12.895113,77.607812,user422,2025-10-25T15:31:00,Bengaluru,5
Pothole #7423,Needs repair,12.865011,77.539886,user423,2025-02-23T08:02:00,Bengaluru,4
Pothole #7424,Crater-like,12.862379,77.636793,user424,2025-05-26T10:40:00,Bengaluru,1
Pothole #7425,Deep hole,12.952588,77.541018,user425,2025-10-14T10:32:00,Bengaluru,1
Pothole #7426,Causes skidding,13.033273,77.504869,user426,2025-01-20T05:18:00,Bengaluru,1
Pothole #7427,Causes skidding,12.851288,77.53265,user427,2025-04-12T18:23:00,Bengaluru,1
Pothole #7428,Crater-like,13.009599,77.638616,user428,2025-07-25T13:19:00,Bengaluru,1
Pothole #7429,Deep hole,12.947506,77.634441,user429,2025-06-27T12:16:00,Bengaluru,3
Pothole #7430,Small crack,12.901822,77.678493,user430,2025-05-25T02:35:00,Bengaluru,2
Pothole #7431,Deep hole,12.906586,77.5328,user431,2025-08-12T19:32:00,Bengaluru,5
Pothole #7432,Deep hole,12.8797,77.660826,user432,2025-08-05T23:26:00,Bengaluru,1
Pothole #7433,Needs repair,12.876887,77.627886,user433,2025-06-07T14:45:00,Bengaluru,5
Pothole #7434,Causes skidding,12.878021,77.52495,user434,2025-09-15T07:51:00,Bengaluru,4
Pothole #7435,Small crack,13.026526,77.618232,user435,2025-07-18T12:27:00,Bengaluru,1
Pothole #7436,Deep hole,12.866936,77.548245,user436,2025-08-05T17:14:00,Bengaluru,5
Pothole #7437,Causes skidding,12.900631,77.597872,user437,2025-07-05T00:23:00,Bengaluru,3
Pothole #7438,Needs repair,12.926086,77.630469,user438,2025-01-23T08:32:00,Bengaluru,1
Pothole #7439,Deep hole,12.97528,77.720301,user439,2025-02-23T09:38:00,Bengaluru,4
Pothole #7440,Needs repair,13.00767,77.592007,user440,2025-07-20T09:15:00,Bengaluru,3
Pothole #7441,Damaged patch,12.930734,77.653078,user441,2025-09-16T06:13:00,Bengaluru,1
Pothole #7442,Small crack,12.911899,77.607282,user442,2025-09-18T04:35:00,Bengaluru,1
Pothole #7443,Crater-like,12.978555,77.670388,user443,2025-08-23T15:44:00,Bengaluru,4
Pothole #7444,Causes skidding,12.905829,77.693953,user444,2025-05-18T05:19:00,Bengaluru,2
Pothole #7445,Causes skidding,12.874348,77.675172,user445,2025-10-23T03:06:00,Bengaluru,4
Pothole #7446,Deep hole,12.951042,77.626779,user446,2025-09-16T18:08:00,Bengaluru,3
Pothole #7447,Needs repair,12.913432,77.532262,user447,2025-03-26T23:32:00,Bengaluru,1
Pothole #7448,Deep hole,12.975104,77.713315,user448,2025-07-15T09:30:00,Bengaluru,5
Pothole #7449,Causes skidding,12.955498,77.73284,user449,2025-08-01T23:53:00,Bengaluru,2
Pothole #7450,Deep hole,13.003996,77.660517,user450,2025-06-22T19:01:00,Bengaluru,5
Pothole #7451,Deep hole,12.870386,77.660277,user451,2025-02-05T17:51:00,Bengaluru,3
Pothole #7452,Damaged patch,12.904859,77.68592,user452,2025-03-15T19:21:00,Bengaluru,2
Pothole #7453,Small crack,12.995721,77.525969,user453,2025-01-06T02:57:00,Bengaluru,3
Pothole #7454,Crater-like,12.998755,77.644434,user454,2025-06-18T22:46:00,Bengaluru,2
Pothole #7455,Small crack,13.049799,77.67217,user455,2025-03-26T08:05:00,Bengaluru,2
Pothole #7456,Deep hole,12.951237,77.556814,user456,2025-11-08T12:01:00,Bengaluru,5
Pothole #7457,Small crack,12.905797,77.627448,user457,2025-09-07T14:00:00,Bengaluru,4
Pothole #7458,Causes skidding,12.93393,77.625656,user458,2025-04-11T18:30:00,Bengaluru,2
Pothole #7459,Causes skidding,12.951144,77.524611,user459,2025-05-04T14:39:00,Bengaluru,1
Pothole #7460,Small crack,12.959826,77.74068,user460,2025-03-23T14:00:00,Bengaluru,1
Pothole #7461,Small crack,12.856405,77.626851,user461,2025-03-21T18:49:00,Bengaluru,1
Pothole #7462,Causes skidding,13.00958,77.564888,user462,2025-01-25T00:50:00,Bengaluru,1
Pothole #7463,Damaged patch,12.882234,77.738779,user463,2025-09-13T14:15:00,Bengaluru,4
Pothole #7464,Needs repair,12.921906,77.561781,user464,2025-03-28T16:56:00,Bengaluru,2
Pothole #7465,Small crack,12.895342,77.71936,user465,2025-11-01T09:25:00,Bengaluru,1
Pothole #7466,Crater-like,12.892956,77.541445,user466,2025-06-19T01:57:00,Bengaluru,5
Pothole #7467,Causes skidding,12.866679,77.735851,user467,2025-11-18T01:54:00,Bengaluru,1
Pothole #7468,Damaged patch,13.046003,77.660242,user468,2025-02-20T13:35:00,Bengaluru,5
Pothole #7469,Small crack,12.983116,77.681962,user469,2025-01-13T11:22:00,Bengaluru,3
Pothole #7470,Crater-like,13.043627,77.662469,user470,2025-02-24T18:42:00,Bengaluru,4
Pothole #7471,Causes skidding,12.929555,77.638574,user471,2025-08-26T05:29:00,Bengaluru,4
Pothole #7472,Causes skidding,12.902563,77.535701,user472,2025-06-07T23:44:00,Bengaluru,2
Pothole #7473,Crater-like,12.871205,77.50179,user473,2025-06-13T07:14:00,Bengaluru,2
Pothole #7474,Damaged patch,12.959397,77.529964,user474,2025-07-07T09:28:00,Bengaluru,1
Pothole #7475,Causes skidding,12.981632,77.61953,user475,2025-08-18T11:51:00,Bengaluru,1
Pothole #7476,Damaged patch,12.863962,77.73516,user476,2025-05-02T02:54:00,Bengaluru,1
Pothole #7477,Needs repair,12.94899,77.679964,user477,2025-06-05T15:08:00,Bengaluru,2
Pothole #7478,Causes skidding,13.011028,77.626775,user478,2025-06-27T17:33:00,Bengaluru,4
Pothole #7479,Causes skidding,12.857123,77.617236,user479,2025-08-23T18:33:00,Bengaluru,3
Pothole #7480,Needs repair,12.925313,77.726029,user480,2025-10-05T01:21:00,Bengaluru,3
Pothole #7481,Crater-like,13.005556,77.715849,user481,2025-03-13T07:20:00,Bengaluru,4
Pothole #7482,Small crack,12.890626,77.556854,user482,2025-06-07T13:44:00,Bengaluru,3
Pothole #7483,Small crack,12.940932,77.555705,user483,2025-04-11T11:20:00,Bengaluru,5
Pothole #7484,Crater-like,12.941252,77.724037,user484,2025-02-03T21:56:00,Bengaluru,3
Pothole #7485,Deep hole,12.959954,77.526204,user485,2025-11-07T07:38:00,Bengaluru,2
Pothole #7486,Damaged patch,12.860108,77.52234,user486,2025-01-01T13:57:00,Bengaluru,4
Pothole #7487,Causes skidding,13.036758,77.716061,user487,2025-02-24T04:11:00,Bengaluru,5
Pothole #7488,Small crack,12.895278,77.594112,user488,2025-08-01T20:20:00,Bengaluru,4
Pothole #7489,Damaged patch,12.949384,77.640682,user489,2025-07-13T02:35:00,Bengaluru,2
Pothole #7490,Crater-like,12.873916,77.582786,user490,2025-09-04T07:50:00,Bengaluru,3
Pothole #7491,Damaged patch,13.031107,77.715393,user491,2025-06-21T16:49:00,Bengaluru,4
Pothole #7492,Crater-like,12.885408,77.747785,user492,2025-06-03T15:40:00,Bengaluru,5
Pothole #7493,Crater-like,12.968873,77.704593,user493,2025-05-11T16:45:00,Bengaluru,4
Pothole #7494,Crater-like,12.952468,77.557782,user494,2025-08-10T17:55:00,Bengaluru,3
Pothole #7495,Deep hole,13.023852,77.724821,user495,2025-09-09T08:14:00,Bengaluru,2
Pothole #7496,Deep hole,12.980674,77.587378,user496,2025-02-01T05:31:00,Bengaluru,4
Pothole #7497,Damaged patch,12.884459,77.548607,user497,2025-09-09T02:38:00,Bengaluru,3
Pothole #7498,Crater-like,13.005156,77.749906,user498,2025-01-25T03:04:00,Bengaluru,4
Pothole #7499,Needs repair,12.899524,77.519735,user499,2025-09-17T23:25:00,Bengaluru,5
Pothole #7500,Damaged patch,12.893788,77.671337,user0,2025-09-11T04:31:00,Bengaluru,3
Pothole #7501,Small crack,12.856421,77.669424,user1,2025-01-23T06:15:00,Bengaluru,3
Pothole #7502,Needs repair,12.868274,77.669946,user2,2025-06-07T09:18:00,Bengaluru,5
Pothole #7503,Crater-like,13.015985,77.677542,user3,2025-09-26T06:47:00,Bengaluru,3
Pothole #7504,Needs repair,12.899776,77.730167,user4,2025-11-21T02:21:00,Bengaluru,3
Pothole #7505,Causes skidding,12.920318,77.65104,user5,2025-11-21T06:55:00,Bengaluru,2
Pothole #7506,Damaged patch,12.951569,77.545658,user6,2025-09-25T18:05:00,Bengaluru,4
Pothole #7507,Causes skidding,12.928301,77.502274,user7,2025-01-05T21:51:00,Bengaluru,3
Pothole #7508,Needs repair,12.997811,77.573757,user8,2025-01-12T20:54:00,Bengaluru,1
Pothole #7509,Damaged patch,12.997036,77.537642,user9,2025-05-02T19:59:00,Bengaluru,5
Pothole #7510,Needs repair,12.857305,77.537915,user10,2025-01-19T02:54:00,Bengaluru,3
Pothole #7511,Crater-like,12.937396,77.502444,user11,2025-04-22T20:50:00,Bengaluru,2
Pothole #7512,Damaged patch,13.035013,77.712557,user12,2025-04-16T05:38:00,Bengaluru,5
Pothole #7513,Small crack,12.950912,77.699922,user13,2025-03-03T09:43:00,Bengaluru,4
Pothole #7514,Needs repair,13.022642,77.530692,user14,2025-04-01T18:50:00,Bengaluru,2
Pothole #7515,Damaged patch,12.863286,77.514871,user15,2025-08-28T01:28:00,Bengaluru,3
Pothole #7516,Damaged patch,12.85496,77.701308,user16,2025-02-02T01:07:00,Bengaluru,3
Pothole #7517,Needs repair,12.994987,77.714298,user17,2025-06-12T00:13:00,Bengaluru,2
Pothole #7518,Small crack,12.862302,77.569717,user18,2025-01-17T18:41:00,Bengaluru,4
Pothole #7519,Crater-like,12.928364,77.652161,user19,2025-02-14T13:45:00,Bengaluru,2
Pothole #7520,Needs repair,12.863518,77.648139,user20,2025-11-23T12:16:00,Bengaluru,3
Pothole #7521,Needs repair,12.956887,77.617957,user21,2025-03-09T01:51:00,Bengaluru,2
Pothole #7522,Damaged patch,13.034355,77.544587,user22,2025-04-04T03:20:00,Bengaluru,5
Pothole #7523,Needs repair,12.930567,77.543366,user23,2025-02-11T03:22:00,Bengaluru,2
Pothole #7524,Needs repair,12.954778,77.60834,user24,2025-08-12T09:07:00,Bengaluru,3
Pothole #7525,Crater-like,12.97749,77.584614,user25,2025-06-27T10:42:00,Bengaluru,4
Pothole #7526,Causes skidding,12.904995,77.566912,user26,2025-05-18T12:52:00,Bengaluru,1
Pothole #7527,Damaged patch,13.041757,77.628915,user27,2025-09-15T01:54:00,Bengaluru,4
Pothole #7528,Damaged patch,12.901049,77.537502,user28,2025-10-11T16:55:00,Bengaluru,2
Pothole #7529,Needs repair,13.012936,77.698717,user29,2025-04-22T03:31:00,Bengaluru,4
Pothole #7530,Small crack,12.949889,77.603575,user30,2025-10-26T16:21:00,Bengaluru,5
Pothole #7531,Crater-like,12.940489,77.51751,user31,2025-06-13T02:55:00,Bengaluru,3
Pothole #7532,Needs repair,12.933644,77.636988,user32,2025-04-02T04:16:00,Bengaluru,4
Pothole #7533,Small crack,12.904388,77.73356,user33,2025-03-09T02:57:00,Bengaluru,5
Pothole #7534,Crater-like,12.851796,77.651828,user34,2025-03-03T03:26:00,Bengaluru,5
Pothole #7535,Small crack,12.952682,77.586046,user35,2025-06-08T22:20:00,Bengaluru,2
Pothole #7536,Crater-like,13.003157,77.73278,user36,2025-04-19T23:56:00,Bengaluru,1
Pothole #7537,Damaged patch,12.850153,77.504309,user37,2025-10-18T16:34:00,Bengaluru,1
Pothole #7538,Small crack,12.934805,77.540417,user38,2025-10-26T18:27:00,Bengaluru,3
Pothole #7539,Needs repair,12.892686,77.737296,user39,2025-06-10T12:14:00,Bengaluru,2
Pothole #7540,Crater-like,12.877953,77.681261,user40,2025-07-07T14:34:00,Bengaluru,1
Pothole #7541,Deep hole,13.020634,77.562866,user41,2025-05-14T21:52:00,Bengaluru,2
Pothole #7542,Damaged patch,12.866758,77.670242,user42,2025-09-05T02:25:00,Bengaluru,5
Pothole #7543,Small crack,13.010577,77.612228,user43,2025-02-05T12:26:00,Bengaluru,3
Pothole #7544,Needs repair,12.932559,77.569052,user44,2025-05-12T10:06:00,Bengaluru,5
Pothole #7545,Damaged patch,12.908073,77.68559,user45,2025-10-28T14:42:00,Bengaluru,1
Pothole #7546,Deep hole,12.970431,77.594645,user46,2025-04-04T09:18:00,Bengaluru,1
Pothole #7547,Crater-like,12.882207,77.671432,user47,2025-06-07T10:57:00,Bengaluru,4
Pothole #7548,Causes skidding,13.036312,77.569205,user48,2025-01-04T11:19:00,Bengaluru,2
Pothole #7549,Deep hole,13.010296,77.525603,user49,2025-05-02T18:02:00,Bengaluru,4
Pothole #7550,Causes skidding,12.922714,77.607626,user50,2025-06-14T13:29:00,Bengaluru,5
Pothole #7551,Small crack,12.994743,77.744804,user51,2025-07-23T01:52:00,Bengaluru,4
Pothole #7552,Small crack,12.974318,77.677493,user52,2025-04-03T16:21:00,Bengaluru,4
Pothole #7553,Crater-like,12.9199,77.728145,user53,2025-08-07T16:52:00,Bengaluru,3
Pothole #7554,Needs repair,13.036104,77.514863,user54,2025-10-01T17:00:00,Bengaluru,3
Pothole #7555,Small crack,12.998701,77.540833,user55,2025-04-22T06:48:00,Bengaluru,5
Pothole #7556,Crater-like,12.910338,77.610357,user56,2025-01-17T07:43:00,Bengaluru,2
Pothole #7557,Needs repair,12.880844,77.706553,user57,2025-02-09T03:42:00,Bengaluru,3
Pothole #7558,Needs repair,12.931686,77.577359,user58,2025-09-14T12:13:00,Bengaluru,1
Pothole #7559,Damaged patch,12.970691,77.627376,user59,2025-03-09T01:24:00,Bengaluru,4
Pothole #7560,Causes skidding,13.048859,77.693917,user60,2025-02-12T17:07:00,Bengaluru,2
Pothole #7561,Small crack,12.927181,77.589369,user61,2025-10-28T13:39:00,Bengaluru,1
Pothole #7562,Damaged patch,13.043667,77.666531,user62,2025-06-12T17:38:00,Bengaluru,5
Pothole #7563,Small crack,12.885975,77.525343,user63,2025-07-13T18:33:00,Bengaluru,3
Pothole #7564,Crater-like,12.991722,77.616812,user64,2025-01-08T13:06:00,Bengaluru,4
Pothole #7565,Causes skidding,12.947134,77.740216,user65,2025-08-19T10:16:00,Bengaluru,1
Pothole #7566,Crater-like,12.997766,77.630532,user66,2025-02-09T02:17:00,Bengaluru,5
Pothole #7567,Crater-like,12.999344,77.500377,user67,2025-04-10T04:39:00,Bengaluru,4
Pothole #7568,Small crack,12.921352,77.595675,user68,2025-01-01T05:49:00,Bengaluru,4
Pothole #7569,Needs repair,13.01674,77.555286,user69,2025-02-01T06:38:00,Bengaluru,4
Pothole #7570,Needs repair,12.923873,77.693042,user70,2025-02-28T21:12:00,Bengaluru,2
Pothole #7571,Deep hole,13.015243,77.517757,user71,2025-01-04T12:08:00,Bengaluru,3
Pothole #7572,Causes skidding,12.980849,77.61904,user72,2025-03-28T13:40:00,Bengaluru,1
Pothole #7573,Crater-like,12.877672,77.727073,user73,2025-05-14T23:11:00,Bengaluru,5
Pothole #7574,Causes skidding,12.944174,77.555603,user74,2025-04-17T04:46:00,Bengaluru,2
Pothole #7575,Causes skidding,12.851491,77.673706,user75,2025-01-09T17:08:00,Bengaluru,4
Pothole #7576,Crater-like,12.90054,77.655681,user76,2025-03-10T21:38:00,Bengaluru,4
Pothole #7577,Needs repair,13.046405,77.554174,user77,2025-02-26T14:40:00,Bengaluru,1
Pothole #7578,Crater-like,12.942343,77.561716,user78,2025-04-13T20:35:00,Bengaluru,5
Pothole #7579,Damaged patch,12.856589,77.503269,user79,2025-01-03T07:37:00,Bengaluru,5
Pothole #7580,Crater-like,12.897858,77.713638,user80,2025-06-17T10:05:00,Bengaluru,4
Pothole #7581,Crater-like,13.014633,77.664853,user81,2025-11-03T03:41:00,Bengaluru,5
Pothole #7582,Crater-like,12.888758,77.73542,user82,2025-01-03T09:11:00,Bengaluru,4
Pothole #7583,Deep hole,13.004599,77.719396,user83,2025-10-04T18:27:00,Bengaluru,4
Pothole #7584,Causes skidding,12.917744,77.642255,user84,2025-05-16T16:44:00,Bengaluru,4
Pothole #7585,Damaged patch,12.861745,77.546753,user85,2025-07-24T19:44:00,Bengaluru,2
Pothole #7586,Damaged patch,12.857184,77.679682,user86,2025-04-07T19:27:00,Bengaluru,5
Pothole #7587,Deep hole,13.034871,77.547868,user87,2025-08-12T04:58:00,Bengaluru,5
Pothole #7588,Damaged patch,12.92185,77.576499,user88,2025-04-03T01:05:00,Bengaluru,5
Pothole #7589,Damaged patch,12.878709,77.554165,user89,2025-08-14T21:54:00,Bengaluru,4
Pothole #7590,Damaged patch,12.924241,77.633393,user90,2025-06-05T04:26:00,Bengaluru,3
Pothole #7591,Damaged patch,13.018384,77.662823,user91,2025-10-23T23:39:00,Bengaluru,5
Pothole #7592,Causes skidding,13.023328,77.510978,user92,2025-05-16T08:53:00,Bengaluru,2
Pothole #7593,Needs repair,12.94236,77.528697,user93,2025-10-04T12:02:00,Bengaluru,1
Pothole #7594,Damaged patch,13.024593,77.748427,user94,2025-03-25T08:11:00,Bengaluru,5
Pothole #7595,Needs repair,13.015526,77.509062,user95,2025-05-25T13:36:00,Bengaluru,2
Pothole #7596,Damaged patch,12.878551,77.696709,user96,2025-09-20T22:00:00,Bengaluru,4
Pothole #7597,Causes skidding,13.043459,77.537343,user97,2025-01-11T05:01:00,Bengaluru,2
Pothole #7598,Needs repair,12.938461,77.616252,user98,2025-11-23T20:11:00,Bengaluru,3
Pothole #7599,Causes skidding,12.874677,77.593286,user99,2025-06-20T00:47:00,Bengaluru,1
Pothole #7600,Damaged patch,12.993585,77.600348,user100,2025-02-16T23:47:00,Bengaluru,1
Pothole #7601,Damaged patch,13.008988,77.702629,user101,2025-06-23T07:42:00,Bengaluru,5
Pothole #7602,Needs repair,12.938872,77.612126,user102,2025-04-27T01:26:00,Bengaluru,5
Pothole #7603,Needs repair,12.933733,77.592174,user103,2025-10-19T13:11:00,Bengaluru,1
Pothole #7604,Small crack,12.858736,77.532277,user104,2025-01-12T00:22:00,Bengaluru,5
Pothole #7605,Damaged patch,12.855421,77.508152,user105,2025-01-27T13:37:00,Bengaluru,1
Pothole #7606,Small crack,12.939641,77.568777,user106,2025-05-16T13:23:00,Bengaluru,5
Pothole #7607,Damaged patch,12.917677,77.664473,user107,2025-07-01T04:22:00,Bengaluru,3
Pothole #7608,Small crack,13.035808,77.538739,user108,2025-10-21T19:25:00,Bengaluru,4
Pothole #7609,Damaged patch,12.994299,77.55091,user109,2025-03-07T06:51:00,Bengaluru,5
Pothole #7610,Causes skidding,12.97184,77.564723,user110,2025-03-04T03:42:00,Bengaluru,3
Pothole #7611,Deep hole,13.045704,77.551085,user111,2025-04-16T17:26:00,Bengaluru,1
Pothole #7612,Small crack,12.998576,77.615819,user112,2025-03-03T10:29:00,Bengaluru,4
Pothole #7613,Damaged patch,12.881405,77.676665,user113,2025-04-28T18:12:00,Bengaluru,3
Pothole #7614,Small crack,12.91132,77.58562,user114,2025-04-09T13:43:00,Bengaluru,5
Pothole #7615,Crater-like,13.036705,77.657467,user115,2025-01-05T12:34:00,Bengaluru,4
Pothole #7616,Causes skidding,12.981868,77.695721,user116,2025-04-13T14:31:00,Bengaluru,5
Pothole #7617,Damaged patch,12.973398,77.549902,user117,2025-11-18T02:25:00,Bengaluru,5
Pothole #7618,Small crack,12.999083,77.671845,user118,2025-05-13T20:24:00,Bengaluru,5
Pothole #7619,Crater-like,12.901575,77.61148,user119,2025-07-20T18:17:00,Bengaluru,1
Pothole #7620,Small crack,12.996379,77.711769,user120,2025-11-17T07:24:00,Bengaluru,1
Pothole #7621,Crater-like,12.920634,77.660747,user121,2025-10-04T19:33:00,Bengaluru,4
Pothole #7622,Deep hole,12.935214,77.665267,user122,2025-02-06T03:51:00,Bengaluru,3
Pothole #7623,Crater-like,13.022475,77.706718,user123,2025-04-13T03:03:00,Bengaluru,3
Pothole #7624,Causes skidding,12.97597,77.665915,user124,2025-06-22T05:57:00,Bengaluru,3
Pothole #7625,Damaged patch,12.919785,77.66955,user125,2025-02-23T12:05:00,Bengaluru,3
Pothole #7626,Crater-like,12.935913,77.59797,user126,2025-05-02T19:26:00,Bengaluru,5
Pothole #7627,Crater-like,12.885005,77.513944,user127,2025-07-10T07:05:00,Bengaluru,5
Pothole #7628,Deep hole,12.993559,77.67132,user128,2025-11-25T14:10:00,Bengaluru,4
Pothole #7629,Needs repair,12.861455,77.54835,user129,2025-08-26T04:48:00,Bengaluru,4
Pothole #7630,Deep hole,12.966252,77.591725,user130,2025-10-20T18:42:00,Bengaluru,1
Pothole #7631,Small crack,12.888291,77.592382,user131,2025-07-15T16:39:00,Bengaluru,4
Pothole #7632,Damaged patch,12.857331,77.618413,user132,2025-04-12T19:00:00,Bengaluru,5
Pothole #7633,Causes skidding,12.913636,77.728529,user133,2025-04-14T17:37:00,Bengaluru,4
Pothole #7634,Deep hole,12.859886,77.632655,user134,2025-02-19T10:17:00,Bengaluru,2
Pothole #7635,Causes skidding,12.882758,77.739475,user135,2025-06-21T14:28:00,Bengaluru,5
Pothole #7636,Damaged patch,12.973794,77.549593,user136,2025-01-22T11:52:00,Bengaluru,1
Pothole #7637,Needs repair,12.969699,77.730582,user137,2025-04-02T09:38:00,Bengaluru,4
Pothole #7638,Crater-like,12.973552,77.634469,user138,2025-03-18T15:20:00,Bengaluru,2
Pothole #7639,Damaged patch,12.951876,77.535698,user139,2025-10-05T01:15:00,Bengaluru,2
Pothole #7640,Damaged patch,13.031694,77.615577,user140,2025-01-27T01:21:00,Bengaluru,1
Pothole #7641,Causes skidding,12.917829,77.507226,user141,2025-06-10T04:09:00,Bengaluru,4
Pothole #7642,Needs repair,12.927948,77.692794,user142,2025-02-25T16:58:00,Bengaluru,4
Pothole #7643,Crater-like,12.875066,77.686903,user143,2025-06-24T18:13:00,Bengaluru,3
Pothole #7644,Small crack,12.942212,77.723338,user144,2025-03-06T03:29:00,Bengaluru,5
Pothole #7645,Needs repair,12.904,77.592748,user145,2025-05-24T06:36:00,Bengaluru,4
Pothole #7646,Crater-like,12.962957,77.5341,user146,2025-10-15T19:48:00,Bengaluru,4
Pothole #7647,Deep hole,12.881811,77.555469,user147,2025-09-26T23:27:00,Bengaluru,1
Pothole #7648,Causes skidding,12.957578,77.535407,user148,2025-05-15T06:39:00,Bengaluru,2
Pothole #7649,Small crack,12.917777,77.503789,user149,2025-11-25T09:05:00,Bengaluru,1
Pothole #7650,Crater-like,12.939688,77.614807,user150,2025-10-15T00:57:00,Bengaluru,5
Pothole #7651,Causes skidding,12.981107,77.648031,user151,2025-11-24T15:14:00,Bengaluru,1
Pothole #7652,Small crack,12.953509,77.68593,user152,2025-05-28T20:09:00,Bengaluru,1
Pothole #7653,Crater-like,12.988058,77.668078,user153,2025-03-08T10:35:00,Bengaluru,4
Pothole #7654,Crater-like,12.887507,77.624866,user154,2025-04-06T02:15:00,Bengaluru,5
Pothole #7655,Crater-like,12.910481,77.707515,user155,2025-01-25T20:11:00,Bengaluru,5
Pothole #7656,Damaged patch,12.950215,77.70377,user156,2025-03-25T14:19:00,Bengaluru,5
Pothole #7657,Needs repair,12.890874,77.53348,user157,2025-05-12T04:15:00,Bengaluru,1
Pothole #7658,Damaged patch,12.932957,77.594732,user158,2025-07-05T02:25:00,Bengaluru,2
Pothole #7659,Small crack,13.02554,77.566919,user159,2025-01-16T07:58:00,Bengaluru,1
Pothole #7660,Crater-like,12.959731,77.504424,user160,2025-01-18T23:35:00,Bengaluru,4
Pothole #7661,Needs repair,12.868436,77.598353,user161,2025-01-01T13:01:00,Bengaluru,2
Pothole #7662,Damaged patch,13.006641,77.68364,user162,2025-09-16T07:55:00,Bengaluru,5
Pothole #7663,Small crack,12.864022,77.742928,user163,2025-05-06T19:13:00,Bengaluru,5
Pothole #7664,Needs repair,12.901025,77.50505,user164,2025-02-22T18:11:00,Bengaluru,3
Pothole #7665,Crater-like,12.862735,77.59959,user165,2025-01-17T03:22:00,Bengaluru,5
Pothole #7666,Causes skidding,12.941559,77.666675,user166,2025-03-01T00:00:00,Bengaluru,2
Pothole #7667,Causes skidding,12.922571,77.538051,user167,2025-09-24T18:08:00,Bengaluru,3
Pothole #7668,Deep hole,12.961084,77.692494,user168,2025-07-26T15:17:00,Bengaluru,3
Pothole #7669,Causes skidding,12.944553,77.558194,user169,2025-07-27T01:44:00,Bengaluru,3
Pothole #7670,Damaged patch,12.92207,77.686842,user170,2025-11-26T14:53:00,Bengaluru,5
Pothole #7671,Deep hole,12.923932,77.740159,user171,2025-03-23T01:09:00,Bengaluru,5
Pothole #7672,Causes skidding,12.896758,77.725874,user172,2025-01-20T22:24:00,Bengaluru,3
Pothole #7673,Crater-like,12.963278,77.670516,user173,2025-11-06T20:02:00,Bengaluru,1
Pothole #7674,Crater-like,12.889088,77.59871,user174,2025-09-09T09:10:00,Bengaluru,3
Pothole #7675,Needs repair,12.970879,77.723737,user175,2025-06-22T09:44:00,Bengaluru,2
Pothole #7676,Crater-like,13.003427,77.672955,user176,2025-01-16T01:10:00,Bengaluru,5
Pothole #7677,Needs repair,12.986913,77.644173,user177,2025-02-02T07:28:00,Bengaluru,3
Pothole #7678,Causes skidding,12.915385,77.723775,user178,2025-10-20T10:54:00,Bengaluru,3
Pothole #7679,Causes skidding,13.009713,77.748845,user179,2025-01-01T18:25:00,Bengaluru,5
Pothole #7680,Small crack,12.92017,77.593896,user180,2025-08-10T07:08:00,Bengaluru,4
Pothole #7681,Small crack,12.873611,77.641808,user181,2025-03-18T21:20:00,Bengaluru,4
Pothole #7682,Causes skidding,12.890419,77.690684,user182,2025-07-11T09:46:00,Bengaluru,2
Pothole #7683,Damaged patch,13.041911,77.661613,user183,2025-10-19T14:54:00,Bengaluru,1
Pothole #7684,Small crack,12.933745,77.682781,user184,2025-04-26T02:06:00,Bengaluru,5
Pothole #7685,Needs repair,12.917511,77.603966,user185,2025-01-01T06:13:00,Bengaluru,5
Pothole #7686,Small crack,12.90131,77.530286,user186,2025-06-12T21:06:00,Bengaluru,5
Pothole #7687,Crater-like,12.932956,77.517896,user187,2025-05-05T10:51:00,Bengaluru,4
Pothole #7688,Needs repair,13.022676,77.666345,user188,2025-01-07T04:45:00,Bengaluru,4
Pothole #7689,Crater-like,13.004145,77.563147,user189,2025-04-10T11:01:00,Bengaluru,3
Pothole #7690,Crater-like,12.992531,77.717486,user190,2025-01-28T01:09:00,Bengaluru,5
Pothole #7691,Small crack,12.956364,77.666245,user191,2025-05-11T12:24:00,Bengaluru,5
Pothole #7692,Damaged patch,12.90878,77.512664,user192,2025-06-09T09:22:00,Bengaluru,1
Pothole #7693,Small crack,12.960395,77.513705,user193,2025-07-06T03:45:00,Bengaluru,1
Pothole #7694,Needs repair,12.866975,77.548155,user194,2025-03-02T17:40:00,Bengaluru,2
Pothole #7695,Causes skidding,13.002824,77.724903,user195,2025-08-01T16:01:00,Bengaluru,4
Pothole #7696,Damaged patch,12.902475,77.505834,user196,2025-11-18T14:23:00,Bengaluru,1
Pothole #7697,Damaged patch,12.967443,77.574212,user197,2025-05-18T21:25:00,Bengaluru,5
Pothole #7698,Crater-like,12.902351,77.564647,user198,2025-07-11T14:43:00,Bengaluru,4
Pothole #7699,Damaged patch,12.923707,77.62062,user199,2025-04-19T03:32:00,Bengaluru,4
Pothole #7700,Causes skidding,13.006676,77.728123,user200,2025-08-04T06:23:00,Bengaluru,5
Pothole #7701,Crater-like,13.042006,77.548378,user201,2025-07-18T13:10:00,Bengaluru,5
Pothole #7702,Deep hole,13.034809,77.544218,user202,2025-07-19T18:48:00,Bengaluru,2
Pothole #7703,Damaged patch,12.852246,77.614348,user203,2025-01-25T05:30:00,Bengaluru,1
Pothole #7704,Causes skidding,12.945717,77.621625,user204,2025-05-09T01:35:00,Bengaluru,3
Pothole #7705,Damaged patch,12.99283,77.648003,user205,2025-09-09T13:15:00,Bengaluru,5
Pothole #7706,Small crack,13.011161,77.511413,user206,2025-08-05T11:13:00,Bengaluru,4
Pothole #7707,Small crack,13.032006,77.51538,user207,2025-03-28T10:49:00,Bengaluru,2
Pothole #7708,Crater-like,13.014466,77.669213,user208,2025-01-09T10:50:00,Bengaluru,4
Pothole #7709,Small crack,12.896349,77.621352,user209,2025-04-08T13:14:00,Bengaluru,2
Pothole #7710,Needs repair,12.948584,77.670165,user210,2025-11-23T23:14:00,Bengaluru,4
Pothole #7711,Deep hole,12.918434,77.551535,user211,2025-06-03T00:53:00,Bengaluru,3
Pothole #7712,Causes skidding,13.03334,77.60801,user212,2025-06-04T14:17:00,Bengaluru,1
Pothole #7713,Small crack,12.979947,77.671843,user213,2025-09-11T01:30:00,Bengaluru,1
Pothole #7714,Needs repair,12.991776,77.55274,user214,2025-08-21T06:02:00,Bengaluru,1
Pothole #7715,Causes skidding,12.95157,77.531035,user215,2025-04-03T04:31:00,Bengaluru,4
Pothole #7716,Small crack,12.969897,77.531078,user216,2025-11-19T07:50:00,Bengaluru,2
Pothole #7717,Deep hole,12.86808,77.680497,user217,2025-11-07T13:55:00,Bengaluru,1
Pothole #7718,Needs repair,12.986538,77.547228,user218,2025-11-10T21:49:00,Bengaluru,5
Pothole #7719,Damaged patch,13.046647,77.64792,user219,2025-08-12T01:47:00,Bengaluru,3
Pothole #7720,Causes skidding,13.018402,77.742721,user220,2025-02-21T07:18:00,Bengaluru,1
Pothole #7721,Crater-like,12.866677,77.668393,user221,2025-02-06T03:15:00,Bengaluru,3
Pothole #7722,Causes skidding,12.87387,77.673904,user222,2025-10-17T17:30:00,Bengaluru,3
Pothole #7723,Small crack,12.983497,77.66496,user223,2025-06-13T22:12:00,Bengaluru,2
Pothole #7724,Deep hole,12.931654,77.510199,user224,2025-04-25T20:24:00,Bengaluru,1
Pothole #7725,Damaged patch,12.995768,77.605372,user225,2025-10-23T17:44:00,Bengaluru,2
Pothole #7726,Crater-like,12.881121,77.592359,user226,2025-08-23T11:23:00,Bengaluru,3
Pothole #7727,Causes skidding,13.002806,77.546986,user227,2025-06-15T02:44:00,Bengaluru,1
Pothole #7728,Needs repair,12.983009,77.530256,user228,2025-05-09T17:31:00,Bengaluru,4
Pothole #7729,Needs repair,12.976374,77.533822,user229,2025-07-02T02:08:00,Bengaluru,2
Pothole #7730,Crater-like,12.911889,77.526025,user230,2025-06-19T23:37:00,Bengaluru,4
Pothole #7731,Damaged patch,12.89759,77.634619,user231,2025-07-18T05:04:00,Bengaluru,3
Pothole #7732,Causes skidding,12.95558,77.621681,user232,2025-05-07T09:34:00,Bengaluru,2
Pothole #7733,Small crack,12.949215,77.623851,user233,2025-10-05T00:26:00,Bengaluru,4
Pothole #7734,Crater-like,12.860748,77.564491,user234,2025-03-07T20:56:00,Bengaluru,5
Pothole #7735,Deep hole,13.040301,77.690696,user235,2025-02-21T07:30:00,Bengaluru,4
Pothole #7736,Damaged patch,12.926284,77.699589,user236,2025-09-12T19:17:00,Bengaluru,1
Pothole #7737,Causes skidding,13.045426,77.636951,user237,2025-05-15T02:24:00,Bengaluru,2
Pothole #7738,Damaged patch,12.944004,77.531081,user238,2025-11-21T14:30:00,Bengaluru,5
Pothole #7739,Damaged patch,13.02988,77.611559,user239,2025-03-15T04:13:00,Bengaluru,3
Pothole #7740,Deep hole,13.031861,77.66518,user240,2025-03-17T00:08:00,Bengaluru,2
Pothole #7741,Small crack,12.961003,77.648896,user241,2025-06-02T09:23:00,Bengaluru,5
Pothole #7742,Damaged patch,13.008196,77.600424,user242,2025-10-27T03:32:00,Bengaluru,1
Pothole #7743,Causes skidding,12.919101,77.685356,user243,2025-11-27T04:26:00,Bengaluru,5
Pothole #7744,Needs repair,12.988561,77.672104,user244,2025-07-20T22:07:00,Bengaluru,1
Pothole #7745,Small crack,12.93053,77.617158,user245,2025-05-04T08:36:00,Bengaluru,2
Pothole #7746,Damaged patch,12.922827,77.57709,user246,2025-06-27T00:59:00,Bengaluru,2
Pothole #7747,Needs repair,12.872706,77.704203,user247,2025-11-13T03:02:00,Bengaluru,1
Pothole #7748,Damaged patch,12.891185,77.690662,user248,2025-03-24T05:22:00,Bengaluru,2
Pothole #7749,Crater-like,12.879972,77.612958,user249,2025-06-03T23:54:00,Bengaluru,1
Pothole #7750,Damaged patch,12.864556,77.605782,user250,2025-10-17T09:43:00,Bengaluru,5
Pothole #7751,Causes skidding,12.886865,77.553846,user251,2025-09-21T18:20:00,Bengaluru,4
Pothole #7752,Deep hole,12.865798,77.605676,user252,2025-11-23T17:20:00,Bengaluru,5
Pothole #7753,Causes skidding,12.988411,77.540706,user253,2025-01-22T01:23:00,Bengaluru,3
Pothole #7754,Causes skidding,13.009348,77.602978,user254,2025-01-19T14:37:00,Bengaluru,3
Pothole #7755,Damaged patch,12.979765,77.568052,user255,2025-07-04T15:06:00,Bengaluru,1
Pothole #7756,Crater-like,12.960089,77.548339,user256,2025-03-18T06:39:00,Bengaluru,2
Pothole #7757,Crater-like,13.007536,77.669199,user257,2025-05-18T13:23:00,Bengaluru,5
Pothole #7758,Deep hole,12.872304,77.594351,user258,2025-10-24T00:50:00,Bengaluru,1
Pothole #7759,Deep hole,13.023478,77.538259,user259,2025-11-20T23:06:00,Bengaluru,1
Pothole #7760,Crater-like,12.87906,77.524616,user260,2025-10-10T01:19:00,Bengaluru,2
Pothole #7761,Deep hole,12.958967,77.608164,user261,2025-05-12T22:16:00,Bengaluru,5
Pothole #7762,Damaged patch,12.96894,77.722523,user262,2025-03-10T14:13:00,Bengaluru,2
Pothole #7763,Damaged patch,12.999675,77.634864,user263,2025-10-13T01:42:00,Bengaluru,5
Pothole #7764,Crater-like,12.908729,77.586299,user264,2025-01-10T11:44:00,Bengaluru,5
Pothole #7765,Small crack,12.948252,77.580196,user265,2025-02-12T01:52:00,Bengaluru,1
Pothole #7766,Needs repair,13.026083,77.505993,user266,2025-11-10T02:36:00,Bengaluru,1
Pothole #7767,Needs repair,12.984079,77.55819,user267,2025-05-21T21:51:00,Bengaluru,3
Pothole #7768,Crater-like,12.977468,77.649307,user268,2025-07-12T00:49:00,Bengaluru,5
Pothole #7769,Small crack,13.04316,77.714341,user269,2025-08-28T19:41:00,Bengaluru,3
Pothole #7770,Damaged patch,12.869079,77.639586,user270,2025-01-02T10:38:00,Bengaluru,3
Pothole #7771,Crater-like,12.946967,77.739888,user271,2025-02-28T10:17:00,Bengaluru,4
Pothole #7772,Damaged patch,12.886069,77.582923,user272,2025-09-02T10:27:00,Bengaluru,2
Pothole #7773,Needs repair,12.867395,77.557773,user273,2025-05-06T03:45:00,Bengaluru,1
Pothole #7774,Damaged patch,12.9177,77.545157,user274,2025-07-18T03:23:00,Bengaluru,5
Pothole #7775,Causes skidding,12.872694,77.63473,user275,2025-08-21T19:05:00,Bengaluru,2
Pothole #7776,Damaged patch,12.975527,77.669062,user276,2025-09-20T06:04:00,Bengaluru,4
Pothole #7777,Causes skidding,13.021846,77.729976,user277,2025-07-19T19:37:00,Bengaluru,3
Pothole #7778,Small crack,12.913866,77.523123,user278,2025-08-28T19:54:00,Bengaluru,2
Pothole #7779,Small crack,13.048345,77.559671,user279,2025-07-05T21:41:00,Bengaluru,2
Pothole #7780,Deep hole,13.020488,77.518039,user280,2025-01-15T03:05:00,Bengaluru,4
Pothole #7781,Crater-like,12.983633,77.691404,user281,2025-07-22T05:09:00,Bengaluru,4
Pothole #7782,Crater-like,12.993699,77.713861,user282,2025-03-22T10:47:00,Bengaluru,4
Pothole #7783,Needs repair,12.955438,77.640246,user283,2025-10-12T10:10:00,Bengaluru,5
Pothole #7784,Small crack,12.852474,77.736096,user284,2025-08-06T10:56:00,Bengaluru,4
Pothole #7785,Damaged patch,13.023964,77.695606,user285,2025-02-15T23:10:00,Bengaluru,3
Pothole #7786,Deep hole,12.883511,77.569468,user286,2025-08-09T21:30:00,Bengaluru,5
Pothole #7787,Crater-like,12.93803,77.606089,user287,2025-04-09T10:37:00,Bengaluru,3
Pothole #7788,Crater-like,12.872318,77.709423,user288,2025-11-17T18:50:00,Bengaluru,3
Pothole #7789,Causes skidding,12.929531,77.50779,user289,2025-01-27T23:40:00,Bengaluru,4
Pothole #7790,Deep hole,12.878507,77.643189,user290,2025-08-20T05:45:00,Bengaluru,3
Pothole #7791,Causes skidding,12.952185,77.63166,user291,2025-09-18T17:14:00,Bengaluru,3
Pothole #7792,Crater-like,12.902414,77.696201,user292,2025-02-01T22:48:00,Bengaluru,2
Pothole #7793,Causes skidding,12.933115,77.73607,user293,2025-04-13T15:19:00,Bengaluru,2
Pothole #7794,Needs repair,12.929363,77.749856,user294,2025-11-16T20:34:00,Bengaluru,3
Pothole #7795,Small crack,12.907583,77.737506,user295,2025-01-02T11:06:00,Bengaluru,4
Pothole #7796,Deep hole,12.911148,77.534516,user296,2025-06-27T08:52:00,Bengaluru,1
Pothole #7797,Crater-like,12.97939,77.518184,user297,2025-01-06T17:05:00,Bengaluru,3
Pothole #7798,Small crack,12.968285,77.547873,user298,2025-02-13T20:51:00,Bengaluru,1
Pothole #7799,Needs repair,12.8844,77.680958,user299,2025-08-08T19:55:00,Bengaluru,1
Pothole #7800,Needs repair,12.874786,77.65312,user300,2025-11-25T13:05:00,Bengaluru,5
Pothole #7801,Causes skidding,12.904332,77.627484,user301,2025-04-26T09:08:00,Bengaluru,3
Pothole #7802,Crater-like,13.038757,77.658228,user302,2025-04-13T11:25:00,Bengaluru,3
Pothole #7803,Damaged patch,13.028325,77.539279,user303,2025-07-01T14:29:00,Bengaluru,1
Pothole #7804,Needs repair,13.041835,77.559193,user304,2025-06-14T02:09:00,Bengaluru,5
Pothole #7805,Small crack,12.899438,77.675348,user305,2025-05-01T18:24:00,Bengaluru,5
Pothole #7806,Crater-like,13.033427,77.746448,user306,2025-04-04T20:20:00,Bengaluru,4
Pothole #7807,Needs repair,12.971448,77.668222,user307,2025-08-01T08:01:00,Bengaluru,5
Pothole #7808,Deep hole,12.929691,77.545567,user308,2025-08-15T17:31:00,Bengaluru,2
Pothole #7809,Causes skidding,12.884727,77.536287,user309,2025-03-13T12:33:00,Bengaluru,4
Pothole #7810,Causes skidding,12.964867,77.693279,user310,2025-10-08T16:22:00,Bengaluru,2
Pothole #7811,Deep hole,12.953685,77.524814,user311,2025-08-10T21:18:00,Bengaluru,3
Pothole #7812,Deep hole,12.993077,77.740416,user312,2025-07-26T21:47:00,Bengaluru,3
Pothole #7813,Causes skidding,12.863569,77.630345,user313,2025-11-12T20:46:00,Bengaluru,5
Pothole #7814,Deep hole,13.007054,77.744683,user314,2025-07-05T18:35:00,Bengaluru,2
Pothole #7815,Crater-like,13.04764,77.7097,user315,2025-07-15T12:28:00,Bengaluru,1
Pothole #7816,Damaged patch,12.912291,77.675875,user316,2025-11-24T19:31:00,Bengaluru,1
Pothole #7817,Needs repair,12.965611,77.680974,user317,2025-03-22T16:51:00,Bengaluru,4
Pothole #7818,Small crack,13.045258,77.557059,user318,2025-01-24T20:22:00,Bengaluru,4
Pothole #7819,Causes skidding,13.023741,77.691197,user319,2025-02-14T16:47:00,Bengaluru,3
Pothole #7820,Deep hole,13.021993,77.640757,user320,2025-05-20T20:23:00,Bengaluru,4
Pothole #7821,Crater-like,13.039802,77.602773,user321,2025-02-22T18:25:00,Bengaluru,4
Pothole #7822,Needs repair,12.911207,77.545625,user322,2025-03-27T11:37:00,Bengaluru,1
Pothole #7823,Deep hole,12.972441,77.536335,user323,2025-10-01T10:08:00,Bengaluru,3
Pothole #7824,Causes skidding,12.993054,77.746866,user324,2025-08-08T20:06:00,Bengaluru,1
Pothole #7825,Deep hole,13.03211,77.550236,user325,2025-08-21T02:54:00,Bengaluru,3
Pothole #7826,Small crack,12.934485,77.521353,user326,2025-02-16T04:45:00,Bengaluru,5
Pothole #7827,Damaged patch,12.90531,77.568731,user327,2025-03-09T15:51:00,Bengaluru,3
Pothole #7828,Small crack,12.879333,77.502233,user328,2025-11-09T12:52:00,Bengaluru,2
Pothole #7829,Small crack,12.954455,77.622493,user329,2025-08-18T12:33:00,Bengaluru,2
Pothole #7830,Damaged patch,12.887763,77.572682,user330,2025-01-05T20:01:00,Bengaluru,3
Pothole #7831,Crater-like,12.946863,77.744613,user331,2025-11-09T14:03:00,Bengaluru,1
Pothole #7832,Needs repair,12.859891,77.554545,user332,2025-04-12T21:45:00,Bengaluru,4
Pothole #7833,Needs repair,12.98579,77.57142,user333,2025-10-23T01:39:00,Bengaluru,3
Pothole #7834,Causes skidding,12.927847,77.520405,user334,2025-05-14T22:39:00,Bengaluru,1
Pothole #7835,Causes skidding,12.988765,77.622262,user335,2025-07-19T08:48:00,Bengaluru,2
Pothole #7836,Small crack,12.94421,77.717837,user336,2025-05-01T13:26:00,Bengaluru,3
Pothole #7837,Damaged patch,13.004076,77.626055,user337,2025-04-05T20:27:00,Bengaluru,1
Pothole #7838,Small crack,13.025465,77.548164,user338,2025-10-25T12:45:00,Bengaluru,4
Pothole #7839,Small crack,13.040458,77.567819,user339,2025-03-21T16:10:00,Bengaluru,5
Pothole #7840,Needs repair,13.028922,77.742836,user340,2025-06-16T06:06:00,Bengaluru,2
Pothole #7841,Damaged patch,13.044899,77.674709,user341,2025-07-21T17:20:00,Bengaluru,2
Pothole #7842,Small crack,12.919668,77.695279,user342,2025-06-04T08:57:00,Bengaluru,4
Pothole #7843,Causes skidding,13.024925,77.516736,user343,2025-11-08T01:37:00,Bengaluru,3
Pothole #7844,Causes skidding,12.916497,77.553759,user344,2025-10-02T19:18:00,Bengaluru,5
Pothole #7845,Damaged patch,12.958119,77.728442,user345,2025-10-23T10:13:00,Bengaluru,1
Pothole #7846,Deep hole,12.96638,77.704488,user346,2025-10-09T18:25:00,Bengaluru,4
Pothole #7847,Causes skidding,12.904456,77.501456,user347,2025-07-26T18:01:00,Bengaluru,3
Pothole #7848,Causes skidding,12.98445,77.541394,user348,2025-11-06T20:28:00,Bengaluru,1
Pothole #7849,Needs repair,12.890393,77.717078,user349,2025-07-23T17:37:00,Bengaluru,2
Pothole #7850,Deep hole,12.96466,77.741947,user350,2025-01-27T01:52:00,Bengaluru,4
Pothole #7851,Causes skidding,12.872146,77.588917,user351,2025-04-06T10:32:00,Bengaluru,3
Pothole #7852,Crater-like,13.02227,77.633378,user352,2025-08-10T16:28:00,Bengaluru,5
Pothole #7853,Crater-like,13.008488,77.509779,user353,2025-08-04T05:54:00,Bengaluru,3
Pothole #7854,Small crack,12.958626,77.709213,user354,2025-06-11T05:24:00,Bengaluru,2
Pothole #7855,Deep hole,12.892516,77.567767,user355,2025-05-04T17:17:00,Bengaluru,1
Pothole #7856,Needs repair,13.038463,77.662619,user356,2025-07-07T15:31:00,Bengaluru,5
Pothole #7857,Causes skidding,13.035592,77.582522,user357,2025-03-02T14:06:00,Bengaluru,2
Pothole #7858,Needs repair,12.952772,77.507186,user358,2025-03-22T02:44:00,Bengaluru,5
Pothole #7859,Damaged patch,12.91853,77.699486,user359,2025-01-03T13:27:00,Bengaluru,2
Pothole #7860,Deep hole,12.91326,77.555767,user360,2025-10-28T05:25:00,Bengaluru,3
Pothole #7861,Needs repair,12.922994,77.656188,user361,2025-03-07T17:48:00,Bengaluru,2
Pothole #7862,Needs repair,12.990725,77.718294,user362,2025-02-12T04:31:00,Bengaluru,5
Pothole #7863,Needs repair,12.906305,77.500803,user363,2025-06-04T10:10:00,Bengaluru,3
Pothole #7864,Causes skidding,12.88666,77.513396,user364,2025-06-16T04:05:00,Bengaluru,3
Pothole #7865,Small crack,12.982838,77.619457,user365,2025-05-06T18:40:00,Bengaluru,4
Pothole #7866,Small crack,12.941503,77.597144,user366,2025-07-19T12:53:00,Bengaluru,5
Pothole #7867,Small crack,13.002707,77.592396,user367,2025-02-19T05:20:00,Bengaluru,2
Pothole #7868,Damaged patch,12.979913,77.554223,user368,2025-01-08T08:04:00,Bengaluru,5
Pothole #7869,Causes skidding,12.96538,77.701082,user369,2025-04-03T22:20:00,Bengaluru,4
Pothole #7870,Causes skidding,12.904895,77.500072,user370,2025-05-16T23:15:00,Bengaluru,5
Pothole #7871,Crater-like,12.985673,77.742697,user371,2025-10-20T17:04:00,Bengaluru,3
Pothole #7872,Deep hole,13.024209,77.650076,user372,2025-11-12T23:48:00,Bengaluru,3
Pothole #7873,Needs repair,12.89758,77.558088,user373,2025-10-11T06:26:00,Bengaluru,5
Pothole #7874,Small crack,13.036539,77.69318,user374,2025-02-11T06:52:00,Bengaluru,3
Pothole #7875,Needs repair,13.035663,77.661355,user375,2025-05-09T22:56:00,Bengaluru,2
Pothole #7876,Damaged patch,12.989093,77.667934,user376,2025-10-25T06:54:00,Bengaluru,3
Pothole #7877,Deep hole,12.995557,77.699237,user377,2025-01-19T10:04:00,Bengaluru,3
Pothole #7878,Crater-like,12.970126,77.661056,user378,2025-07-22T03:45:00,Bengaluru,3
Pothole #7879,Crater-like,13.02758,77.739402,user379,2025-06-12T06:00:00,Bengaluru,1
Pothole #7880,Deep hole,13.004526,77.572642,user380,2025-06-22T19:53:00,Bengaluru,2
Pothole #7881,Causes skidding,12.872865,77.533886,user381,2025-08-20T04:40:00,Bengaluru,3
Pothole #7882,Crater-like,12.94285,77.727364,user382,2025-11-19T10:01:00,Bengaluru,2
Pothole #7883,Crater-like,12.937148,77.641188,user383,2025-04-04T17:20:00,Bengaluru,1
Pothole #7884,Needs repair,12.993398,77.665978,user384,2025-05-18T13:57:00,Bengaluru,4
Pothole #7885,Damaged patch,12.930238,77.64101,user385,2025-09-12T06:29:00,Bengaluru,4
Pothole #7886,Small crack,12.932852,77.607015,user386,2025-10-16T03:29:00,Bengaluru,4
Pothole #7887,Deep hole,12.8782,77.584682,user387,2025-02-28T21:24:00,Bengaluru,3
Pothole #7888,Crater-like,13.042858,77.596549,user388,2025-09-25T12:59:00,Bengaluru,5
Pothole #7889,Needs repair,12.977277,77.634506,user389,2025-01-27T03:15:00,Bengaluru,2
Pothole #7890,Deep hole,13.007019,77.714724,user390,2025-07-02T05:41:00,Bengaluru,5
Pothole #7891,Crater-like,12.858977,77.727319,user391,2025-11-24T11:51:00,Bengaluru,5
Pothole #7892,Small crack,12.975561,77.685277,user392,2025-11-17T13:21:00,Bengaluru,5
Pothole #7893,Needs repair,13.03685,77.514502,user393,2025-11-27T00:32:00,Bengaluru,1
Pothole #7894,Damaged patch,12.876377,77.59647,user394,2025-03-15T21:42:00,Bengaluru,3
Pothole #7895,Needs repair,12.873132,77.663691,user395,2025-08-27T10:48:00,Bengaluru,5
Pothole #7896,Damaged patch,13.009809,77.743726,user396,2025-07-21T05:20:00,Bengaluru,4
Pothole #7897,Causes skidding,13.00123,77.676756,user397,2025-09-24T06:58:00,Bengaluru,1
Pothole #7898,Needs repair,13.046632,77.675619,user398,2025-03-06T02:19:00,Bengaluru,5
Pothole #7899,Damaged patch,13.019381,77.602778,user399,2025-02-25T12:33:00,Bengaluru,1
Pothole #7900,Deep hole,12.858252,77.529421,user400,2025-07-18T20:25:00,Bengaluru,2
Pothole #7901,Needs repair,12.900528,77.679278,user401,2025-05-02T17:39:00,Bengaluru,3
Pothole #7902,Needs repair,12.85001,77.716389,user402,2025-05-11T23:51:00,Bengaluru,4
Pothole #7903,Small crack,12.889272,77.663735,user403,2025-11-20T01:54:00,Bengaluru,2
Pothole #7904,Damaged patch,13.040998,77.687573,user404,2025-04-21T01:56:00,Bengaluru,2
Pothole #7905,Needs repair,12.975583,77.637859,user405,2025-02-07T15:44:00,Bengaluru,5
Pothole #7906,Damaged patch,12.851042,77.51552,user406,2025-08-06T13:48:00,Bengaluru,1
Pothole #7907,Causes skidding,13.004159,77.528401,user407,2025-02-21T05:00:00,Bengaluru,3
Pothole #7908,Crater-like,13.023919,77.664348,user408,2025-07-16T08:18:00,Bengaluru,2
Pothole #7909,Causes skidding,12.860669,77.694454,user409,2025-09-08T22:13:00,Bengaluru,4
Pothole #7910,Small crack,12.932332,77.510596,user410,2025-04-22T09:26:00,Bengaluru,5
Pothole #7911,Causes skidding,12.951764,77.628326,user411,2025-06-08T08:34:00,Bengaluru,2
Pothole #7912,Crater-like,13.011386,77.572476,user412,2025-11-27T03:55:00,Bengaluru,5
Pothole #7913,Damaged patch,12.893551,77.697153,user413,2025-03-08T14:52:00,Bengaluru,2
Pothole #7914,Crater-like,12.929267,77.558618,user414,2025-02-13T07:46:00,Bengaluru,1
Pothole #7915,Small crack,13.028332,77.50516,user415,2025-10-09T02:47:00,Bengaluru,3
Pothole #7916,Crater-like,12.890679,77.677104,user416,2025-02-27T11:24:00,Bengaluru,1
Pothole #7917,Small crack,12.914238,77.745111,user417,2025-07-12T11:25:00,Bengaluru,3
Pothole #7918,Damaged patch,12.967452,77.610231,user418,2025-01-07T22:50:00,Bengaluru,5
Pothole #7919,Damaged patch,12.92222,77.557299,user419,2025-10-17T02:56:00,Bengaluru,2
Pothole #7920,Causes skidding,12.854758,77.713535,user420,2025-08-01T05:44:00,Bengaluru,3
Pothole #7921,Causes skidding,13.028132,77.619581,user421,2025-01-19T11:43:00,Bengaluru,1
Pothole #7922,Causes skidding,13.034238,77.542659,user422,2025-08-05T04:41:00,Bengaluru,2
Pothole #7923,Deep hole,12.953554,77.520513,user423,2025-06-21T15:21:00,Bengaluru,3
Pothole #7924,Causes skidding,12.935777,77.573203,user424,2025-10-06T05:28:00,Bengaluru,2
Pothole #7925,Small crack,13.035833,77.5193,user425,2025-05-22T17:01:00,Bengaluru,5
Pothole #7926,Damaged patch,13.02387,77.707188,user426,2025-09-04T15:46:00,Bengaluru,4
Pothole #7927,Needs repair,12.974909,77.654259,user427,2025-07-16T08:43:00,Bengaluru,4
Pothole #7928,Small crack,12.99698,77.58244,user428,2025-07-10T18:16:00,Bengaluru,3
Pothole #7929,Deep hole,13.032111,77.510206,user429,2025-07-05T23:53:00,Bengaluru,5
Pothole #7930,Small crack,12.972767,77.634283,user430,2025-06-23T01:37:00,Bengaluru,2
Pothole #7931,Deep hole,13.012397,77.708963,user431,2025-04-21T19:07:00,Bengaluru,1
Pothole #7932,Small crack,12.967218,77.657549,user432,2025-04-20T18:08:00,Bengaluru,1
Pothole #7933,Damaged patch,12.944359,77.660086,user433,2025-05-11T23:51:00,Bengaluru,1
Pothole #7934,Causes skidding,12.924254,77.541688,user434,2025-03-28T10:46:00,Bengaluru,1
Pothole #7935,Damaged patch,12.954069,77.632515,user435,2025-04-06T21:40:00,Bengaluru,5
Pothole #7936,Crater-like,12.855003,77.655332,user436,2025-09-23T01:43:00,Bengaluru,2
Pothole #7937,Needs repair,12.996607,77.699204,user437,2025-07-02T21:16:00,Bengaluru,3
Pothole #7938,Small crack,12.912495,77.620647,user438,2025-02-01T19:01:00,Bengaluru,1
Pothole #7939,Deep hole,12.941527,77.709594,user439,2025-04-04T12:55:00,Bengaluru,4
Pothole #7940,Deep hole,12.873892,77.573897,user440,2025-07-08T16:46:00,Bengaluru,2
Pothole #7941,Crater-like,12.969452,77.517599,user441,2025-03-21T21:45:00,Bengaluru,2
Pothole #7942,Crater-like,12.894057,77.691823,user442,2025-08-01T22:20:00,Bengaluru,5
Pothole #7943,Damaged patch,12.90881,77.584691,user443,2025-02-07T09:36:00,Bengaluru,1
Pothole #7944,Small crack,12.95544,77.556671,user444,2025-11-18T09:23:00,Bengaluru,4
Pothole #7945,Crater-like,12.975444,77.685071,user445,2025-04-09T12:26:00,Bengaluru,2
Pothole #7946,Crater-like,12.94925,77.637782,user446,2025-05-16T19:04:00,Bengaluru,5
Pothole #7947,Damaged patch,13.049698,77.708196,user447,2025-04-07T14:47:00,Bengaluru,3
Pothole #7948,Needs repair,12.938394,77.669901,user448,2025-01-16T16:30:00,Bengaluru,1
Pothole #7949,Needs repair,12.94952,77.542062,user449,2025-11-16T06:12:00,Bengaluru,1
Pothole #7950,Deep hole,13.039216,77.597546,user450,2025-02-27T13:04:00,Bengaluru,1
Pothole #7951,Damaged patch,13.040537,77.747663,user451,2025-11-24T03:12:00,Bengaluru,3
Pothole #7952,Needs repair,12.974661,77.696307,user452,2025-01-06T21:21:00,Bengaluru,3
Pothole #7953,Needs repair,12.996688,77.605095,user453,2025-03-27T19:55:00,Bengaluru,5
Pothole #7954,Crater-like,12.882788,77.670388,user454,2025-07-23T20:42:00,Bengaluru,4
Pothole #7955,Needs repair,12.993467,77.748387,user455,2025-10-05T15:52:00,Bengaluru,3
Pothole #7956,Causes skidding,12.863014,77.56325,user456,2025-03-28T22:07:00,Bengaluru,5
Pothole #7957,Crater-like,12.983249,77.537523,user457,2025-07-03T18:32:00,Bengaluru,5
Pothole #7958,Deep hole,12.984623,77.671505,user458,2025-09-22T03:20:00,Bengaluru,3
Pothole #7959,Small crack,12.888332,77.657346,user459,2025-11-09T02:13:00,Bengaluru,4
Pothole #7960,Deep hole,12.962907,77.564293,user460,2025-07-03T11:46:00,Bengaluru,5
Pothole #7961,Deep hole,13.022864,77.627528,user461,2025-04-27T19:52:00,Bengaluru,5
Pothole #7962,Crater-like,12.974294,77.682431,user462,2025-10-03T14:36:00,Bengaluru,1
Pothole #7963,Deep hole,13.044642,77.506725,user463,2025-09-12T21:11:00,Bengaluru,4
Pothole #7964,Crater-like,12.879552,77.653888,user464,2025-03-01T02:57:00,Bengaluru,2
Pothole #7965,Small crack,12.873073,77.648697,user465,2025-08-18T01:21:00,Bengaluru,5
Pothole #7966,Causes skidding,13.030938,77.51911,user466,2025-09-15T08:56:00,Bengaluru,3
Pothole #7967,Damaged patch,12.874995,77.661741,user467,2025-11-14T14:55:00,Bengaluru,3
Pothole #7968,Crater-like,12.914675,77.538686,user468,2025-06-01T09:40:00,Bengaluru,2
Pothole #7969,Crater-like,12.902161,77.686944,user469,2025-07-02T22:09:00,Bengaluru,5
Pothole #7970,Causes skidding,12.853625,77.706561,user470,2025-08-03T12:13:00,Bengaluru,5
Pothole #7971,Deep hole,12.961893,77.568298,user471,2025-03-20T05:06:00,Bengaluru,2
Pothole #7972,Causes skidding,13.016462,77.723608,user472,2025-04-13T16:00:00,Bengaluru,2
Pothole #7973,Damaged patch,12.871813,77.674605,user473,2025-01-12T18:25:00,Bengaluru,4
Pothole #7974,Small crack,12.969373,77.631651,user474,2025-11-21T12:28:00,Bengaluru,2
Pothole #7975,Deep hole,12.883769,77.683546,user475,2025-10-10T18:45:00,Bengaluru,1
Pothole #7976,Damaged patch,12.88198,77.622678,user476,2025-09-19T05:42:00,Bengaluru,4
Pothole #7977,Needs repair,13.041124,77.596427,user477,2025-08-27T19:18:00,Bengaluru,1
Pothole #7978,Crater-like,12.98867,77.680931,user478,2025-02-08T08:30:00,Bengaluru,1
Pothole #7979,Deep hole,13.045489,77.618566,user479,2025-05-10T05:20:00,Bengaluru,5
Pothole #7980,Crater-like,12.986206,77.520771,user480,2025-06-25T16:14:00,Bengaluru,4
Pothole #7981,Damaged patch,12.877719,77.73645,user481,2025-08-18T08:09:00,Bengaluru,1
Pothole #7982,Small crack,12.959866,77.538181,user482,2025-06-10T06:31:00,Bengaluru,5
Pothole #7983,Deep hole,12.965791,77.713186,user483,2025-04-14T04:43:00,Bengaluru,1
Pothole #7984,Deep hole,12.8554,77.556578,user484,2025-09-12T19:21:00,Bengaluru,4
Pothole #7985,Crater-like,12.936798,77.611529,user485,2025-07-07T04:30:00,Bengaluru,1
Pothole #7986,Crater-like,12.959728,77.556936,user486,2025-01-16T17:55:00,Bengaluru,1
Pothole #7987,Small crack,13.007194,77.737508,user487,2025-05-19T22:40:00,Bengaluru,1
Pothole #7988,Causes skidding,12.878339,77.685213,user488,2025-08-20T11:59:00,Bengaluru,3
Pothole #7989,Needs repair,12.885444,77.545698,user489,2025-04-15T13:32:00,Bengaluru,4
Pothole #7990,Crater-like,12.951477,77.564891,user490,2025-10-27T01:11:00,Bengaluru,5
Pothole #7991,Needs repair,13.031074,77.562832,user491,2025-09-12T07:19:00,Bengaluru,1
Pothole #7992,Small crack,13.039425,77.562241,user492,2025-09-25T23:59:00,Bengaluru,1
Pothole #7993,Crater-like,12.866799,77.695259,user493,2025-11-21T11:54:00,Bengaluru,4
Pothole #7994,Needs repair,12.994362,77.668524,user494,2025-08-28T14:28:00,Bengaluru,3
Pothole #7995,Deep hole,13.016743,77.651787,user495,2025-03-08T03:06:00,Bengaluru,4
Pothole #7996,Crater-like,12.873389,77.591378,user496,2025-04-19T12:52:00,Bengaluru,4
Pothole #7997,Deep hole,12.96098,77.590702,user497,2025-09-04T09:26:00,Bengaluru,3
Pothole #7998,Causes skidding,12.885442,77.591613,user498,2025-11-27T19:21:00,Bengaluru,4
Pothole #7999,Crater-like,12.875038,77.667619,user499,2025-07-18T09:59:00,Bengaluru,5
Pothole #8000,Deep hole,12.997538,77.512669,user0,2025-04-22T20:03:00,Bengaluru,3
Pothole #8001,Needs repair,12.866774,77.744405,user1,2025-01-09T00:03:00,Bengaluru,3
Pothole #8002,Deep hole,12.980984,77.572138,user2,2025-01-06T13:58:00,Bengaluru,1
Pothole #8003,Needs repair,12.873037,77.674724,user3,2025-04-08T14:42:00,Bengaluru,2
Pothole #8004,Deep hole,12.878423,77.604008,user4,2025-11-07T05:05:00,Bengaluru,3
Pothole #8005,Crater-like,12.893691,77.743321,user5,2025-02-25T19:01:00,Bengaluru,1
Pothole #8006,Deep hole,12.983699,77.561173,user6,2025-08-11T14:38:00,Bengaluru,5
Pothole #8007,Deep hole,12.925533,77.645237,user7,2025-04-14T07:26:00,Bengaluru,1
Pothole #8008,Small crack,12.892264,77.617917,user8,2025-11-21T23:43:00,Bengaluru,5
Pothole #8009,Causes skidding,13.017311,77.582315,user9,2025-08-05T17:54:00,Bengaluru,4
Pothole #8010,Crater-like,12.939186,77.696845,user10,2025-06-03T08:02:00,Bengaluru,2
Pothole #8011,Crater-like,12.992028,77.695338,user11,2025-06-16T20:29:00,Bengaluru,4
Pothole #8012,Damaged patch,12.938334,77.587898,user12,2025-02-13T11:47:00,Bengaluru,1
Pothole #8013,Needs repair,13.00034,77.659932,user13,2025-07-07T01:33:00,Bengaluru,4
Pothole #8014,Small crack,12.914064,77.644604,user14,2025-04-21T02:34:00,Bengaluru,3
Pothole #8015,Small crack,13.013876,77.579485,user15,2025-01-28T13:57:00,Bengaluru,3
Pothole #8016,Crater-like,12.953494,77.564876,user16,2025-10-13T23:46:00,Bengaluru,1
Pothole #8017,Deep hole,12.915854,77.72169,user17,2025-09-05T20:44:00,Bengaluru,1
Pothole #8018,Small crack,12.889998,77.65902,user18,2025-09-13T20:47:00,Bengaluru,4
Pothole #8019,Damaged patch,12.884475,77.631197,user19,2025-07-04T01:00:00,Bengaluru,4
Pothole #8020,Deep hole,12.919318,77.66323,user20,2025-11-07T18:49:00,Bengaluru,2
Pothole #8021,Needs repair,12.997097,77.539425,user21,2025-05-02T19:42:00,Bengaluru,2
Pothole #8022,Needs repair,12.906846,77.69778,user22,2025-01-23T06:04:00,Bengaluru,5
Pothole #8023,Crater-like,12.900389,77.732624,user23,2025-02-18T20:04:00,Bengaluru,5
Pothole #8024,Damaged patch,13.005526,77.55629,user24,2025-02-28T22:50:00,Bengaluru,2
Pothole #8025,Crater-like,12.880739,77.677366,user25,2025-05-01T06:50:00,Bengaluru,3
Pothole #8026,Causes skidding,12.859173,77.636532,user26,2025-11-27T07:41:00,Bengaluru,5
Pothole #8027,Causes skidding,12.874935,77.738956,user27,2025-03-26T07:45:00,Bengaluru,3
Pothole #8028,Damaged patch,12.899932,77.712444,user28,2025-10-02T03:28:00,Bengaluru,5
Pothole #8029,Small crack,12.892804,77.635428,user29,2025-03-08T16:11:00,Bengaluru,5
Pothole #8030,Deep hole,13.000746,77.521038,user30,2025-08-12T05:30:00,Bengaluru,1
Pothole #8031,Small crack,13.01954,77.64115,user31,2025-11-20T10:39:00,Bengaluru,2
Pothole #8032,Damaged patch,13.013189,77.648216,user32,2025-09-02T14:41:00,Bengaluru,4
Pothole #8033,Causes skidding,12.889816,77.606497,user33,2025-03-12T18:02:00,Bengaluru,1
Pothole #8034,Small crack,12.995705,77.730245,user34,2025-11-26T23:48:00,Bengaluru,4
Pothole #8035,Crater-like,12.936106,77.532826,user35,2025-05-11T12:07:00,Bengaluru,5
Pothole #8036,Deep hole,12.958529,77.579132,user36,2025-02-17T21:20:00,Bengaluru,1
Pothole #8037,Small crack,12.982842,77.566382,user37,2025-09-23T13:30:00,Bengaluru,1
Pothole #8038,Crater-like,12.905445,77.579001,user38,2025-06-22T19:23:00,Bengaluru,4
Pothole #8039,Small crack,12.87454,77.635628,user39,2025-04-24T23:22:00,Bengaluru,5
Pothole #8040,Needs repair,12.901953,77.608738,user40,2025-10-09T14:51:00,Bengaluru,2
Pothole #8041,Deep hole,12.913108,77.701009,user41,2025-03-12T18:50:00,Bengaluru,1
Pothole #8042,Causes skidding,13.039647,77.569341,user42,2025-10-13T14:53:00,Bengaluru,4
Pothole #8043,Crater-like,12.879912,77.614207,user43,2025-03-20T03:16:00,Bengaluru,3
Pothole #8044,Causes skidding,13.002446,77.59735,user44,2025-05-24T07:58:00,Bengaluru,2
Pothole #8045,Small crack,13.003151,77.539697,user45,2025-05-26T09:01:00,Bengaluru,2
Pothole #8046,Crater-like,12.851766,77.649126,user46,2025-08-08T16:26:00,Bengaluru,2
Pothole #8047,Small crack,12.950947,77.641421,user47,2025-11-18T17:46:00,Bengaluru,3
Pothole #8048,Deep hole,12.972189,77.524215,user48,2025-08-01T04:18:00,Bengaluru,4
Pothole #8049,Deep hole,13.038492,77.612024,user49,2025-03-18T13:50:00,Bengaluru,1
Pothole #8050,Damaged patch,12.960452,77.63963,user50,2025-08-23T20:44:00,Bengaluru,3
Pothole #8051,Causes skidding,12.912863,77.70518,user51,2025-09-16T18:49:00,Bengaluru,4
Pothole #8052,Small crack,12.931176,77.537038,user52,2025-01-19T11:25:00,Bengaluru,2
Pothole #8053,Damaged patch,12.997214,77.578019,user53,2025-07-12T09:16:00,Bengaluru,2
Pothole #8054,Damaged patch,12.946633,77.67116,user54,2025-08-03T23:57:00,Bengaluru,1
Pothole #8055,Damaged patch,12.931603,77.585524,user55,2025-09-14T08:26:00,Bengaluru,2
Pothole #8056,Causes skidding,13.02305,77.528951,user56,2025-02-18T17:56:00,Bengaluru,5
Pothole #8057,Damaged patch,12.913466,77.682399,user57,2025-05-21T18:37:00,Bengaluru,5
Pothole #8058,Needs repair,12.908005,77.599592,user58,2025-01-27T01:41:00,Bengaluru,5
Pothole #8059,Needs repair,12.903289,77.723795,user59,2025-02-12T11:02:00,Bengaluru,1
Pothole #8060,Causes skidding,12.91969,77.627111,user60,2025-08-12T06:41:00,Bengaluru,2
Pothole #8061,Deep hole,12.969971,77.692289,user61,2025-09-23T17:25:00,Bengaluru,5
Pothole #8062,Crater-like,12.934934,77.675679,user62,2025-05-20T19:12:00,Bengaluru,4
Pothole #8063,Deep hole,12.912108,77.617621,user63,2025-08-23T08:26:00,Bengaluru,1
Pothole #8064,Needs repair,12.92666,77.514721,user64,2025-07-24T05:04:00,Bengaluru,2
Pothole #8065,Crater-like,12.954918,77.593099,user65,2025-10-26T13:14:00,Bengaluru,5
Pothole #8066,Deep hole,12.918741,77.716456,user66,2025-02-25T20:27:00,Bengaluru,4
Pothole #8067,Needs repair,12.956476,77.742154,user67,2025-02-09T09:20:00,Bengaluru,1
Pothole #8068,Causes skidding,12.964459,77.738271,user68,2025-02-14T11:15:00,Bengaluru,5
Pothole #8069,Needs repair,12.928562,77.630319,user69,2025-09-06T08:25:00,Bengaluru,3
Pothole #8070,Small crack,12.863893,77.648314,user70,2025-06-07T12:06:00,Bengaluru,1
Pothole #8071,Needs repair,12.980612,77.573987,user71,2025-02-17T06:05:00,Bengaluru,1
Pothole #8072,Deep hole,12.956678,77.625437,user72,2025-07-25T04:11:00,Bengaluru,3
Pothole #8073,Damaged patch,12.987301,77.594475,user73,2025-03-11T16:07:00,Bengaluru,1
Pothole #8074,Causes skidding,12.936468,77.653438,user74,2025-09-13T05:45:00,Bengaluru,5
Pothole #8075,Damaged patch,12.941506,77.709713,user75,2025-10-26T08:56:00,Bengaluru,5
Pothole #8076,Deep hole,12.857711,77.678358,user76,2025-08-10T01:41:00,Bengaluru,2
Pothole #8077,Crater-like,12.878316,77.596288,user77,2025-08-26T19:21:00,Bengaluru,5
Pothole #8078,Causes skidding,12.859634,77.746241,user78,2025-09-20T16:54:00,Bengaluru,4
Pothole #8079,Small crack,12.969335,77.537485,user79,2025-03-12T03:40:00,Bengaluru,1
Pothole #8080,Causes skidding,13.02012,77.579396,user80,2025-06-01T22:27:00,Bengaluru,3
Pothole #8081,Small crack,12.912988,77.510603,user81,2025-10-04T08:10:00,Bengaluru,3
Pothole #8082,Deep hole,13.028171,77.611301,user82,2025-01-05T03:55:00,Bengaluru,1
Pothole #8083,Causes skidding,12.899786,77.613594,user83,2025-01-04T15:57:00,Bengaluru,3
Pothole #8084,Crater-like,12.860017,77.72219,user84,2025-04-18T20:14:00,Bengaluru,4
Pothole #8085,Causes skidding,12.892102,77.635312,user85,2025-05-15T01:03:00,Bengaluru,2
Pothole #8086,Small crack,12.921399,77.538753,user86,2025-08-11T04:35:00,Bengaluru,2
Pothole #8087,Deep hole,12.937842,77.727501,user87,2025-05-16T12:14:00,Bengaluru,5
Pothole #8088,Causes skidding,12.875556,77.519978,user88,2025-07-16T15:30:00,Bengaluru,2
Pothole #8089,Damaged patch,12.999595,77.547016,user89,2025-02-02T09:35:00,Bengaluru,4
Pothole #8090,Needs repair,13.029484,77.634224,user90,2025-01-17T06:13:00,Bengaluru,3
Pothole #8091,Damaged patch,12.966308,77.703306,user91,2025-11-11T13:29:00,Bengaluru,4
Pothole #8092,Causes skidding,13.041611,77.567535,user92,2025-01-17T13:10:00,Bengaluru,4
Pothole #8093,Small crack,13.011534,77.672592,user93,2025-05-26T01:11:00,Bengaluru,2
Pothole #8094,Damaged patch,12.88875,77.718722,user94,2025-02-01T20:59:00,Bengaluru,1
Pothole #8095,Deep hole,13.045153,77.60824,user95,2025-05-26T14:51:00,Bengaluru,1
Pothole #8096,Deep hole,12.884659,77.639035,user96,2025-06-27T13:23:00,Bengaluru,4
Pothole #8097,Small crack,13.032942,77.715631,user97,2025-02-04T17:36:00,Bengaluru,1
Pothole #8098,Needs repair,12.938077,77.747096,user98,2025-10-09T06:09:00,Bengaluru,4
Pothole #8099,Small crack,12.918901,77.58608,user99,2025-06-01T12:56:00,Bengaluru,4
Pothole #8100,Deep hole,12.974554,77.672806,user100,2025-08-13T05:48:00,Bengaluru,1
Pothole #8101,Small crack,13.001663,77.519697,user101,2025-07-04T12:27:00,Bengaluru,5
Pothole #8102,Damaged patch,12.9725,77.634311,user102,2025-02-12T00:57:00,Bengaluru,5
Pothole #8103,Damaged patch,12.984573,77.697651,user103,2025-02-14T17:03:00,Bengaluru,5
Pothole #8104,Needs repair,13.002592,77.522949,user104,2025-03-02T18:11:00,Bengaluru,1
Pothole #8105,Needs repair,12.947647,77.703575,user105,2025-01-28T04:51:00,Bengaluru,3
Pothole #8106,Causes skidding,13.010095,77.638325,user106,2025-03-25T05:30:00,Bengaluru,3
Pothole #8107,Small crack,13.019751,77.612957,user107,2025-04-14T12:27:00,Bengaluru,2
Pothole #8108,Crater-like,12.901585,77.630447,user108,2025-06-03T18:09:00,Bengaluru,4
Pothole #8109,Damaged patch,12.892144,77.560968,user109,2025-08-11T10:22:00,Bengaluru,5
Pothole #8110,Needs repair,13.012688,77.549304,user110,2025-06-05T10:54:00,Bengaluru,1
Pothole #8111,Causes skidding,13.016497,77.706982,user111,2025-02-21T21:17:00,Bengaluru,1
Pothole #8112,Needs repair,12.991844,77.52073,user112,2025-05-06T20:17:00,Bengaluru,4
Pothole #8113,Small crack,13.046208,77.730246,user113,2025-11-19T21:43:00,Bengaluru,3
Pothole #8114,Deep hole,13.006474,77.655331,user114,2025-03-20T17:52:00,Bengaluru,2
Pothole #8115,Damaged patch,12.896943,77.502021,user115,2025-11-19T06:42:00,Bengaluru,3
Pothole #8116,Deep hole,12.866016,77.62413,user116,2025-01-05T23:16:00,Bengaluru,5
Pothole #8117,Deep hole,13.011261,77.691363,user117,2025-06-07T00:03:00,Bengaluru,3
Pothole #8118,Causes skidding,12.868222,77.651697,user118,2025-10-20T10:51:00,Bengaluru,3
Pothole #8119,Small crack,13.034494,77.610824,user119,2025-11-21T02:45:00,Bengaluru,1
Pothole #8120,Needs repair,12.85483,77.747689,user120,2025-10-18T12:24:00,Bengaluru,3
Pothole #8121,Causes skidding,12.920694,77.578626,user121,2025-09-18T19:04:00,Bengaluru,3
Pothole #8122,Deep hole,12.902097,77.580673,user122,2025-05-22T15:06:00,Bengaluru,1
Pothole #8123,Needs repair,12.968667,77.733885,user123,2025-08-06T06:51:00,Bengaluru,3
Pothole #8124,Causes skidding,12.982774,77.634214,user124,2025-04-19T14:12:00,Bengaluru,5
Pothole #8125,Damaged patch,12.938313,77.66727,user125,2025-07-05T15:18:00,Bengaluru,2
Pothole #8126,Small crack,13.024513,77.516035,user126,2025-07-04T16:59:00,Bengaluru,2
Pothole #8127,Crater-like,12.99931,77.554646,user127,2025-03-14T21:25:00,Bengaluru,1
Pothole #8128,Causes skidding,13.034883,77.532828,user128,2025-02-25T08:32:00,Bengaluru,1
Pothole #8129,Causes skidding,12.999603,77.560051,user129,2025-05-11T05:44:00,Bengaluru,3
Pothole #8130,Needs repair,12.975463,77.565004,user130,2025-05-12T20:43:00,Bengaluru,4
Pothole #8131,Needs repair,12.902557,77.570971,user131,2025-11-12T14:14:00,Bengaluru,5
Pothole #8132,Needs repair,12.904751,77.68105,user132,2025-04-14T01:04:00,Bengaluru,5
Pothole #8133,Causes skidding,13.022367,77.624818,user133,2025-01-22T21:43:00,Bengaluru,3
Pothole #8134,Damaged patch,12.959894,77.589222,user134,2025-02-11T15:47:00,Bengaluru,5
Pothole #8135,Crater-like,13.028996,77.587907,user135,2025-01-02T02:05:00,Bengaluru,2
Pothole #8136,Deep hole,12.931922,77.521369,user136,2025-05-27T06:38:00,Bengaluru,1
Pothole #8137,Damaged patch,12.977847,77.741627,user137,2025-06-03T20:19:00,Bengaluru,4
Pothole #8138,Needs repair,12.998361,77.628095,user138,2025-06-08T23:46:00,Bengaluru,4
Pothole #8139,Small crack,12.951784,77.640396,user139,2025-11-05T22:09:00,Bengaluru,2
Pothole #8140,Needs repair,13.025554,77.694089,user140,2025-04-08T12:16:00,Bengaluru,2
Pothole #8141,Causes skidding,12.994637,77.562747,user141,2025-11-25T15:43:00,Bengaluru,2
Pothole #8142,Small crack,12.904103,77.739621,user142,2025-10-05T05:39:00,Bengaluru,3
Pothole #8143,Crater-like,12.879315,77.656745,user143,2025-04-21T11:21:00,Bengaluru,4
Pothole #8144,Needs repair,12.988595,77.722633,user144,2025-11-22T19:23:00,Bengaluru,3
Pothole #8145,Causes skidding,12.963177,77.604258,user145,2025-01-15T22:18:00,Bengaluru,5
Pothole #8146,Deep hole,12.903862,77.597008,user146,2025-04-05T14:59:00,Bengaluru,5
Pothole #8147,Needs repair,12.953942,77.552515,user147,2025-11-12T16:16:00,Bengaluru,1
Pothole #8148,Deep hole,12.936452,77.539733,user148,2025-04-23T20:04:00,Bengaluru,4
Pothole #8149,Crater-like,12.99812,77.629418,user149,2025-11-18T14:27:00,Bengaluru,1
Pothole #8150,Causes skidding,12.960887,77.68746,user150,2025-10-23T21:12:00,Bengaluru,2
Pothole #8151,Crater-like,13.01889,77.605045,user151,2025-06-18T21:55:00,Bengaluru,1
Pothole #8152,Causes skidding,13.005219,77.603095,user152,2025-08-04T06:41:00,Bengaluru,4
Pothole #8153,Damaged patch,12.911091,77.730725,user153,2025-09-18T21:22:00,Bengaluru,1
Pothole #8154,Deep hole,12.988794,77.536526,user154,2025-11-05T03:06:00,Bengaluru,3
Pothole #8155,Causes skidding,12.990908,77.559899,user155,2025-10-08T06:10:00,Bengaluru,1
Pothole #8156,Crater-like,13.017222,77.657178,user156,2025-09-02T08:48:00,Bengaluru,1
Pothole #8157,Needs repair,12.919476,77.666253,user157,2025-10-11T10:17:00,Bengaluru,5
Pothole #8158,Crater-like,12.869712,77.72114,user158,2025-09-15T05:44:00,Bengaluru,3
Pothole #8159,Damaged patch,13.000115,77.53282,user159,2025-04-16T14:45:00,Bengaluru,2
Pothole #8160,Crater-like,12.949541,77.617488,user160,2025-04-14T23:15:00,Bengaluru,3
Pothole #8161,Needs repair,13.019146,77.631715,user161,2025-09-22T23:45:00,Bengaluru,1
Pothole #8162,Damaged patch,12.990737,77.670661,user162,2025-06-28T11:27:00,Bengaluru,4
Pothole #8163,Deep hole,12.98093,77.589969,user163,2025-09-24T23:13:00,Bengaluru,4
Pothole #8164,Needs repair,13.01123,77.609143,user164,2025-02-03T09:32:00,Bengaluru,2
Pothole #8165,Deep hole,13.005352,77.565902,user165,2025-07-02T07:15:00,Bengaluru,2
Pothole #8166,Crater-like,12.883748,77.660556,user166,2025-09-02T06:27:00,Bengaluru,5
Pothole #8167,Needs repair,12.987015,77.573872,user167,2025-04-28T01:27:00,Bengaluru,4
Pothole #8168,Causes skidding,12.907708,77.664326,user168,2025-02-01T20:19:00,Bengaluru,1
Pothole #8169,Causes skidding,12.856297,77.735074,user169,2025-05-13T10:39:00,Bengaluru,3
Pothole #8170,Causes skidding,13.016181,77.716581,user170,2025-05-17T22:58:00,Bengaluru,1
Pothole #8171,Crater-like,12.967861,77.633725,user171,2025-02-13T04:05:00,Bengaluru,3
Pothole #8172,Small crack,13.032829,77.748457,user172,2025-05-15T21:27:00,Bengaluru,3
Pothole #8173,Needs repair,12.888107,77.739988,user173,2025-10-24T05:53:00,Bengaluru,3
Pothole #8174,Small crack,12.96709,77.706384,user174,2025-04-25T20:56:00,Bengaluru,2
Pothole #8175,Causes skidding,12.872468,77.502887,user175,2025-09-25T08:43:00,Bengaluru,4
Pothole #8176,Small crack,13.041986,77.609118,user176,2025-10-12T15:56:00,Bengaluru,4
Pothole #8177,Deep hole,12.884286,77.626977,user177,2025-06-18T14:43:00,Bengaluru,4
Pothole #8178,Damaged patch,12.873503,77.622494,user178,2025-03-17T01:16:00,Bengaluru,5
Pothole #8179,Crater-like,12.958018,77.540631,user179,2025-11-25T19:53:00,Bengaluru,1
Pothole #8180,Deep hole,12.962754,77.526516,user180,2025-06-14T20:49:00,Bengaluru,2
Pothole #8181,Needs repair,13.034077,77.503229,user181,2025-08-04T20:58:00,Bengaluru,5
Pothole #8182,Damaged patch,12.911782,77.74643,user182,2025-03-20T12:46:00,Bengaluru,1
Pothole #8183,Small crack,12.936638,77.735681,user183,2025-01-24T07:43:00,Bengaluru,1
Pothole #8184,Damaged patch,12.857166,77.616597,user184,2025-08-11T10:57:00,Bengaluru,2
Pothole #8185,Causes skidding,12.883253,77.638616,user185,2025-07-12T20:01:00,Bengaluru,4
Pothole #8186,Causes skidding,13.003695,77.667775,user186,2025-01-23T20:52:00,Bengaluru,1
Pothole #8187,Small crack,13.044082,77.741359,user187,2025-07-19T14:22:00,Bengaluru,5
Pothole #8188,Small crack,13.030617,77.60605,user188,2025-02-26T13:58:00,Bengaluru,1
Pothole #8189,Causes skidding,12.981194,77.70101,user189,2025-08-14T17:00:00,Bengaluru,3
Pothole #8190,Crater-like,12.861307,77.6744,user190,2025-03-02T17:30:00,Bengaluru,4
Pothole #8191,Crater-like,12.957857,77.686074,user191,2025-05-25T07:52:00,Bengaluru,5
Pothole #8192,Needs repair,13.016645,77.5671,user192,2025-06-17T01:55:00,Bengaluru,5
Pothole #8193,Crater-like,12.859085,77.576951,user193,2025-11-02T08:26:00,Bengaluru,1
Pothole #8194,Small crack,12.981555,77.583317,user194,2025-01-10T10:36:00,Bengaluru,1
Pothole #8195,Needs repair,12.959817,77.520327,user195,2025-08-27T02:52:00,Bengaluru,1
Pothole #8196,Needs repair,12.886764,77.534151,user196,2025-06-28T03:08:00,Bengaluru,4
Pothole #8197,Deep hole,13.024154,77.633749,user197,2025-03-01T12:09:00,Bengaluru,2
Pothole #8198,Causes skidding,12.889904,77.712166,user198,2025-03-23T15:47:00,Bengaluru,3
Pothole #8199,Small crack,12.896648,77.530071,user199,2025-06-17T03:28:00,Bengaluru,4
Pothole #8200,Causes skidding,12.939978,77.536789,user200,2025-06-08T04:49:00,Bengaluru,3
Pothole #8201,Damaged patch,13.023141,77.547797,user201,2025-02-15T03:46:00,Bengaluru,5
Pothole #8202,Crater-like,12.950601,77.563463,user202,2025-01-25T01:05:00,Bengaluru,3
Pothole #8203,Causes skidding,13.04558,77.699661,user203,2025-02-28T11:45:00,Bengaluru,3
Pothole #8204,Needs repair,13.040073,77.669708,user204,2025-03-16T02:30:00,Bengaluru,2
Pothole #8205,Crater-like,12.952559,77.716673,user205,2025-09-12T11:02:00,Bengaluru,5
Pothole #8206,Causes skidding,13.01091,77.581092,user206,2025-07-01T14:09:00,Bengaluru,1
Pothole #8207,Causes skidding,12.980101,77.521473,user207,2025-03-23T01:38:00,Bengaluru,3
Pothole #8208,Deep hole,12.894032,77.600196,user208,2025-04-17T11:13:00,Bengaluru,2
Pothole #8209,Deep hole,12.911129,77.526937,user209,2025-06-07T18:44:00,Bengaluru,5
Pothole #8210,Crater-like,12.979861,77.74049,user210,2025-03-07T18:35:00,Bengaluru,1
Pothole #8211,Causes skidding,12.884866,77.538895,user211,2025-11-17T23:37:00,Bengaluru,1
Pothole #8212,Causes skidding,12.914257,77.551293,user212,2025-11-23T23:38:00,Bengaluru,1
Pothole #8213,Crater-like,12.964793,77.52235,user213,2025-02-07T17:54:00,Bengaluru,5
Pothole #8214,Crater-like,12.876419,77.60407,user214,2025-11-12T14:17:00,Bengaluru,1
Pothole #8215,Small crack,12.982721,77.643653,user215,2025-09-18T13:08:00,Bengaluru,2
Pothole #8216,Crater-like,12.887552,77.550913,user216,2025-06-03T12:35:00,Bengaluru,5
Pothole #8217,Causes skidding,12.951163,77.547934,user217,2025-01-15T10:48:00,Bengaluru,5
Pothole #8218,Needs repair,12.963752,77.714169,user218,2025-01-24T11:10:00,Bengaluru,2
Pothole #8219,Needs repair,12.856763,77.747363,user219,2025-03-01T05:48:00,Bengaluru,1
Pothole #8220,Crater-like,12.851331,77.559318,user220,2025-09-11T04:18:00,Bengaluru,3
Pothole #8221,Needs repair,12.905643,77.635038,user221,2025-07-17T09:34:00,Bengaluru,3
Pothole #8222,Needs repair,13.03906,77.627557,user222,2025-11-15T01:04:00,Bengaluru,3
Pothole #8223,Deep hole,12.92147,77.669214,user223,2025-08-14T15:51:00,Bengaluru,2
Pothole #8224,Deep hole,12.930666,77.650971,user224,2025-07-10T21:03:00,Bengaluru,5
Pothole #8225,Causes skidding,13.009956,77.558765,user225,2025-07-13T09:28:00,Bengaluru,3
Pothole #8226,Damaged patch,12.958608,77.529384,user226,2025-04-16T22:13:00,Bengaluru,5
Pothole #8227,Needs repair,12.866052,77.617167,user227,2025-06-03T15:44:00,Bengaluru,2
Pothole #8228,Needs repair,12.971773,77.613588,user228,2025-07-11T14:57:00,Bengaluru,5
Pothole #8229,Causes skidding,12.975936,77.680384,user229,2025-11-16T17:38:00,Bengaluru,1
Pothole #8230,Causes skidding,12.880741,77.713988,user230,2025-07-02T11:00:00,Bengaluru,4
Pothole #8231,Small crack,13.046563,77.731831,user231,2025-08-16T14:06:00,Bengaluru,5
Pothole #8232,Deep hole,12.932042,77.651317,user232,2025-08-20T05:33:00,Bengaluru,4
Pothole #8233,Deep hole,13.017048,77.602754,user233,2025-10-23T19:26:00,Bengaluru,2
Pothole #8234,Small crack,12.909322,77.522854,user234,2025-11-26T21:41:00,Bengaluru,5
Pothole #8235,Small crack,12.863622,77.667676,user235,2025-01-19T05:59:00,Bengaluru,1
Pothole #8236,Small crack,13.001998,77.656305,user236,2025-07-28T18:25:00,Bengaluru,1
Pothole #8237,Crater-like,12.881588,77.597246,user237,2025-01-15T11:16:00,Bengaluru,3
Pothole #8238,Causes skidding,13.03368,77.508899,user238,2025-02-01T17:15:00,Bengaluru,1
Pothole #8239,Small crack,12.852327,77.560662,user239,2025-05-20T07:23:00,Bengaluru,2
Pothole #8240,Small crack,12.971529,77.729002,user240,2025-07-13T11:19:00,Bengaluru,2
Pothole #8241,Crater-like,12.866736,77.691761,user241,2025-02-19T07:08:00,Bengaluru,3
Pothole #8242,Damaged patch,13.013457,77.64105,user242,2025-07-24T18:12:00,Bengaluru,1
Pothole #8243,Needs repair,13.049986,77.645536,user243,2025-02-21T05:16:00,Bengaluru,4
Pothole #8244,Deep hole,13.02964,77.684881,user244,2025-09-15T17:39:00,Bengaluru,4
Pothole #8245,Deep hole,12.910813,77.662486,user245,2025-11-01T20:25:00,Bengaluru,1
Pothole #8246,Deep hole,12.929046,77.74812,user246,2025-06-13T10:35:00,Bengaluru,4
Pothole #8247,Small crack,12.959547,77.738584,user247,2025-10-09T06:16:00,Bengaluru,1
Pothole #8248,Causes skidding,12.853963,77.650493,user248,2025-07-23T14:01:00,Bengaluru,1
Pothole #8249,Deep hole,12.87812,77.539056,user249,2025-11-13T06:34:00,Bengaluru,1
Pothole #8250,Damaged patch,13.013763,77.529815,user250,2025-10-14T10:57:00,Bengaluru,5
Pothole #8251,Needs repair,12.908378,77.601493,user251,2025-11-12T16:42:00,Bengaluru,4
Pothole #8252,Damaged patch,12.957222,77.535502,user252,2025-04-17T02:47:00,Bengaluru,2
Pothole #8253,Deep hole,12.919268,77.727499,user253,2025-05-04T21:55:00,Bengaluru,2
Pothole #8254,Causes skidding,12.891083,77.724262,user254,2025-06-04T12:11:00,Bengaluru,3
Pothole #8255,Damaged patch,12.854111,77.630453,user255,2025-08-11T12:35:00,Bengaluru,2
Pothole #8256,Needs repair,12.889761,77.523886,user256,2025-02-01T16:38:00,Bengaluru,2
Pothole #8257,Crater-like,12.933688,77.733282,user257,2025-07-25T03:44:00,Bengaluru,4
Pothole #8258,Needs repair,12.968413,77.549564,user258,2025-05-01T22:25:00,Bengaluru,5
Pothole #8259,Damaged patch,12.873238,77.544566,user259,2025-09-04T20:31:00,Bengaluru,4
Pothole #8260,Needs repair,12.851198,77.691448,user260,2025-08-18T15:20:00,Bengaluru,3
Pothole #8261,Deep hole,13.024907,77.551409,user261,2025-02-25T16:24:00,Bengaluru,1
Pothole #8262,Causes skidding,12.944488,77.728211,user262,2025-09-04T12:42:00,Bengaluru,4
Pothole #8263,Causes skidding,13.001441,77.616459,user263,2025-07-02T20:56:00,Bengaluru,5
Pothole #8264,Damaged patch,12.981146,77.603345,user264,2025-03-20T10:06:00,Bengaluru,5
Pothole #8265,Small crack,12.940295,77.657019,user265,2025-01-16T09:52:00,Bengaluru,1
Pothole #8266,Causes skidding,12.86664,77.731444,user266,2025-03-21T01:48:00,Bengaluru,5
Pothole #8267,Crater-like,12.919133,77.525088,user267,2025-07-04T13:31:00,Bengaluru,4
Pothole #8268,Small crack,13.018362,77.587401,user268,2025-11-07T05:24:00,Bengaluru,3
Pothole #8269,Damaged patch,13.043625,77.555354,user269,2025-07-03T04:34:00,Bengaluru,2
Pothole #8270,Causes skidding,12.950796,77.732078,user270,2025-01-16T19:54:00,Bengaluru,5
Pothole #8271,Damaged patch,12.960144,77.676925,user271,2025-05-17T20:13:00,Bengaluru,5
Pothole #8272,Crater-like,12.909631,77.525115,user272,2025-05-25T20:38:00,Bengaluru,4
Pothole #8273,Causes skidding,12.976736,77.726468,user273,2025-01-04T17:50:00,Bengaluru,4
Pothole #8274,Needs repair,12.927838,77.717836,user274,2025-08-19T17:19:00,Bengaluru,2
Pothole #8275,Damaged patch,12.962644,77.672181,user275,2025-11-24T00:08:00,Bengaluru,1
Pothole #8276,Crater-like,13.008456,77.689191,user276,2025-04-23T04:25:00,Bengaluru,2
Pothole #8277,Causes skidding,12.934682,77.500517,user277,2025-02-11T04:53:00,Bengaluru,1
Pothole #8278,Causes skidding,13.025697,77.665317,user278,2025-11-25T08:53:00,Bengaluru,1
Pothole #8279,Crater-like,12.882354,77.721949,user279,2025-09-06T10:48:00,Bengaluru,2
Pothole #8280,Causes skidding,12.882883,77.725446,user280,2025-10-12T13:38:00,Bengaluru,5
Pothole #8281,Crater-like,12.939912,77.688664,user281,2025-06-05T03:44:00,Bengaluru,2
Pothole #8282,Small crack,12.914006,77.689052,user282,2025-06-06T22:03:00,Bengaluru,2
Pothole #8283,Damaged patch,12.93138,77.577863,user283,2025-11-27T13:07:00,Bengaluru,3
Pothole #8284,Crater-like,12.925359,77.660967,user284,2025-06-10T14:03:00,Bengaluru,3
Pothole #8285,Small crack,12.996583,77.727391,user285,2025-10-11T12:37:00,Bengaluru,5
Pothole #8286,Deep hole,12.976908,77.735763,user286,2025-01-06T09:04:00,Bengaluru,5
Pothole #8287,Causes skidding,12.881701,77.576052,user287,2025-03-26T07:03:00,Bengaluru,2
Pothole #8288,Causes skidding,12.880682,77.638658,user288,2025-11-14T00:08:00,Bengaluru,3
Pothole #8289,Needs repair,12.989169,77.50075,user289,2025-08-26T13:12:00,Bengaluru,2
Pothole #8290,Deep hole,12.991207,77.548325,user290,2025-09-22T09:20:00,Bengaluru,3
Pothole #8291,Causes skidding,12.908585,77.52145,user291,2025-01-12T21:42:00,Bengaluru,4
Pothole #8292,Damaged patch,12.990705,77.582289,user292,2025-11-27T21:23:00,Bengaluru,5
Pothole #8293,Small crack,12.9019,77.540319,user293,2025-06-14T21:17:00,Bengaluru,3
Pothole #8294,Causes skidding,12.919931,77.565778,user294,2025-05-18T07:03:00,Bengaluru,3
Pothole #8295,Needs repair,12.917868,77.507033,user295,2025-02-28T14:13:00,Bengaluru,3
Pothole #8296,Small crack,13.004164,77.590496,user296,2025-01-02T18:40:00,Bengaluru,4
Pothole #8297,Damaged patch,12.940137,77.603348,user297,2025-10-14T23:45:00,Bengaluru,5
Pothole #8298,Deep hole,12.971016,77.523013,user298,2025-01-25T16:38:00,Bengaluru,2
Pothole #8299,Crater-like,12.976463,77.668874,user299,2025-05-18T03:32:00,Bengaluru,2
Pothole #8300,Crater-like,13.042073,77.61497,user300,2025-11-03T13:36:00,Bengaluru,1
Pothole #8301,Causes skidding,12.875923,77.728929,user301,2025-05-14T12:21:00,Bengaluru,4
Pothole #8302,Damaged patch,12.957871,77.726219,user302,2025-10-26T03:31:00,Bengaluru,4
Pothole #8303,Deep hole,12.992252,77.612062,user303,2025-08-17T22:21:00,Bengaluru,4
Pothole #8304,Small crack,13.016949,77.509602,user304,2025-07-14T13:04:00,Bengaluru,3
Pothole #8305,Small crack,13.046168,77.676342,user305,2025-07-15T14:38:00,Bengaluru,4
Pothole #8306,Crater-like,12.94292,77.596878,user306,2025-11-19T00:09:00,Bengaluru,2
Pothole #8307,Damaged patch,12.967411,77.506004,user307,2025-05-15T19:03:00,Bengaluru,4
Pothole #8308,Causes skidding,12.982393,77.536674,user308,2025-07-09T23:48:00,Bengaluru,4
Pothole #8309,Needs repair,13.012065,77.656983,user309,2025-01-27T03:14:00,Bengaluru,5
Pothole #8310,Needs repair,12.948891,77.533464,user310,2025-01-28T17:30:00,Bengaluru,4
Pothole #8311,Damaged patch,12.987511,77.691404,user311,2025-07-17T19:26:00,Bengaluru,4
Pothole #8312,Small crack,12.915531,77.535936,user312,2025-03-14T08:51:00,Bengaluru,1
Pothole #8313,Crater-like,13.015737,77.675648,user313,2025-11-03T13:19:00,Bengaluru,3
Pothole #8314,Damaged patch,12.921997,77.704296,user314,2025-11-18T12:26:00,Bengaluru,2
Pothole #8315,Crater-like,12.942574,77.576353,user315,2025-05-06T20:37:00,Bengaluru,2
Pothole #8316,Crater-like,13.049014,77.57341,user316,2025-05-27T08:52:00,Bengaluru,4
Pothole #8317,Needs repair,12.920587,77.72875,user317,2025-11-27T19:32:00,Bengaluru,5
Pothole #8318,Deep hole,13.023583,77.742914,user318,2025-08-14T03:12:00,Bengaluru,3
Pothole #8319,Causes skidding,12.895461,77.506394,user319,2025-04-26T04:30:00,Bengaluru,2
Pothole #8320,Causes skidding,13.04865,77.54348,user320,2025-03-22T13:58:00,Bengaluru,1
Pothole #8321,Deep hole,12.947345,77.576747,user321,2025-05-17T12:58:00,Bengaluru,1
Pothole #8322,Deep hole,12.956686,77.595173,user322,2025-07-20T04:14:00,Bengaluru,5
Pothole #8323,Small crack,12.87159,77.574751,user323,2025-04-02T16:24:00,Bengaluru,1
Pothole #8324,Damaged patch,13.008277,77.612257,user324,2025-09-06T10:07:00,Bengaluru,1
Pothole #8325,Causes skidding,12.873553,77.661617,user325,2025-11-08T02:04:00,Bengaluru,5
Pothole #8326,Damaged patch,13.031332,77.600312,user326,2025-07-26T04:22:00,Bengaluru,4
Pothole #8327,Small crack,12.969025,77.601449,user327,2025-04-27T18:29:00,Bengaluru,3
Pothole #8328,Causes skidding,13.000732,77.694138,user328,2025-10-26T04:21:00,Bengaluru,2
Pothole #8329,Small crack,12.920073,77.595722,user329,2025-05-27T02:10:00,Bengaluru,3
Pothole #8330,Causes skidding,13.030355,77.596063,user330,2025-08-02T13:30:00,Bengaluru,2
Pothole #8331,Causes skidding,12.894913,77.575729,user331,2025-10-02T03:43:00,Bengaluru,1
Pothole #8332,Causes skidding,12.879987,77.609633,user332,2025-06-17T11:38:00,Bengaluru,3
Pothole #8333,Damaged patch,12.96894,77.533379,user333,2025-06-13T05:54:00,Bengaluru,5
Pothole #8334,Small crack,12.882259,77.569184,user334,2025-01-24T18:24:00,Bengaluru,1
Pothole #8335,Deep hole,12.974659,77.599153,user335,2025-02-24T20:00:00,Bengaluru,2
Pothole #8336,Damaged patch,12.87481,77.626871,user336,2025-07-24T02:59:00,Bengaluru,1
Pothole #8337,Deep hole,12.92243,77.538575,user337,2025-09-01T21:53:00,Bengaluru,4
Pothole #8338,Damaged patch,12.905996,77.729579,user338,2025-09-01T16:13:00,Bengaluru,2
Pothole #8339,Small crack,13.005767,77.710314,user339,2025-09-14T05:19:00,Bengaluru,1
Pothole #8340,Needs repair,12.854029,77.62572,user340,2025-11-07T06:27:00,Bengaluru,1
Pothole #8341,Crater-like,12.936414,77.519919,user341,2025-10-17T11:51:00,Bengaluru,4
Pothole #8342,Causes skidding,13.039238,77.661193,user342,2025-08-26T09:09:00,Bengaluru,1
Pothole #8343,Crater-like,12.851437,77.684379,user343,2025-02-23T14:56:00,Bengaluru,1
Pothole #8344,Causes skidding,12.999285,77.632596,user344,2025-10-25T12:23:00,Bengaluru,5
Pothole #8345,Deep hole,13.027841,77.532915,user345,2025-09-10T17:22:00,Bengaluru,2
Pothole #8346,Deep hole,12.901213,77.569413,user346,2025-06-10T19:02:00,Bengaluru,1
Pothole #8347,Crater-like,12.960637,77.715032,user347,2025-03-27T19:27:00,Bengaluru,1
Pothole #8348,Damaged patch,12.912328,77.521795,user348,2025-04-14T10:17:00,Bengaluru,3
Pothole #8349,Deep hole,13.034962,77.735016,user349,2025-10-26T21:35:00,Bengaluru,2
Pothole #8350,Causes skidding,12.955373,77.53749,user350,2025-06-20T01:39:00,Bengaluru,5
Pothole #8351,Small crack,12.990418,77.642403,user351,2025-01-28T06:59:00,Bengaluru,2
Pothole #8352,Deep hole,13.035942,77.654032,user352,2025-02-22T04:18:00,Bengaluru,1
Pothole #8353,Small crack,12.991113,77.594614,user353,2025-02-24T22:35:00,Bengaluru,2
Pothole #8354,Damaged patch,13.000156,77.749432,user354,2025-07-08T15:00:00,Bengaluru,1
Pothole #8355,Crater-like,12.956372,77.748582,user355,2025-07-14T06:33:00,Bengaluru,5
Pothole #8356,Deep hole,13.042266,77.68346,user356,2025-03-10T12:03:00,Bengaluru,4
Pothole #8357,Crater-like,12.891663,77.689374,user357,2025-06-01T07:04:00,Bengaluru,5
Pothole #8358,Damaged patch,12.971241,77.678297,user358,2025-06-10T09:53:00,Bengaluru,3
Pothole #8359,Deep hole,12.93215,77.688538,user359,2025-09-07T07:19:00,Bengaluru,5
Pothole #8360,Causes skidding,12.950957,77.718779,user360,2025-01-24T12:30:00,Bengaluru,1
Pothole #8361,Deep hole,12.855009,77.584182,user361,2025-02-24T19:38:00,Bengaluru,2
Pothole #8362,Small crack,13.036485,77.717041,user362,2025-10-07T06:21:00,Bengaluru,5
Pothole #8363,Damaged patch,12.957113,77.516736,user363,2025-02-18T08:01:00,Bengaluru,5
Pothole #8364,Deep hole,12.937599,77.666505,user364,2025-06-23T19:26:00,Bengaluru,4
Pothole #8365,Small crack,12.998965,77.503635,user365,2025-05-09T14:43:00,Bengaluru,1
Pothole #8366,Crater-like,13.019675,77.563144,user366,2025-06-20T07:14:00,Bengaluru,3
Pothole #8367,Crater-like,13.016918,77.680325,user367,2025-07-27T17:07:00,Bengaluru,3
Pothole #8368,Small crack,12.955145,77.667446,user368,2025-01-01T19:36:00,Bengaluru,2
Pothole #8369,Small crack,12.913315,77.740403,user369,2025-09-07T05:31:00,Bengaluru,2
Pothole #8370,Small crack,12.940605,77.54396,user370,2025-02-10T07:40:00,Bengaluru,2
Pothole #8371,Deep hole,12.99865,77.715759,user371,2025-02-20T00:19:00,Bengaluru,2
Pothole #8372,Crater-like,12.861219,77.551122,user372,2025-06-15T21:30:00,Bengaluru,5
Pothole #8373,Deep hole,12.932837,77.735349,user373,2025-02-12T22:29:00,Bengaluru,2
Pothole #8374,Small crack,13.036656,77.685138,user374,2025-09-25T09:31:00,Bengaluru,3
Pothole #8375,Needs repair,12.99084,77.573809,user375,2025-03-26T22:55:00,Bengaluru,4
Pothole #8376,Small crack,13.043517,77.542511,user376,2025-01-06T11:47:00,Bengaluru,1
Pothole #8377,Needs repair,12.893775,77.69132,user377,2025-01-19T09:12:00,Bengaluru,1
Pothole #8378,Deep hole,12.967187,77.695613,user378,2025-08-23T14:35:00,Bengaluru,1
Pothole #8379,Crater-like,13.018865,77.622457,user379,2025-10-10T01:39:00,Bengaluru,1
Pothole #8380,Small crack,12.954959,77.598775,user380,2025-04-05T07:38:00,Bengaluru,2
Pothole #8381,Damaged patch,12.962773,77.665018,user381,2025-04-03T04:13:00,Bengaluru,3
Pothole #8382,Damaged patch,12.903728,77.646636,user382,2025-03-23T22:12:00,Bengaluru,2
Pothole #8383,Deep hole,12.91315,77.714814,user383,2025-10-15T06:23:00,Bengaluru,1
Pothole #8384,Deep hole,13.027167,77.599502,user384,2025-05-05T21:15:00,Bengaluru,3
Pothole #8385,Crater-like,12.974736,77.574879,user385,2025-05-17T13:53:00,Bengaluru,5
Pothole #8386,Needs repair,12.981124,77.545718,user386,2025-09-07T07:12:00,Bengaluru,1
Pothole #8387,Damaged patch,12.915319,77.739199,user387,2025-09-21T14:18:00,Bengaluru,2
Pothole #8388,Small crack,12.974864,77.575029,user388,2025-02-07T10:48:00,Bengaluru,2
Pothole #8389,Needs repair,12.976364,77.664722,user389,2025-03-01T22:46:00,Bengaluru,5
Pothole #8390,Needs repair,12.924161,77.602248,user390,2025-09-27T17:40:00,Bengaluru,2
Pothole #8391,Damaged patch,12.890874,77.742776,user391,2025-07-19T23:24:00,Bengaluru,3
Pothole #8392,Crater-like,12.971639,77.514774,user392,2025-09-12T18:42:00,Bengaluru,3
Pothole #8393,Needs repair,13.011072,77.689513,user393,2025-10-19T08:31:00,Bengaluru,3
Pothole #8394,Deep hole,12.871936,77.556246,user394,2025-03-13T12:40:00,Bengaluru,2
Pothole #8395,Causes skidding,12.960676,77.627714,user395,2025-11-21T06:50:00,Bengaluru,4
Pothole #8396,Crater-like,12.886506,77.538931,user396,2025-05-05T12:39:00,Bengaluru,4
Pothole #8397,Small crack,12.948653,77.637622,user397,2025-04-17T21:24:00,Bengaluru,2
Pothole #8398,Damaged patch,12.901539,77.620491,user398,2025-06-28T08:29:00,Bengaluru,3
Pothole #8399,Small crack,12.93223,77.528271,user399,2025-06-07T06:14:00,Bengaluru,3
Pothole #8400,Needs repair,12.893078,77.641931,user400,2025-07-20T06:22:00,Bengaluru,3
Pothole #8401,Small crack,13.000316,77.713183,user401,2025-05-17T09:55:00,Bengaluru,4
Pothole #8402,Deep hole,12.932188,77.52602,user402,2025-07-03T07:16:00,Bengaluru,2
Pothole #8403,Needs repair,13.038942,77.525038,user403,2025-10-12T05:59:00,Bengaluru,2
Pothole #8404,Deep hole,13.012332,77.616289,user404,2025-02-12T06:44:00,Bengaluru,3
Pothole #8405,Small crack,12.999963,77.645113,user405,2025-06-25T16:06:00,Bengaluru,5
Pothole #8406,Crater-like,12.92427,77.699579,user406,2025-02-23T14:57:00,Bengaluru,3
Pothole #8407,Deep hole,12.878968,77.600882,user407,2025-10-18T13:06:00,Bengaluru,2
Pothole #8408,Causes skidding,13.039767,77.611996,user408,2025-08-10T18:59:00,Bengaluru,4
Pothole #8409,Needs repair,13.001694,77.63594,user409,2025-07-08T05:12:00,Bengaluru,1
Pothole #8410,Needs repair,12.897213,77.635693,user410,2025-05-19T01:51:00,Bengaluru,4
Pothole #8411,Causes skidding,12.929828,77.526833,user411,2025-01-09T23:33:00,Bengaluru,1
Pothole #8412,Crater-like,12.887461,77.74586,user412,2025-02-15T13:23:00,Bengaluru,2
Pothole #8413,Needs repair,12.85911,77.558067,user413,2025-07-05T17:48:00,Bengaluru,5
Pothole #8414,Crater-like,12.850425,77.700582,user414,2025-11-27T08:35:00,Bengaluru,4
Pothole #8415,Causes skidding,12.98287,77.522997,user415,2025-11-09T12:59:00,Bengaluru,3
Pothole #8416,Needs repair,12.88216,77.572535,user416,2025-09-13T08:32:00,Bengaluru,1
Pothole #8417,Crater-like,13.007601,77.727689,user417,2025-01-11T23:41:00,Bengaluru,5
Pothole #8418,Small crack,12.949681,77.722919,user418,2025-02-18T19:27:00,Bengaluru,4
Pothole #8419,Crater-like,12.887054,77.6608,user419,2025-06-22T09:23:00,Bengaluru,1
Pothole #8420,Deep hole,12.982013,77.621084,user420,2025-08-23T05:10:00,Bengaluru,5
Pothole #8421,Needs repair,13.044883,77.656063,user421,2025-11-11T04:29:00,Bengaluru,3
Pothole #8422,Small crack,12.973577,77.630412,user422,2025-03-14T21:12:00,Bengaluru,4
Pothole #8423,Crater-like,12.985751,77.730897,user423,2025-09-15T07:15:00,Bengaluru,3
Pothole #8424,Causes skidding,12.980833,77.742461,user424,2025-05-12T03:09:00,Bengaluru,5
Pothole #8425,Deep hole,12.913067,77.738791,user425,2025-11-15T09:51:00,Bengaluru,5
Pothole #8426,Crater-like,12.991869,77.695672,user426,2025-05-01T13:06:00,Bengaluru,4
Pothole #8427,Crater-like,12.97162,77.616008,user427,2025-03-03T01:40:00,Bengaluru,5
Pothole #8428,Damaged patch,13.023413,77.524892,user428,2025-05-14T15:45:00,Bengaluru,4
Pothole #8429,Causes skidding,12.970487,77.589478,user429,2025-02-14T00:59:00,Bengaluru,1
Pothole #8430,Small crack,12.917293,77.721136,user430,2025-05-21T18:58:00,Bengaluru,5
Pothole #8431,Crater-like,12.864182,77.677054,user431,2025-02-23T22:42:00,Bengaluru,4
Pothole #8432,Deep hole,12.912735,77.709138,user432,2025-05-24T03:12:00,Bengaluru,3
Pothole #8433,Causes skidding,13.025719,77.696908,user433,2025-09-09T08:09:00,Bengaluru,3
Pothole #8434,Damaged patch,12.959784,77.520771,user434,2025-11-28T22:03:00,Bengaluru,1
Pothole #8435,Crater-like,13.004465,77.600694,user435,2025-11-28T11:16:00,Bengaluru,1
Pothole #8436,Crater-like,12.997516,77.692599,user436,2025-04-11T21:31:00,Bengaluru,2
Pothole #8437,Deep hole,12.914154,77.716975,user437,2025-02-26T13:20:00,Bengaluru,4
Pothole #8438,Needs repair,12.952426,77.512906,user438,2025-07-06T14:25:00,Bengaluru,2
Pothole #8439,Needs repair,12.927619,77.686134,user439,2025-03-24T19:39:00,Bengaluru,3
Pothole #8440,Causes skidding,13.02628,77.679587,user440,2025-09-25T18:50:00,Bengaluru,1
Pothole #8441,Small crack,12.855854,77.731113,user441,2025-06-27T16:19:00,Bengaluru,2
Pothole #8442,Damaged patch,12.980548,77.686055,user442,2025-01-18T10:51:00,Bengaluru,1
Pothole #8443,Small crack,12.973731,77.559364,user443,2025-02-19T10:19:00,Bengaluru,1
Pothole #8444,Crater-like,12.937532,77.581066,user444,2025-04-08T05:38:00,Bengaluru,3
Pothole #8445,Needs repair,13.029241,77.746591,user445,2025-10-16T05:47:00,Bengaluru,2
Pothole #8446,Causes skidding,13.039689,77.55753,user446,2025-05-21T12:49:00,Bengaluru,1
Pothole #8447,Needs repair,13.049011,77.614968,user447,2025-09-04T07:49:00,Bengaluru,3
Pothole #8448,Needs repair,12.879903,77.636134,user448,2025-05-01T07:45:00,Bengaluru,5
Pothole #8449,Small crack,12.914269,77.557128,user449,2025-11-10T11:33:00,Bengaluru,2
Pothole #8450,Deep hole,12.983821,77.533049,user450,2025-05-04T12:12:00,Bengaluru,3
Pothole #8451,Damaged patch,12.981976,77.711395,user451,2025-10-24T09:00:00,Bengaluru,5
Pothole #8452,Needs repair,12.913423,77.66447,user452,2025-08-10T08:21:00,Bengaluru,4
Pothole #8453,Crater-like,13.019967,77.730699,user453,2025-09-19T05:28:00,Bengaluru,1
Pothole #8454,Causes skidding,12.973362,77.585529,user454,2025-02-16T23:44:00,Bengaluru,5
Pothole #8455,Damaged patch,12.918082,77.531755,user455,2025-03-18T02:27:00,Bengaluru,5
Pothole #8456,Needs repair,12.894011,77.500126,user456,2025-03-18T08:47:00,Bengaluru,5
Pothole #8457,Small crack,12.914843,77.743425,user457,2025-07-19T20:49:00,Bengaluru,4
Pothole #8458,Causes skidding,12.856575,77.717493,user458,2025-01-08T20:09:00,Bengaluru,1
Pothole #8459,Damaged patch,13.011695,77.597361,user459,2025-11-11T17:46:00,Bengaluru,2
Pothole #8460,Needs repair,13.009836,77.597581,user460,2025-03-19T03:56:00,Bengaluru,3
Pothole #8461,Damaged patch,12.904101,77.60136,user461,2025-04-28T12:04:00,Bengaluru,1
Pothole #8462,Deep hole,12.959108,77.672275,user462,2025-04-03T01:27:00,Bengaluru,1
Pothole #8463,Needs repair,13.000805,77.71073,user463,2025-08-24T12:59:00,Bengaluru,2
Pothole #8464,Needs repair,12.972063,77.5601,user464,2025-01-03T23:45:00,Bengaluru,4
Pothole #8465,Damaged patch,12.977179,77.549725,user465,2025-01-23T14:11:00,Bengaluru,5
Pothole #8466,Deep hole,12.897872,77.691077,user466,2025-06-06T02:13:00,Bengaluru,2
Pothole #8467,Needs repair,13.045798,77.742973,user467,2025-11-26T11:54:00,Bengaluru,4
Pothole #8468,Needs repair,13.020161,77.712935,user468,2025-02-05T01:01:00,Bengaluru,2
Pothole #8469,Small crack,12.903647,77.658252,user469,2025-06-10T13:57:00,Bengaluru,3
Pothole #8470,Damaged patch,12.935961,77.736618,user470,2025-05-24T10:11:00,Bengaluru,2
Pothole #8471,Causes skidding,13.003028,77.744139,user471,2025-04-18T02:31:00,Bengaluru,1
Pothole #8472,Crater-like,12.859617,77.683083,user472,2025-05-03T10:53:00,Bengaluru,2
Pothole #8473,Deep hole,12.909778,77.544691,user473,2025-08-06T13:08:00,Bengaluru,3
Pothole #8474,Needs repair,12.911839,77.629458,user474,2025-03-16T02:21:00,Bengaluru,5
Pothole #8475,Crater-like,12.944707,77.693245,user475,2025-06-04T05:54:00,Bengaluru,2
Pothole #8476,Damaged patch,12.936867,77.680814,user476,2025-07-04T23:45:00,Bengaluru,5
Pothole #8477,Small crack,13.002581,77.620773,user477,2025-11-12T00:24:00,Bengaluru,4
Pothole #8478,Causes skidding,12.858998,77.662747,user478,2025-07-11T12:14:00,Bengaluru,2
Pothole #8479,Crater-like,12.923232,77.621027,user479,2025-03-16T15:21:00,Bengaluru,4
Pothole #8480,Damaged patch,13.002849,77.695149,user480,2025-05-06T08:38:00,Bengaluru,3
Pothole #8481,Damaged patch,12.851186,77.644397,user481,2025-10-24T23:21:00,Bengaluru,1
Pothole #8482,Damaged patch,13.027839,77.749743,user482,2025-02-21T23:00:00,Bengaluru,3
Pothole #8483,Damaged patch,12.893469,77.691825,user483,2025-08-15T11:50:00,Bengaluru,3
Pothole #8484,Needs repair,13.031639,77.637315,user484,2025-03-23T15:44:00,Bengaluru,1
Pothole #8485,Needs repair,12.926438,77.689928,user485,2025-06-03T10:01:00,Bengaluru,2
Pothole #8486,Needs repair,13.037291,77.670171,user486,2025-06-23T20:02:00,Bengaluru,2
Pothole #8487,Deep hole,12.902598,77.509585,user487,2025-07-09T14:28:00,Bengaluru,5
Pothole #8488,Needs repair,12.904974,77.721104,user488,2025-05-13T05:10:00,Bengaluru,2
Pothole #8489,Needs repair,13.015537,77.552309,user489,2025-05-21T12:27:00,Bengaluru,2
Pothole #8490,Crater-like,12.911283,77.595638,user490,2025-09-07T12:36:00,Bengaluru,2
Pothole #8491,Crater-like,12.951132,77.503703,user491,2025-01-15T18:46:00,Bengaluru,1
Pothole #8492,Small crack,13.043076,77.704866,user492,2025-10-11T12:03:00,Bengaluru,5
Pothole #8493,Causes skidding,12.876554,77.622808,user493,2025-06-20T08:30:00,Bengaluru,2
Pothole #8494,Crater-like,12.934087,77.65044,user494,2025-11-09T01:04:00,Bengaluru,5
Pothole #8495,Crater-like,13.0387,77.721973,user495,2025-04-10T03:27:00,Bengaluru,5
Pothole #8496,Causes skidding,12.905753,77.738324,user496,2025-01-21T23:08:00,Bengaluru,3
Pothole #8497,Damaged patch,13.006059,77.737241,user497,2025-08-03T09:58:00,Bengaluru,1
Pothole #8498,Causes skidding,12.990215,77.583719,user498,2025-08-19T23:15:00,Bengaluru,2
Pothole #8499,Causes skidding,12.850629,77.744533,user499,2025-06-18T06:26:00,Bengaluru,4
Pothole #8500,Causes skidding,12.948581,77.545162,user0,2025-02-14T21:42:00,Bengaluru,5
Pothole #8501,Causes skidding,13.001284,77.629116,user1,2025-05-12T01:36:00,Bengaluru,5
Pothole #8502,Deep hole,12.965935,77.621129,user2,2025-04-25T10:32:00,Bengaluru,1
Pothole #8503,Causes skidding,12.937958,77.542522,user3,2025-05-17T22:13:00,Bengaluru,1
Pothole #8504,Needs repair,12.974041,77.729511,user4,2025-06-18T23:05:00,Bengaluru,1
Pothole #8505,Needs repair,12.947473,77.601621,user5,2025-07-26T23:34:00,Bengaluru,1
Pothole #8506,Causes skidding,12.851597,77.5196,user6,2025-02-14T09:41:00,Bengaluru,5
Pothole #8507,Needs repair,12.92757,77.633578,user7,2025-02-09T08:12:00,Bengaluru,5
Pothole #8508,Causes skidding,12.977518,77.503955,user8,2025-07-03T07:02:00,Bengaluru,5
Pothole #8509,Small crack,12.982663,77.638856,user9,2025-04-02T06:35:00,Bengaluru,4
Pothole #8510,Causes skidding,13.013976,77.732322,user10,2025-10-06T06:49:00,Bengaluru,2
Pothole #8511,Small crack,12.852837,77.651836,user11,2025-11-08T19:25:00,Bengaluru,3
Pothole #8512,Crater-like,12.889491,77.627271,user12,2025-04-07T10:55:00,Bengaluru,3
Pothole #8513,Needs repair,12.860772,77.734307,user13,2025-06-01T13:47:00,Bengaluru,1
Pothole #8514,Damaged patch,12.993775,77.571497,user14,2025-07-27T12:30:00,Bengaluru,1
Pothole #8515,Crater-like,12.928841,77.736348,user15,2025-08-09T16:01:00,Bengaluru,1
Pothole #8516,Small crack,12.867755,77.667563,user16,2025-04-06T09:10:00,Bengaluru,1
Pothole #8517,Needs repair,12.865337,77.54934,user17,2025-08-09T04:58:00,Bengaluru,1
Pothole #8518,Deep hole,13.014429,77.68368,user18,2025-11-14T04:24:00,Bengaluru,4
Pothole #8519,Causes skidding,12.978698,77.586885,user19,2025-09-23T11:38:00,Bengaluru,2
Pothole #8520,Small crack,13.031956,77.701667,user20,2025-04-08T15:57:00,Bengaluru,5
Pothole #8521,Causes skidding,12.852595,77.618087,user21,2025-10-13T15:53:00,Bengaluru,2
Pothole #8522,Crater-like,12.946622,77.541693,user22,2025-06-21T04:36:00,Bengaluru,5
Pothole #8523,Damaged patch,12.964899,77.548623,user23,2025-07-25T03:59:00,Bengaluru,2
Pothole #8524,Crater-like,12.890811,77.697429,user24,2025-11-02T08:52:00,Bengaluru,1
Pothole #8525,Needs repair,12.985289,77.606414,user25,2025-11-18T04:52:00,Bengaluru,4
Pothole #8526,Crater-like,12.885442,77.624238,user26,2025-10-25T21:56:00,Bengaluru,2
Pothole #8527,Damaged patch,13.016894,77.626678,user27,2025-02-02T19:31:00,Bengaluru,1
Pothole #8528,Deep hole,13.029379,77.635935,user28,2025-09-10T19:44:00,Bengaluru,1
Pothole #8529,Needs repair,12.982363,77.632627,user29,2025-07-09T20:48:00,Bengaluru,2
Pothole #8530,Crater-like,12.900158,77.612439,user30,2025-01-21T21:14:00,Bengaluru,1
Pothole #8531,Causes skidding,13.009993,77.528623,user31,2025-02-23T20:29:00,Bengaluru,2
Pothole #8532,Small crack,12.859995,77.615577,user32,2025-03-03T04:20:00,Bengaluru,5
Pothole #8533,Crater-like,12.945304,77.629269,user33,2025-06-20T13:03:00,Bengaluru,1
Pothole #8534,Deep hole,12.935958,77.747391,user34,2025-11-19T17:01:00,Bengaluru,4
Pothole #8535,Damaged patch,12.870305,77.595511,user35,2025-11-18T19:50:00,Bengaluru,4
Pothole #8536,Small crack,13.047381,77.613228,user36,2025-04-05T00:07:00,Bengaluru,4
Pothole #8537,Damaged patch,12.929279,77.607468,user37,2025-09-01T22:13:00,Bengaluru,5
Pothole #8538,Small crack,13.031744,77.72052,user38,2025-11-13T12:36:00,Bengaluru,2
Pothole #8539,Needs repair,12.998306,77.716175,user39,2025-10-08T16:00:00,Bengaluru,1
Pothole #8540,Deep hole,12.891011,77.658207,user40,2025-09-27T13:05:00,Bengaluru,2
Pothole #8541,Small crack,12.95119,77.538678,user41,2025-10-12T23:48:00,Bengaluru,1
Pothole #8542,Damaged patch,12.86417,77.647436,user42,2025-06-27T23:40:00,Bengaluru,4
Pothole #8543,Small crack,13.028902,77.680785,user43,2025-01-16T14:08:00,Bengaluru,1
Pothole #8544,Needs repair,12.87626,77.708003,user44,2025-02-24T01:45:00,Bengaluru,2
Pothole #8545,Needs repair,12.943516,77.571155,user45,2025-01-25T09:03:00,Bengaluru,4
Pothole #8546,Damaged patch,12.938569,77.626228,user46,2025-01-15T01:23:00,Bengaluru,1
Pothole #8547,Crater-like,12.911303,77.621703,user47,2025-08-26T02:21:00,Bengaluru,4
Pothole #8548,Small crack,12.9734,77.721721,user48,2025-04-03T20:41:00,Bengaluru,2
Pothole #8549,Small crack,12.852338,77.603598,user49,2025-09-21T05:09:00,Bengaluru,3
Pothole #8550,Deep hole,12.951386,77.701486,user50,2025-07-27T10:59:00,Bengaluru,5
Pothole #8551,Damaged patch,12.987254,77.612968,user51,2025-07-27T06:06:00,Bengaluru,5
Pothole #8552,Needs repair,13.012808,77.510169,user52,2025-06-28T22:29:00,Bengaluru,2
Pothole #8553,Damaged patch,12.975916,77.740187,user53,2025-04-19T10:21:00,Bengaluru,5
Pothole #8554,Crater-like,13.039056,77.704645,user54,2025-10-18T05:36:00,Bengaluru,5
Pothole #8555,Causes skidding,12.919576,77.613751,user55,2025-05-27T13:31:00,Bengaluru,5
Pothole #8556,Causes skidding,12.891914,77.533931,user56,2025-08-20T23:53:00,Bengaluru,1
Pothole #8557,Deep hole,12.888298,77.59843,user57,2025-01-26T08:35:00,Bengaluru,3
Pothole #8558,Needs repair,12.988153,77.696972,user58,2025-10-13T12:50:00,Bengaluru,5
Pothole #8559,Damaged patch,12.904424,77.610302,user59,2025-09-15T17:18:00,Bengaluru,3
Pothole #8560,Causes skidding,12.856631,77.590354,user60,2025-05-07T16:02:00,Bengaluru,4
Pothole #8561,Crater-like,13.009841,77.503979,user61,2025-02-25T04:38:00,Bengaluru,4
Pothole #8562,Crater-like,12.869028,77.744336,user62,2025-05-09T15:52:00,Bengaluru,2
Pothole #8563,Crater-like,12.988061,77.745438,user63,2025-03-12T17:58:00,Bengaluru,3
Pothole #8564,Causes skidding,12.991371,77.508259,user64,2025-03-18T18:53:00,Bengaluru,1
Pothole #8565,Causes skidding,12.967565,77.653138,user65,2025-08-22T12:14:00,Bengaluru,1
Pothole #8566,Crater-like,12.923097,77.635208,user66,2025-07-07T19:28:00,Bengaluru,5
Pothole #8567,Causes skidding,12.934662,77.54196,user67,2025-04-11T21:27:00,Bengaluru,3
Pothole #8568,Small crack,13.022057,77.604982,user68,2025-09-21T20:09:00,Bengaluru,4
Pothole #8569,Needs repair,12.959825,77.6581,user69,2025-02-11T02:32:00,Bengaluru,5
Pothole #8570,Small crack,12.881058,77.658527,user70,2025-01-11T04:37:00,Bengaluru,3
Pothole #8571,Deep hole,13.02004,77.713344,user71,2025-06-07T18:25:00,Bengaluru,5
Pothole #8572,Causes skidding,12.872793,77.531341,user72,2025-10-11T14:50:00,Bengaluru,4
Pothole #8573,Deep hole,13.017094,77.652607,user73,2025-09-14T17:58:00,Bengaluru,3
Pothole #8574,Damaged patch,12.995317,77.719055,user74,2025-07-06T14:54:00,Bengaluru,1
Pothole #8575,Damaged patch,12.918756,77.69745,user75,2025-06-28T22:44:00,Bengaluru,5
Pothole #8576,Small crack,12.962442,77.728865,user76,2025-05-02T21:23:00,Bengaluru,1
Pothole #8577,Small crack,13.005771,77.742038,user77,2025-09-28T09:44:00,Bengaluru,1
Pothole #8578,Deep hole,13.032027,77.625996,user78,2025-03-21T09:47:00,Bengaluru,2
Pothole #8579,Crater-like,12.953427,77.715152,user79,2025-05-06T19:33:00,Bengaluru,2
Pothole #8580,Damaged patch,12.940118,77.631715,user80,2025-11-11T10:23:00,Bengaluru,5
Pothole #8581,Small crack,12.907407,77.688746,user81,2025-07-03T10:24:00,Bengaluru,3
Pothole #8582,Damaged patch,13.010244,77.648181,user82,2025-01-02T19:39:00,Bengaluru,3
Pothole #8583,Damaged patch,12.886771,77.513125,user83,2025-11-12T18:38:00,Bengaluru,2
Pothole #8584,Deep hole,12.89728,77.517254,user84,2025-05-15T20:57:00,Bengaluru,4
Pothole #8585,Deep hole,13.049506,77.627128,user85,2025-06-13T18:18:00,Bengaluru,4
Pothole #8586,Needs repair,12.932085,77.624326,user86,2025-09-13T14:59:00,Bengaluru,1
Pothole #8587,Small crack,13.016972,77.72119,user87,2025-10-06T18:11:00,Bengaluru,1
Pothole #8588,Damaged patch,12.99079,77.617183,user88,2025-06-02T02:46:00,Bengaluru,4
Pothole #8589,Deep hole,12.963066,77.714644,user89,2025-01-06T13:54:00,Bengaluru,2
Pothole #8590,Small crack,12.942778,77.575651,user90,2025-07-21T15:43:00,Bengaluru,1
Pothole #8591,Causes skidding,12.901127,77.623583,user91,2025-01-18T15:31:00,Bengaluru,5
Pothole #8592,Deep hole,12.856825,77.637533,user92,2025-01-22T08:04:00,Bengaluru,4
Pothole #8593,Small crack,12.917404,77.606754,user93,2025-02-19T23:39:00,Bengaluru,1
Pothole #8594,Small crack,12.858718,77.563297,user94,2025-02-13T10:43:00,Bengaluru,2
Pothole #8595,Deep hole,13.044873,77.646645,user95,2025-03-05T03:11:00,Bengaluru,1
Pothole #8596,Damaged patch,12.858395,77.55416,user96,2025-06-03T06:22:00,Bengaluru,3
Pothole #8597,Needs repair,13.036356,77.700757,user97,2025-10-13T07:13:00,Bengaluru,2
Pothole #8598,Causes skidding,12.917223,77.534631,user98,2025-01-14T19:14:00,Bengaluru,4
Pothole #8599,Small crack,12.947196,77.561036,user99,2025-01-22T10:07:00,Bengaluru,2
Pothole #8600,Needs repair,12.995122,77.598313,user100,2025-10-25T14:27:00,Bengaluru,3
Pothole #8601,Damaged patch,12.850024,77.617711,user101,2025-10-28T04:27:00,Bengaluru,1
Pothole #8602,Damaged patch,12.912784,77.690742,user102,2025-02-04T00:32:00,Bengaluru,5
Pothole #8603,Needs repair,13.011688,77.730092,user103,2025-10-02T13:05:00,Bengaluru,1
Pothole #8604,Damaged patch,13.039933,77.749151,user104,2025-06-23T08:22:00,Bengaluru,1
Pothole #8605,Small crack,12.930106,77.532848,user105,2025-03-22T19:27:00,Bengaluru,5
Pothole #8606,Small crack,13.00477,77.553941,user106,2025-03-10T15:05:00,Bengaluru,1
Pothole #8607,Crater-like,12.879473,77.58296,user107,2025-09-28T07:15:00,Bengaluru,3
Pothole #8608,Needs repair,12.93731,77.697248,user108,2025-01-15T09:47:00,Bengaluru,5
Pothole #8609,Damaged patch,13.031435,77.638218,user109,2025-04-06T02:37:00,Bengaluru,4
Pothole #8610,Crater-like,12.935953,77.606517,user110,2025-09-21T10:35:00,Bengaluru,5
Pothole #8611,Needs repair,13.023254,77.583302,user111,2025-09-21T19:42:00,Bengaluru,5
Pothole #8612,Causes skidding,12.928118,77.602316,user112,2025-04-19T15:09:00,Bengaluru,5
Pothole #8613,Damaged patch,12.850264,77.638873,user113,2025-01-11T09:18:00,Bengaluru,5
Pothole #8614,Deep hole,13.044136,77.744925,user114,2025-01-21T01:46:00,Bengaluru,1
Pothole #8615,Causes skidding,12.945377,77.633925,user115,2025-03-25T23:38:00,Bengaluru,3
Pothole #8616,Needs repair,12.923025,77.516752,user116,2025-07-08T03:28:00,Bengaluru,1
Pothole #8617,Deep hole,12.900626,77.55949,user117,2025-11-23T22:44:00,Bengaluru,4
Pothole #8618,Small crack,13.019123,77.564828,user118,2025-02-27T12:18:00,Bengaluru,5
Pothole #8619,Crater-like,13.003707,77.602792,user119,2025-09-18T13:40:00,Bengaluru,4
Pothole #8620,Crater-like,12.9447,77.660552,user120,2025-06-28T07:39:00,Bengaluru,3
Pothole #8621,Deep hole,12.972411,77.509466,user121,2025-08-22T04:46:00,Bengaluru,3
Pothole #8622,Damaged patch,12.884326,77.506658,user122,2025-10-21T05:36:00,Bengaluru,2
Pothole #8623,Deep hole,12.897636,77.703035,user123,2025-10-11T01:38:00,Bengaluru,5
Pothole #8624,Needs repair,13.016343,77.61207,user124,2025-08-05T04:35:00,Bengaluru,2
Pothole #8625,Damaged patch,12.858172,77.650882,user125,2025-10-20T22:14:00,Bengaluru,3
Pothole #8626,Crater-like,12.940129,77.571039,user126,2025-09-19T22:48:00,Bengaluru,5
Pothole #8627,Needs repair,12.944393,77.731717,user127,2025-07-19T12:50:00,Bengaluru,2
Pothole #8628,Causes skidding,12.875716,77.572351,user128,2025-11-18T17:36:00,Bengaluru,3
Pothole #8629,Damaged patch,12.995876,77.535954,user129,2025-06-21T21:31:00,Bengaluru,3
Pothole #8630,Causes skidding,12.929292,77.712706,user130,2025-05-07T04:34:00,Bengaluru,5
Pothole #8631,Crater-like,12.921088,77.746968,user131,2025-05-23T16:00:00,Bengaluru,4
Pothole #8632,Needs repair,12.901959,77.645869,user132,2025-09-04T15:02:00,Bengaluru,1
Pothole #8633,Causes skidding,13.041334,77.73466,user133,2025-01-03T18:34:00,Bengaluru,3
Pothole #8634,Small crack,12.864853,77.636369,user134,2025-07-20T14:20:00,Bengaluru,1
Pothole #8635,Small crack,12.927467,77.570375,user135,2025-06-14T10:51:00,Bengaluru,4
Pothole #8636,Crater-like,12.947301,77.729892,user136,2025-07-02T10:12:00,Bengaluru,1
Pothole #8637,Causes skidding,13.032517,77.647576,user137,2025-02-25T00:06:00,Bengaluru,4
Pothole #8638,Needs repair,12.959835,77.708915,user138,2025-09-21T05:51:00,Bengaluru,4
Pothole #8639,Causes skidding,12.857024,77.612139,user139,2025-02-27T13:37:00,Bengaluru,4
Pothole #8640,Crater-like,12.915719,77.74429,user140,2025-02-11T09:00:00,Bengaluru,3
Pothole #8641,Damaged patch,13.02299,77.678129,user141,2025-04-08T07:19:00,Bengaluru,3
Pothole #8642,Crater-like,13.033766,77.670527,user142,2025-10-21T17:48:00,Bengaluru,4
Pothole #8643,Small crack,12.954521,77.630974,user143,2025-11-17T16:47:00,Bengaluru,2
Pothole #8644,Needs repair,12.975059,77.665357,user144,2025-02-12T01:54:00,Bengaluru,1
Pothole #8645,Small crack,13.033117,77.655359,user145,2025-04-15T13:14:00,Bengaluru,3
Pothole #8646,Damaged patch,12.968802,77.684737,user146,2025-01-04T19:15:00,Bengaluru,3
Pothole #8647,Damaged patch,12.927621,77.574305,user147,2025-04-09T04:19:00,Bengaluru,5
Pothole #8648,Causes skidding,12.898504,77.74358,user148,2025-05-04T22:28:00,Bengaluru,4
Pothole #8649,Crater-like,13.044645,77.537328,user149,2025-07-03T19:45:00,Bengaluru,4
Pothole #8650,Causes skidding,12.979082,77.512466,user150,2025-09-10T04:33:00,Bengaluru,3
Pothole #8651,Damaged patch,12.996511,77.723482,user151,2025-11-04T23:36:00,Bengaluru,3
Pothole #8652,Deep hole,12.985498,77.650076,user152,2025-07-15T07:48:00,Bengaluru,4
Pothole #8653,Causes skidding,13.001973,77.701472,user153,2025-06-15T17:56:00,Bengaluru,2
Pothole #8654,Damaged patch,12.988095,77.588493,user154,2025-09-11T09:59:00,Bengaluru,1
Pothole #8655,Damaged patch,13.006834,77.698502,user155,2025-02-27T04:35:00,Bengaluru,2
Pothole #8656,Crater-like,12.9812,77.658621,user156,2025-10-26T07:30:00,Bengaluru,2
Pothole #8657,Causes skidding,12.916382,77.553799,user157,2025-10-24T18:44:00,Bengaluru,1
Pothole #8658,Damaged patch,13.034442,77.722338,user158,2025-09-07T21:12:00,Bengaluru,5
Pothole #8659,Needs repair,12.973985,77.506797,user159,2025-06-20T06:40:00,Bengaluru,2
Pothole #8660,Causes skidding,13.038499,77.559003,user160,2025-11-10T12:10:00,Bengaluru,3
Pothole #8661,Damaged patch,12.883584,77.647979,user161,2025-09-01T01:29:00,Bengaluru,5
Pothole #8662,Needs repair,12.85809,77.598509,user162,2025-02-18T23:40:00,Bengaluru,4
Pothole #8663,Causes skidding,12.910167,77.615479,user163,2025-09-25T22:33:00,Bengaluru,4
Pothole #8664,Damaged patch,12.892181,77.562374,user164,2025-01-17T16:43:00,Bengaluru,2
Pothole #8665,Damaged patch,12.937736,77.615874,user165,2025-06-05T20:50:00,Bengaluru,4
Pothole #8666,Deep hole,13.034304,77.580853,user166,2025-04-17T07:55:00,Bengaluru,4
Pothole #8667,Crater-like,13.004543,77.565743,user167,2025-10-12T05:11:00,Bengaluru,1
Pothole #8668,Causes skidding,13.000793,77.500895,user168,2025-09-21T04:50:00,Bengaluru,4
Pothole #8669,Causes skidding,12.898641,77.58957,user169,2025-03-04T17:00:00,Bengaluru,1
Pothole #8670,Needs repair,12.889914,77.58016,user170,2025-01-03T12:53:00,Bengaluru,5
Pothole #8671,Deep hole,12.996349,77.524995,user171,2025-04-26T11:54:00,Bengaluru,1
Pothole #8672,Damaged patch,12.95391,77.651021,user172,2025-01-21T15:12:00,Bengaluru,4
Pothole #8673,Deep hole,13.009299,77.681998,user173,2025-08-20T07:56:00,Bengaluru,5
Pothole #8674,Crater-like,12.952703,77.565229,user174,2025-11-15T19:01:00,Bengaluru,2
Pothole #8675,Crater-like,12.85734,77.676641,user175,2025-10-02T09:53:00,Bengaluru,3
Pothole #8676,Deep hole,12.8897,77.609351,user176,2025-10-09T02:35:00,Bengaluru,2
Pothole #8677,Small crack,12.922679,77.616631,user177,2025-04-14T23:11:00,Bengaluru,3
Pothole #8678,Needs repair,12.948363,77.661645,user178,2025-09-05T04:02:00,Bengaluru,1
Pothole #8679,Needs repair,12.896343,77.602038,user179,2025-11-26T08:54:00,Bengaluru,4
Pothole #8680,Deep hole,12.862394,77.513155,user180,2025-01-07T12:55:00,Bengaluru,5
Pothole #8681,Deep hole,12.925782,77.713101,user181,2025-07-24T03:11:00,Bengaluru,5
Pothole #8682,Causes skidding,12.894562,77.700407,user182,2025-11-11T06:40:00,Bengaluru,1
Pothole #8683,Damaged patch,12.867482,77.646957,user183,2025-05-12T12:25:00,Bengaluru,5
Pothole #8684,Causes skidding,12.924163,77.571624,user184,2025-10-21T21:23:00,Bengaluru,4
Pothole #8685,Causes skidding,12.946277,77.654978,user185,2025-02-19T01:56:00,Bengaluru,3
Pothole #8686,Damaged patch,12.873468,77.514816,user186,2025-06-06T20:19:00,Bengaluru,3
Pothole #8687,Small crack,12.998017,77.576106,user187,2025-11-08T12:12:00,Bengaluru,3
Pothole #8688,Crater-like,12.955962,77.60515,user188,2025-03-25T23:03:00,Bengaluru,2
Pothole #8689,Causes skidding,13.008747,77.577799,user189,2025-01-18T05:41:00,Bengaluru,3
Pothole #8690,Crater-like,13.041191,77.595058,user190,2025-10-02T14:09:00,Bengaluru,2
Pothole #8691,Damaged patch,12.852272,77.636991,user191,2025-02-03T23:32:00,Bengaluru,2
Pothole #8692,Needs repair,12.886878,77.54354,user192,2025-10-22T06:42:00,Bengaluru,3
Pothole #8693,Causes skidding,12.907143,77.64033,user193,2025-02-12T15:49:00,Bengaluru,4
Pothole #8694,Damaged patch,13.04309,77.551485,user194,2025-06-03T16:37:00,Bengaluru,2
Pothole #8695,Deep hole,12.952014,77.748584,user195,2025-09-14T03:45:00,Bengaluru,5
Pothole #8696,Small crack,13.012647,77.733357,user196,2025-01-09T23:15:00,Bengaluru,4
Pothole #8697,Crater-like,12.986921,77.671856,user197,2025-04-16T11:52:00,Bengaluru,5
Pothole #8698,Needs repair,13.00077,77.672879,user198,2025-09-20T09:45:00,Bengaluru,2
Pothole #8699,Damaged patch,12.988608,77.722335,user199,2025-06-23T12:51:00,Bengaluru,5
Pothole #8700,Needs repair,12.948322,77.639734,user200,2025-04-16T04:08:00,Bengaluru,1
Pothole #8701,Damaged patch,12.923233,77.710487,user201,2025-02-19T11:23:00,Bengaluru,2
Pothole #8702,Crater-like,12.951133,77.636326,user202,2025-04-13T19:40:00,Bengaluru,3
Pothole #8703,Crater-like,12.898062,77.62499,user203,2025-01-27T05:18:00,Bengaluru,3
Pothole #8704,Deep hole,12.968825,77.538567,user204,2025-03-27T16:25:00,Bengaluru,3
Pothole #8705,Needs repair,12.938017,77.648306,user205,2025-10-12T12:20:00,Bengaluru,2
Pothole #8706,Damaged patch,12.862541,77.505616,user206,2025-10-15T11:11:00,Bengaluru,3
Pothole #8707,Needs repair,12.864708,77.702424,user207,2025-01-16T00:15:00,Bengaluru,3
Pothole #8708,Crater-like,13.022488,77.558101,user208,2025-07-16T21:10:00,Bengaluru,2
Pothole #8709,Small crack,12.940198,77.699281,user209,2025-04-28T03:24:00,Bengaluru,1
Pothole #8710,Needs repair,13.002623,77.506534,user210,2025-04-15T08:48:00,Bengaluru,1
Pothole #8711,Crater-like,12.982898,77.670242,user211,2025-07-05T19:39:00,Bengaluru,2
Pothole #8712,Small crack,13.015799,77.501922,user212,2025-06-04T08:10:00,Bengaluru,1
Pothole #8713,Needs repair,12.939165,77.587195,user213,2025-07-20T13:12:00,Bengaluru,3
Pothole #8714,Small crack,12.956759,77.72654,user214,2025-11-07T09:08:00,Bengaluru,2
Pothole #8715,Small crack,13.032213,77.507546,user215,2025-06-13T17:32:00,Bengaluru,5
Pothole #8716,Deep hole,12.985354,77.626557,user216,2025-04-15T11:19:00,Bengaluru,3
Pothole #8717,Damaged patch,12.927883,77.703499,user217,2025-09-05T23:19:00,Bengaluru,5
Pothole #8718,Damaged patch,12.913339,77.612046,user218,2025-08-13T19:34:00,Bengaluru,5
Pothole #8719,Damaged patch,13.033739,77.578808,user219,2025-10-26T21:27:00,Bengaluru,3
Pothole #8720,Causes skidding,12.994624,77.608737,user220,2025-10-27T18:15:00,Bengaluru,1
Pothole #8721,Needs repair,12.894571,77.736176,user221,2025-10-17T12:00:00,Bengaluru,1
Pothole #8722,Deep hole,12.878953,77.674294,user222,2025-11-18T10:45:00,Bengaluru,2
Pothole #8723,Deep hole,12.864422,77.6437,user223,2025-02-04T18:24:00,Bengaluru,5
Pothole #8724,Crater-like,12.977914,77.550235,user224,2025-10-08T23:17:00,Bengaluru,2
Pothole #8725,Crater-like,13.019659,77.601128,user225,2025-07-08T07:29:00,Bengaluru,1
Pothole #8726,Small crack,13.003935,77.687925,user226,2025-09-14T14:19:00,Bengaluru,2
Pothole #8727,Deep hole,12.958671,77.749173,user227,2025-09-04T01:16:00,Bengaluru,5
Pothole #8728,Needs repair,12.883116,77.503547,user228,2025-06-12T07:23:00,Bengaluru,5
Pothole #8729,Needs repair,12.915692,77.630081,user229,2025-10-22T04:36:00,Bengaluru,2
Pothole #8730,Deep hole,12.947507,77.746559,user230,2025-05-11T20:32:00,Bengaluru,5
Pothole #8731,Small crack,12.914835,77.573094,user231,2025-09-14T19:17:00,Bengaluru,2
Pothole #8732,Causes skidding,12.887254,77.738288,user232,2025-07-24T06:42:00,Bengaluru,1
Pothole #8733,Needs repair,12.907232,77.583809,user233,2025-03-08T13:56:00,Bengaluru,2
Pothole #8734,Damaged patch,13.043037,77.541927,user234,2025-04-10T10:42:00,Bengaluru,5
Pothole #8735,Deep hole,12.93183,77.51445,user235,2025-01-05T13:11:00,Bengaluru,5
Pothole #8736,Deep hole,12.905314,77.573871,user236,2025-02-26T02:24:00,Bengaluru,5
Pothole #8737,Needs repair,12.959512,77.568225,user237,2025-10-27T01:45:00,Bengaluru,3
Pothole #8738,Deep hole,12.937353,77.673311,user238,2025-11-04T12:45:00,Bengaluru,1
Pothole #8739,Damaged patch,12.906547,77.746414,user239,2025-06-17T03:01:00,Bengaluru,5
Pothole #8740,Small crack,12.982549,77.653192,user240,2025-04-17T08:52:00,Bengaluru,1
Pothole #8741,Crater-like,12.980507,77.735878,user241,2025-10-15T09:18:00,Bengaluru,2
Pothole #8742,Deep hole,12.890717,77.62304,user242,2025-02-24T06:50:00,Bengaluru,4
Pothole #8743,Deep hole,12.948182,77.679317,user243,2025-10-20T02:48:00,Bengaluru,1
Pothole #8744,Small crack,13.022737,77.556044,user244,2025-09-24T09:55:00,Bengaluru,5
Pothole #8745,Small crack,13.044161,77.575681,user245,2025-06-23T04:17:00,Bengaluru,1
Pothole #8746,Deep hole,12.89413,77.67339,user246,2025-07-02T00:12:00,Bengaluru,2
Pothole #8747,Needs repair,12.919724,77.735619,user247,2025-06-06T13:15:00,Bengaluru,4
Pothole #8748,Causes skidding,13.040986,77.53958,user248,2025-05-04T02:27:00,Bengaluru,4
Pothole #8749,Causes skidding,12.916093,77.620375,user249,2025-01-02T23:05:00,Bengaluru,4
Pothole #8750,Needs repair,12.903724,77.514104,user250,2025-04-22T19:46:00,Bengaluru,5
Pothole #8751,Damaged patch,12.967319,77.536475,user251,2025-06-16T21:30:00,Bengaluru,2
Pothole #8752,Crater-like,12.938207,77.581094,user252,2025-11-02T19:53:00,Bengaluru,3
Pothole #8753,Causes skidding,12.85391,77.53777,user253,2025-10-05T19:53:00,Bengaluru,4
Pothole #8754,Damaged patch,13.037591,77.582961,user254,2025-09-01T00:59:00,Bengaluru,5
Pothole #8755,Causes skidding,13.017108,77.705827,user255,2025-08-16T22:18:00,Bengaluru,3
Pothole #8756,Crater-like,12.987865,77.590753,user256,2025-02-13T23:26:00,Bengaluru,3
Pothole #8757,Deep hole,12.917063,77.74055,user257,2025-01-21T20:11:00,Bengaluru,2
Pothole #8758,Causes skidding,12.89707,77.557204,user258,2025-05-27T08:47:00,Bengaluru,3
Pothole #8759,Deep hole,12.861959,77.680468,user259,2025-02-24T02:40:00,Bengaluru,3
Pothole #8760,Small crack,12.956126,77.716539,user260,2025-04-24T18:41:00,Bengaluru,4
Pothole #8761,Deep hole,13.024455,77.534634,user261,2025-08-02T04:29:00,Bengaluru,1
Pothole #8762,Crater-like,12.997567,77.658079,user262,2025-08-22T14:40:00,Bengaluru,3
Pothole #8763,Damaged patch,12.989903,77.630242,user263,2025-02-20T05:44:00,Bengaluru,2
Pothole #8764,Needs repair,12.958086,77.675297,user264,2025-04-21T15:45:00,Bengaluru,5
Pothole #8765,Crater-like,13.013595,77.597308,user265,2025-06-17T21:33:00,Bengaluru,1
Pothole #8766,Crater-like,12.967618,77.633319,user266,2025-08-10T07:22:00,Bengaluru,2
Pothole #8767,Crater-like,12.994192,77.576166,user267,2025-04-08T10:14:00,Bengaluru,4
Pothole #8768,Crater-like,12.981235,77.53785,user268,2025-11-06T06:18:00,Bengaluru,4
Pothole #8769,Needs repair,13.038313,77.56116,user269,2025-06-14T03:54:00,Bengaluru,1
Pothole #8770,Small crack,12.918896,77.677712,user270,2025-02-13T04:41:00,Bengaluru,1
Pothole #8771,Causes skidding,12.947107,77.626757,user271,2025-01-01T15:57:00,Bengaluru,5
Pothole #8772,Damaged patch,13.018095,77.699384,user272,2025-06-01T02:17:00,Bengaluru,1
Pothole #8773,Deep hole,12.900629,77.564495,user273,2025-09-02T14:03:00,Bengaluru,2
Pothole #8774,Causes skidding,12.923196,77.532745,user274,2025-08-09T10:55:00,Bengaluru,5
Pothole #8775,Damaged patch,12.9847,77.649536,user275,2025-04-24T11:52:00,Bengaluru,3
Pothole #8776,Needs repair,12.998869,77.631991,user276,2025-04-21T10:15:00,Bengaluru,1
Pothole #8777,Deep hole,12.95085,77.506337,user277,2025-02-26T18:16:00,Bengaluru,2
Pothole #8778,Deep hole,12.95186,77.72954,user278,2025-09-27T07:41:00,Bengaluru,5
Pothole #8779,Needs repair,12.880754,77.613417,user279,2025-07-19T19:22:00,Bengaluru,1
Pothole #8780,Crater-like,12.936392,77.743079,user280,2025-05-01T02:21:00,Bengaluru,3
Pothole #8781,Small crack,13.041416,77.657119,user281,2025-10-02T11:49:00,Bengaluru,1
Pothole #8782,Small crack,12.941703,77.694605,user282,2025-10-04T01:20:00,Bengaluru,1
Pothole #8783,Damaged patch,13.019027,77.618208,user283,2025-09-14T16:05:00,Bengaluru,1
Pothole #8784,Damaged patch,13.002888,77.624607,user284,2025-11-15T12:48:00,Bengaluru,3
Pothole #8785,Small crack,12.98415,77.724216,user285,2025-02-17T22:23:00,Bengaluru,5
Pothole #8786,Crater-like,12.997726,77.736212,user286,2025-01-18T06:55:00,Bengaluru,3
Pothole #8787,Small crack,12.997436,77.512696,user287,2025-05-01T07:35:00,Bengaluru,4
Pothole #8788,Deep hole,13.04539,77.731009,user288,2025-07-10T14:31:00,Bengaluru,2
Pothole #8789,Damaged patch,12.989708,77.557352,user289,2025-05-26T13:18:00,Bengaluru,1
Pothole #8790,Deep hole,12.862632,77.665073,user290,2025-07-24T22:54:00,Bengaluru,4
Pothole #8791,Deep hole,12.893476,77.553577,user291,2025-02-02T14:11:00,Bengaluru,4
Pothole #8792,Causes skidding,12.919019,77.705757,user292,2025-09-25T08:56:00,Bengaluru,1
Pothole #8793,Deep hole,12.898487,77.591138,user293,2025-07-28T13:30:00,Bengaluru,1
Pothole #8794,Crater-like,13.029994,77.560804,user294,2025-04-07T00:08:00,Bengaluru,3
Pothole #8795,Damaged patch,13.041137,77.635017,user295,2025-06-16T21:17:00,Bengaluru,5
Pothole #8796,Deep hole,12.863804,77.653905,user296,2025-03-22T11:37:00,Bengaluru,4
Pothole #8797,Damaged patch,12.900078,77.533161,user297,2025-08-25T13:08:00,Bengaluru,3
Pothole #8798,Small crack,12.914546,77.70782,user298,2025-05-09T19:29:00,Bengaluru,5
Pothole #8799,Small crack,12.995319,77.680635,user299,2025-05-06T10:42:00,Bengaluru,5
Pothole #8800,Causes skidding,12.948532,77.749223,user300,2025-06-14T16:16:00,Bengaluru,4
Pothole #8801,Needs repair,12.920618,77.558715,user301,2025-03-03T07:57:00,Bengaluru,5
Pothole #8802,Needs repair,12.954256,77.587945,user302,2025-11-26T06:11:00,Bengaluru,5
Pothole #8803,Crater-like,12.926237,77.737235,user303,2025-06-18T09:43:00,Bengaluru,3
Pothole #8804,Crater-like,13.043274,77.518514,user304,2025-03-04T01:56:00,Bengaluru,5
Pothole #8805,Small crack,13.015837,77.501889,user305,2025-01-13T04:55:00,Bengaluru,2
Pothole #8806,Small crack,12.966607,77.547076,user306,2025-01-23T22:16:00,Bengaluru,3
Pothole #8807,Causes skidding,13.012362,77.522578,user307,2025-08-05T08:53:00,Bengaluru,5
Pothole #8808,Causes skidding,12.895135,77.676344,user308,2025-10-24T19:35:00,Bengaluru,3
Pothole #8809,Needs repair,13.037035,77.572672,user309,2025-03-17T00:57:00,Bengaluru,1
Pothole #8810,Small crack,13.026202,77.527366,user310,2025-03-02T14:00:00,Bengaluru,2
Pothole #8811,Deep hole,13.045922,77.600022,user311,2025-10-02T02:22:00,Bengaluru,4
Pothole #8812,Crater-like,12.926049,77.579011,user312,2025-03-09T00:04:00,Bengaluru,1
Pothole #8813,Damaged patch,12.945145,77.560427,user313,2025-05-15T21:01:00,Bengaluru,1
Pothole #8814,Damaged patch,12.850102,77.647862,user314,2025-09-16T06:43:00,Bengaluru,3
Pothole #8815,Crater-like,13.048484,77.625613,user315,2025-11-28T06:27:00,Bengaluru,1
Pothole #8816,Deep hole,12.919748,77.500292,user316,2025-04-28T06:40:00,Bengaluru,2
Pothole #8817,Crater-like,13.03189,77.588509,user317,2025-03-15T08:31:00,Bengaluru,2
Pothole #8818,Causes skidding,13.017174,77.60833,user318,2025-01-14T20:22:00,Bengaluru,2
Pothole #8819,Needs repair,12.969982,77.621309,user319,2025-05-01T01:17:00,Bengaluru,3
Pothole #8820,Damaged patch,12.907972,77.748014,user320,2025-11-17T14:49:00,Bengaluru,4
Pothole #8821,Crater-like,12.955298,77.555911,user321,2025-10-27T12:40:00,Bengaluru,1
Pothole #8822,Crater-like,12.916477,77.553631,user322,2025-06-23T15:43:00,Bengaluru,5
Pothole #8823,Causes skidding,12.90334,77.599097,user323,2025-06-09T17:30:00,Bengaluru,4
Pothole #8824,Crater-like,12.899991,77.57667,user324,2025-01-10T11:02:00,Bengaluru,2
Pothole #8825,Causes skidding,12.867739,77.668473,user325,2025-03-22T13:53:00,Bengaluru,4
Pothole #8826,Causes skidding,12.853504,77.739769,user326,2025-03-24T08:14:00,Bengaluru,3
Pothole #8827,Needs repair,13.010739,77.623087,user327,2025-01-08T03:23:00,Bengaluru,4
Pothole #8828,Crater-like,12.977324,77.6158,user328,2025-05-21T23:12:00,Bengaluru,4
Pothole #8829,Needs repair,12.906059,77.544898,user329,2025-07-15T23:32:00,Bengaluru,1
Pothole #8830,Small crack,12.941904,77.620386,user330,2025-01-07T04:55:00,Bengaluru,2
Pothole #8831,Deep hole,12.931879,77.548849,user331,2025-02-12T12:48:00,Bengaluru,3
Pothole #8832,Small crack,12.922276,77.541527,user332,2025-09-27T00:19:00,Bengaluru,4
Pothole #8833,Damaged patch,12.881461,77.649632,user333,2025-07-23T23:20:00,Bengaluru,4
Pothole #8834,Deep hole,12.927998,77.710026,user334,2025-11-18T07:41:00,Bengaluru,1
Pothole #8835,Causes skidding,12.869889,77.745556,user335,2025-03-24T16:39:00,Bengaluru,4
Pothole #8836,Causes skidding,12.930971,77.587026,user336,2025-04-28T04:06:00,Bengaluru,2
Pothole #8837,Small crack,12.873646,77.738608,user337,2025-08-23T23:40:00,Bengaluru,4
Pothole #8838,Small crack,12.958518,77.708737,user338,2025-04-08T05:52:00,Bengaluru,1
Pothole #8839,Needs repair,12.957455,77.727657,user339,2025-10-21T19:58:00,Bengaluru,5
Pothole #8840,Crater-like,12.885619,77.704585,user340,2025-08-02T00:44:00,Bengaluru,4
Pothole #8841,Small crack,12.853895,77.520809,user341,2025-03-05T02:39:00,Bengaluru,1
Pothole #8842,Crater-like,12.913699,77.652319,user342,2025-09-01T08:52:00,Bengaluru,4
Pothole #8843,Causes skidding,12.893438,77.526078,user343,2025-08-16T18:38:00,Bengaluru,2
Pothole #8844,Crater-like,13.032206,77.571254,user344,2025-02-20T17:11:00,Bengaluru,5
Pothole #8845,Deep hole,13.039016,77.634876,user345,2025-07-14T04:10:00,Bengaluru,5
Pothole #8846,Small crack,13.012947,77.731311,user346,2025-03-23T06:57:00,Bengaluru,4
Pothole #8847,Crater-like,12.869969,77.732391,user347,2025-04-02T04:16:00,Bengaluru,1
Pothole #8848,Crater-like,13.026664,77.523893,user348,2025-02-20T05:26:00,Bengaluru,3
Pothole #8849,Needs repair,13.032182,77.600063,user349,2025-05-17T02:38:00,Bengaluru,1
Pothole #8850,Damaged patch,13.008823,77.694441,user350,2025-06-10T08:58:00,Bengaluru,4
Pothole #8851,Deep hole,12.95481,77.674082,user351,2025-05-04T09:11:00,Bengaluru,5
Pothole #8852,Deep hole,13.023127,77.526768,user352,2025-03-21T09:12:00,Bengaluru,3
Pothole #8853,Small crack,12.85172,77.623431,user353,2025-02-06T08:02:00,Bengaluru,3
Pothole #8854,Needs repair,12.898965,77.54376,user354,2025-11-02T05:15:00,Bengaluru,4
Pothole #8855,Deep hole,12.87508,77.669515,user355,2025-04-11T02:36:00,Bengaluru,2
Pothole #8856,Needs repair,12.950016,77.561653,user356,2025-10-17T11:52:00,Bengaluru,5
Pothole #8857,Needs repair,12.999015,77.665397,user357,2025-04-07T22:07:00,Bengaluru,5
Pothole #8858,Causes skidding,13.020295,77.722489,user358,2025-07-06T00:32:00,Bengaluru,1
Pothole #8859,Causes skidding,12.86725,77.632196,user359,2025-11-22T12:58:00,Bengaluru,3
Pothole #8860,Crater-like,12.882478,77.610458,user360,2025-08-11T22:53:00,Bengaluru,1
Pothole #8861,Damaged patch,12.98753,77.556039,user361,2025-05-16T18:31:00,Bengaluru,3
Pothole #8862,Deep hole,12.871713,77.719961,user362,2025-09-19T23:46:00,Bengaluru,2
Pothole #8863,Deep hole,12.955148,77.538313,user363,2025-04-28T23:59:00,Bengaluru,4
Pothole #8864,Small crack,13.02331,77.50878,user364,2025-11-04T08:52:00,Bengaluru,4
Pothole #8865,Needs repair,12.937706,77.7385,user365,2025-08-11T20:28:00,Bengaluru,5
Pothole #8866,Needs repair,12.852123,77.587933,user366,2025-07-17T23:52:00,Bengaluru,1
Pothole #8867,Deep hole,13.009561,77.621421,user367,2025-09-14T23:32:00,Bengaluru,1
Pothole #8868,Small crack,13.029189,77.550626,user368,2025-07-19T01:52:00,Bengaluru,5
Pothole #8869,Deep hole,12.968141,77.63083,user369,2025-10-13T11:10:00,Bengaluru,2
Pothole #8870,Damaged patch,13.033794,77.623328,user370,2025-07-01T01:24:00,Bengaluru,2
Pothole #8871,Small crack,12.974594,77.655378,user371,2025-06-24T22:36:00,Bengaluru,4
Pothole #8872,Damaged patch,12.909144,77.619328,user372,2025-10-28T17:31:00,Bengaluru,1
Pothole #8873,Crater-like,12.875989,77.573149,user373,2025-06-11T20:42:00,Bengaluru,4
Pothole #8874,Needs repair,12.924978,77.543146,user374,2025-01-11T14:46:00,Bengaluru,2
Pothole #8875,Crater-like,12.938937,77.698078,user375,2025-01-20T17:55:00,Bengaluru,3
Pothole #8876,Deep hole,13.025384,77.521525,user376,2025-08-25T20:41:00,Bengaluru,5
Pothole #8877,Damaged patch,12.968129,77.734453,user377,2025-01-02T15:25:00,Bengaluru,3
Pothole #8878,Needs repair,12.924095,77.652279,user378,2025-03-14T18:56:00,Bengaluru,2
Pothole #8879,Crater-like,12.941279,77.617539,user379,2025-02-16T18:41:00,Bengaluru,1
Pothole #8880,Needs repair,12.884659,77.726561,user380,2025-07-24T20:36:00,Bengaluru,3
Pothole #8881,Small crack,12.981907,77.727561,user381,2025-01-15T14:43:00,Bengaluru,5
Pothole #8882,Needs repair,12.977769,77.525833,user382,2025-07-12T06:39:00,Bengaluru,2
Pothole #8883,Causes skidding,12.879711,77.740853,user383,2025-04-11T14:14:00,Bengaluru,1
Pothole #8884,Damaged patch,12.871599,77.59264,user384,2025-01-16T18:07:00,Bengaluru,1
Pothole #8885,Small crack,12.916097,77.596992,user385,2025-01-27T05:11:00,Bengaluru,3
Pothole #8886,Deep hole,12.9888,77.626542,user386,2025-09-10T21:13:00,Bengaluru,2
Pothole #8887,Needs repair,12.910324,77.518989,user387,2025-10-03T23:59:00,Bengaluru,5
Pothole #8888,Damaged patch,12.869514,77.677809,user388,2025-05-20T00:43:00,Bengaluru,3
Pothole #8889,Deep hole,12.901617,77.706994,user389,2025-04-03T08:06:00,Bengaluru,4
Pothole #8890,Crater-like,12.889084,77.533248,user390,2025-02-20T10:59:00,Bengaluru,4
Pothole #8891,Crater-like,12.943231,77.695639,user391,2025-10-13T01:11:00,Bengaluru,4
Pothole #8892,Crater-like,12.926358,77.715423,user392,2025-05-06T15:14:00,Bengaluru,2
Pothole #8893,Causes skidding,12.935705,77.579962,user393,2025-01-23T23:40:00,Bengaluru,3
Pothole #8894,Causes skidding,12.882458,77.58867,user394,2025-02-22T09:41:00,Bengaluru,1
Pothole #8895,Small crack,13.020759,77.597276,user395,2025-01-10T15:33:00,Bengaluru,1
Pothole #8896,Deep hole,12.896723,77.637064,user396,2025-11-23T15:31:00,Bengaluru,1
Pothole #8897,Deep hole,12.856495,77.689142,user397,2025-09-05T23:55:00,Bengaluru,4
Pothole #8898,Needs repair,12.929338,77.64701,user398,2025-08-23T03:13:00,Bengaluru,4
Pothole #8899,Damaged patch,12.894666,77.542866,user399,2025-03-21T12:17:00,Bengaluru,2
Pothole #8900,Causes skidding,12.943272,77.619559,user400,2025-09-03T07:18:00,Bengaluru,1
Pothole #8901,Deep hole,12.929911,77.622108,user401,2025-04-01T12:51:00,Bengaluru,5
Pothole #8902,Damaged patch,12.946345,77.577894,user402,2025-08-05T08:23:00,Bengaluru,3
Pothole #8903,Damaged patch,12.914526,77.60012,user403,2025-04-04T19:39:00,Bengaluru,2
Pothole #8904,Deep hole,13.025023,77.521532,user404,2025-11-06T22:14:00,Bengaluru,3
Pothole #8905,Deep hole,12.959368,77.736083,user405,2025-08-11T08:48:00,Bengaluru,2
Pothole #8906,Needs repair,12.931313,77.569155,user406,2025-01-14T23:31:00,Bengaluru,1
Pothole #8907,Causes skidding,13.002095,77.62048,user407,2025-03-04T06:21:00,Bengaluru,4
Pothole #8908,Causes skidding,12.97195,77.609926,user408,2025-11-02T14:47:00,Bengaluru,3
Pothole #8909,Causes skidding,13.019984,77.621762,user409,2025-08-18T18:05:00,Bengaluru,5
Pothole #8910,Crater-like,12.938337,77.745612,user410,2025-11-15T20:38:00,Bengaluru,3
Pothole #8911,Crater-like,12.936758,77.676632,user411,2025-11-04T12:41:00,Bengaluru,4
Pothole #8912,Needs repair,12.903957,77.627324,user412,2025-06-12T10:19:00,Bengaluru,5
Pothole #8913,Crater-like,12.851925,77.722503,user413,2025-09-09T11:51:00,Bengaluru,2
Pothole #8914,Deep hole,12.859322,77.68943,user414,2025-03-02T00:21:00,Bengaluru,2
Pothole #8915,Deep hole,12.934073,77.620707,user415,2025-11-01T20:37:00,Bengaluru,2
Pothole #8916,Small crack,13.033642,77.689959,user416,2025-08-27T15:13:00,Bengaluru,4
Pothole #8917,Damaged patch,13.023137,77.677664,user417,2025-09-13T09:16:00,Bengaluru,4
Pothole #8918,Crater-like,13.022806,77.558951,user418,2025-08-06T04:45:00,Bengaluru,5
Pothole #8919,Deep hole,13.009349,77.716627,user419,2025-10-14T18:46:00,Bengaluru,4
Pothole #8920,Needs repair,12.950628,77.660613,user420,2025-11-12T00:08:00,Bengaluru,4
Pothole #8921,Needs repair,13.037177,77.737554,user421,2025-04-14T18:56:00,Bengaluru,5
Pothole #8922,Needs repair,12.969963,77.688798,user422,2025-07-20T12:33:00,Bengaluru,4
Pothole #8923,Crater-like,12.982046,77.682787,user423,2025-10-19T23:12:00,Bengaluru,2
Pothole #8924,Causes skidding,13.036347,77.530887,user424,2025-10-06T09:32:00,Bengaluru,3
Pothole #8925,Deep hole,13.020212,77.644896,user425,2025-08-06T21:00:00,Bengaluru,2
Pothole #8926,Needs repair,12.953815,77.548571,user426,2025-08-18T05:29:00,Bengaluru,1
Pothole #8927,Causes skidding,12.900694,77.627703,user427,2025-07-24T10:10:00,Bengaluru,3
Pothole #8928,Needs repair,13.00279,77.575088,user428,2025-03-09T08:47:00,Bengaluru,2
Pothole #8929,Deep hole,12.858682,77.674574,user429,2025-09-02T11:20:00,Bengaluru,3
Pothole #8930,Needs repair,12.962663,77.744901,user430,2025-10-10T05:40:00,Bengaluru,4
Pothole #8931,Needs repair,12.979643,77.621891,user431,2025-04-03T14:51:00,Bengaluru,1
Pothole #8932,Crater-like,12.996587,77.745858,user432,2025-05-22T23:58:00,Bengaluru,1
Pothole #8933,Damaged patch,12.939085,77.701655,user433,2025-05-08T06:19:00,Bengaluru,2
Pothole #8934,Causes skidding,12.947186,77.72036,user434,2025-04-18T18:20:00,Bengaluru,2
Pothole #8935,Needs repair,13.028221,77.661757,user435,2025-11-04T10:01:00,Bengaluru,4
Pothole #8936,Damaged patch,12.854499,77.634518,user436,2025-06-23T07:08:00,Bengaluru,4
Pothole #8937,Needs repair,13.041785,77.60868,user437,2025-03-03T11:21:00,Bengaluru,5
Pothole #8938,Crater-like,13.02623,77.703351,user438,2025-01-04T21:58:00,Bengaluru,1
Pothole #8939,Damaged patch,12.930885,77.592775,user439,2025-03-14T12:05:00,Bengaluru,4
Pothole #8940,Deep hole,12.959952,77.668438,user440,2025-10-07T07:12:00,Bengaluru,5
Pothole #8941,Needs repair,12.918111,77.607863,user441,2025-10-09T16:43:00,Bengaluru,4
Pothole #8942,Small crack,12.857841,77.624342,user442,2025-09-03T14:31:00,Bengaluru,5
Pothole #8943,Deep hole,12.940773,77.559231,user443,2025-04-06T18:33:00,Bengaluru,5
Pothole #8944,Deep hole,13.028474,77.52881,user444,2025-09-10T05:30:00,Bengaluru,3
Pothole #8945,Crater-like,12.928106,77.610507,user445,2025-11-16T00:28:00,Bengaluru,1
Pothole #8946,Crater-like,12.860447,77.564486,user446,2025-03-14T02:31:00,Bengaluru,4
Pothole #8947,Needs repair,12.871389,77.654952,user447,2025-02-28T00:23:00,Bengaluru,2
Pothole #8948,Crater-like,12.861543,77.677384,user448,2025-08-02T17:16:00,Bengaluru,1
Pothole #8949,Damaged patch,12.874245,77.546879,user449,2025-09-26T23:11:00,Bengaluru,3
Pothole #8950,Needs repair,13.046755,77.635327,user450,2025-02-16T00:22:00,Bengaluru,1
Pothole #8951,Crater-like,12.866425,77.644238,user451,2025-01-11T09:18:00,Bengaluru,2
Pothole #8952,Small crack,12.988284,77.546285,user452,2025-07-02T18:27:00,Bengaluru,5
Pothole #8953,Crater-like,12.940523,77.686656,user453,2025-05-01T04:36:00,Bengaluru,5
Pothole #8954,Damaged patch,13.036734,77.736713,user454,2025-03-14T00:04:00,Bengaluru,3
Pothole #8955,Crater-like,12.914865,77.65351,user455,2025-02-27T22:23:00,Bengaluru,3
Pothole #8956,Causes skidding,13.012688,77.577222,user456,2025-09-07T15:10:00,Bengaluru,4
Pothole #8957,Deep hole,12.878046,77.632532,user457,2025-02-24T17:36:00,Bengaluru,4
Pothole #8958,Small crack,12.857167,77.57459,user458,2025-10-26T07:58:00,Bengaluru,5
Pothole #8959,Small crack,12.995083,77.676968,user459,2025-08-21T23:26:00,Bengaluru,4
Pothole #8960,Crater-like,12.907625,77.642764,user460,2025-10-09T04:53:00,Bengaluru,1
Pothole #8961,Deep hole,13.001785,77.702664,user461,2025-08-08T08:06:00,Bengaluru,4
Pothole #8962,Damaged patch,13.010049,77.605739,user462,2025-01-11T19:07:00,Bengaluru,1
Pothole #8963,Causes skidding,13.013417,77.699799,user463,2025-09-25T06:54:00,Bengaluru,1
Pothole #8964,Small crack,13.015781,77.71156,user464,2025-03-19T23:17:00,Bengaluru,4
Pothole #8965,Needs repair,12.954306,77.576228,user465,2025-10-19T07:02:00,Bengaluru,1
Pothole #8966,Causes skidding,12.86074,77.532873,user466,2025-06-20T00:10:00,Bengaluru,5
Pothole #8967,Crater-like,12.95776,77.720219,user467,2025-07-09T14:16:00,Bengaluru,4
Pothole #8968,Small crack,12.918062,77.677812,user468,2025-05-03T14:38:00,Bengaluru,3
Pothole #8969,Crater-like,13.034369,77.574216,user469,2025-04-03T12:59:00,Bengaluru,4
Pothole #8970,Small crack,13.032013,77.560992,user470,2025-07-12T17:04:00,Bengaluru,1
Pothole #8971,Small crack,12.896002,77.690269,user471,2025-02-22T07:14:00,Bengaluru,2
Pothole #8972,Causes skidding,12.982241,77.739418,user472,2025-09-05T23:28:00,Bengaluru,3
Pothole #8973,Small crack,13.043926,77.639706,user473,2025-08-15T02:30:00,Bengaluru,4
Pothole #8974,Causes skidding,12.891426,77.708563,user474,2025-07-26T18:54:00,Bengaluru,2
Pothole #8975,Causes skidding,13.044301,77.562776,user475,2025-09-12T10:58:00,Bengaluru,4
Pothole #8976,Crater-like,13.031619,77.614893,user476,2025-11-03T15:18:00,Bengaluru,2
Pothole #8977,Needs repair,12.952485,77.725648,user477,2025-09-20T10:57:00,Bengaluru,1
Pothole #8978,Needs repair,12.964438,77.735236,user478,2025-11-19T00:09:00,Bengaluru,4
Pothole #8979,Damaged patch,12.936962,77.563339,user479,2025-10-16T11:35:00,Bengaluru,3
Pothole #8980,Causes skidding,13.007782,77.562627,user480,2025-10-19T21:24:00,Bengaluru,4
Pothole #8981,Small crack,12.881564,77.647136,user481,2025-10-08T13:01:00,Bengaluru,3
Pothole #8982,Small crack,12.999446,77.688489,user482,2025-05-25T00:25:00,Bengaluru,5
Pothole #8983,Crater-like,13.034099,77.52512,user483,2025-03-05T15:46:00,Bengaluru,3
Pothole #8984,Damaged patch,12.979396,77.72158,user484,2025-09-27T01:50:00,Bengaluru,2
Pothole #8985,Damaged patch,12.896553,77.702011,user485,2025-04-28T01:16:00,Bengaluru,5
Pothole #8986,Small crack,13.040795,77.651219,user486,2025-03-13T07:07:00,Bengaluru,2
Pothole #8987,Crater-like,12.911583,77.687747,user487,2025-09-21T16:48:00,Bengaluru,2
Pothole #8988,Damaged patch,13.025699,77.726435,user488,2025-11-21T12:08:00,Bengaluru,3
Pothole #8989,Needs repair,13.045097,77.543218,user489,2025-10-01T06:28:00,Bengaluru,2
Pothole #8990,Crater-like,13.019239,77.51963,user490,2025-09-21T17:18:00,Bengaluru,1
Pothole #8991,Small crack,12.928482,77.57361,user491,2025-06-09T23:08:00,Bengaluru,4
Pothole #8992,Crater-like,12.882833,77.746799,user492,2025-05-02T22:46:00,Bengaluru,5
Pothole #8993,Needs repair,13.042792,77.662801,user493,2025-06-15T04:10:00,Bengaluru,5
Pothole #8994,Deep hole,12.986348,77.654568,user494,2025-11-16T07:10:00,Bengaluru,3
Pothole #8995,Damaged patch,12.886914,77.695036,user495,2025-02-12T12:05:00,Bengaluru,5
Pothole #8996,Deep hole,13.028696,77.533255,user496,2025-01-15T04:08:00,Bengaluru,3
Pothole #8997,Small crack,12.993759,77.584959,user497,2025-01-27T21:49:00,Bengaluru,1
Pothole #8998,Damaged patch,12.962012,77.618093,user498,2025-11-26T18:29:00,Bengaluru,5
Pothole #8999,Small crack,12.95154,77.628996,user499,2025-09-17T22:36:00,Bengaluru,3
Pothole #9000,Needs repair,12.899894,77.617865,user0,2025-10-15T16:11:00,Bengaluru,5
Pothole #9001,Causes skidding,12.939581,77.604604,user1,2025-05-28T09:09:00,Bengaluru,1
Pothole #9002,Causes skidding,13.047994,77.707695,user2,2025-06-01T10:34:00,Bengaluru,2
Pothole #9003,Causes skidding,12.896975,77.586726,user3,2025-04-20T16:59:00,Bengaluru,1
Pothole #9004,Small crack,12.98472,77.546953,user4,2025-04-20T03:48:00,Bengaluru,2
Pothole #9005,Causes skidding,12.917293,77.515156,user5,2025-08-09T15:01:00,Bengaluru,1
Pothole #9006,Causes skidding,13.025897,77.55807,user6,2025-10-18T12:01:00,Bengaluru,3
Pothole #9007,Small crack,13.02806,77.53672,user7,2025-10-21T19:39:00,Bengaluru,4
Pothole #9008,Deep hole,12.991218,77.713476,user8,2025-05-01T21:09:00,Bengaluru,5
Pothole #9009,Damaged patch,12.905625,77.739299,user9,2025-04-05T15:46:00,Bengaluru,5
Pothole #9010,Crater-like,13.033281,77.547028,user10,2025-03-07T12:04:00,Bengaluru,4
Pothole #9011,Deep hole,13.012929,77.645842,user11,2025-04-13T16:03:00,Bengaluru,2
Pothole #9012,Needs repair,12.9755,77.613858,user12,2025-06-16T15:29:00,Bengaluru,4
Pothole #9013,Deep hole,13.047587,77.690922,user13,2025-06-18T01:23:00,Bengaluru,5
Pothole #9014,Crater-like,12.985225,77.64138,user14,2025-03-18T20:27:00,Bengaluru,5
Pothole #9015,Deep hole,12.930087,77.740344,user15,2025-09-18T05:34:00,Bengaluru,2
Pothole #9016,Damaged patch,12.933301,77.747619,user16,2025-02-10T12:14:00,Bengaluru,1
Pothole #9017,Causes skidding,12.904961,77.503769,user17,2025-01-12T12:22:00,Bengaluru,2
Pothole #9018,Damaged patch,13.032163,77.556243,user18,2025-11-19T05:12:00,Bengaluru,2
Pothole #9019,Causes skidding,13.017281,77.559518,user19,2025-10-19T18:56:00,Bengaluru,2
Pothole #9020,Small crack,12.979867,77.640623,user20,2025-09-09T19:05:00,Bengaluru,4
Pothole #9021,Needs repair,12.916037,77.581104,user21,2025-09-01T07:34:00,Bengaluru,5
Pothole #9022,Small crack,12.86411,77.674244,user22,2025-01-10T15:28:00,Bengaluru,3
Pothole #9023,Crater-like,12.885114,77.615042,user23,2025-01-08T03:44:00,Bengaluru,1
Pothole #9024,Damaged patch,13.010174,77.510556,user24,2025-11-17T10:10:00,Bengaluru,1
Pothole #9025,Damaged patch,12.992184,77.541368,user25,2025-11-24T12:28:00,Bengaluru,3
Pothole #9026,Causes skidding,12.988533,77.603431,user26,2025-11-24T00:21:00,Bengaluru,2
Pothole #9027,Damaged patch,12.884534,77.524541,user27,2025-08-02T01:18:00,Bengaluru,3
Pothole #9028,Needs repair,12.851991,77.553098,user28,2025-11-12T19:32:00,Bengaluru,5
Pothole #9029,Causes skidding,12.977358,77.61116,user29,2025-01-05T18:16:00,Bengaluru,4
Pothole #9030,Damaged patch,12.933499,77.589653,user30,2025-01-06T17:08:00,Bengaluru,3
Pothole #9031,Damaged patch,12.884494,77.745916,user31,2025-04-27T03:19:00,Bengaluru,2
Pothole #9032,Causes skidding,12.866554,77.645616,user32,2025-10-14T16:15:00,Bengaluru,1
Pothole #9033,Needs repair,13.029805,77.672554,user33,2025-11-23T05:52:00,Bengaluru,2
Pothole #9034,Needs repair,12.939312,77.615128,user34,2025-11-10T11:07:00,Bengaluru,4
Pothole #9035,Needs repair,12.98446,77.704216,user35,2025-11-08T17:07:00,Bengaluru,5
Pothole #9036,Crater-like,12.995883,77.667968,user36,2025-03-04T00:50:00,Bengaluru,1
Pothole #9037,Small crack,12.980174,77.697682,user37,2025-08-24T00:15:00,Bengaluru,5
Pothole #9038,Crater-like,12.930954,77.501816,user38,2025-03-24T08:29:00,Bengaluru,1
Pothole #9039,Damaged patch,12.869746,77.583859,user39,2025-06-28T21:59:00,Bengaluru,2
Pothole #9040,Causes skidding,12.988461,77.603524,user40,2025-09-03T17:11:00,Bengaluru,3
Pothole #9041,Damaged patch,12.931457,77.600171,user41,2025-04-06T08:54:00,Bengaluru,1
Pothole #9042,Deep hole,13.04884,77.575631,user42,2025-07-28T23:11:00,Bengaluru,1
Pothole #9043,Needs repair,12.975029,77.743588,user43,2025-06-22T15:29:00,Bengaluru,5
Pothole #9044,Crater-like,12.876683,77.581883,user44,2025-04-16T21:52:00,Bengaluru,3
Pothole #9045,Causes skidding,12.856763,77.647151,user45,2025-07-09T20:00:00,Bengaluru,3
Pothole #9046,Crater-like,12.90773,77.681904,user46,2025-04-06T18:29:00,Bengaluru,1
Pothole #9047,Small crack,12.920606,77.560889,user47,2025-07-03T00:20:00,Bengaluru,1
Pothole #9048,Crater-like,13.027381,77.521368,user48,2025-11-13T04:31:00,Bengaluru,3
Pothole #9049,Deep hole,12.995226,77.621742,user49,2025-05-16T15:02:00,Bengaluru,2
Pothole #9050,Crater-like,12.951358,77.515866,user50,2025-11-19T09:31:00,Bengaluru,3
Pothole #9051,Damaged patch,12.935302,77.525441,user51,2025-02-27T20:20:00,Bengaluru,4
Pothole #9052,Deep hole,12.924666,77.511163,user52,2025-01-14T06:33:00,Bengaluru,4
Pothole #9053,Causes skidding,12.926721,77.53816,user53,2025-06-14T01:07:00,Bengaluru,1
Pothole #9054,Damaged patch,13.010468,77.713034,user54,2025-03-14T05:12:00,Bengaluru,2
Pothole #9055,Needs repair,12.861053,77.696265,user55,2025-03-20T17:35:00,Bengaluru,3
Pothole #9056,Small crack,12.887628,77.544721,user56,2025-09-27T15:14:00,Bengaluru,4
Pothole #9057,Causes skidding,13.023504,77.516362,user57,2025-02-12T13:57:00,Bengaluru,1
Pothole #9058,Crater-like,12.933016,77.612699,user58,2025-08-11T05:31:00,Bengaluru,4
Pothole #9059,Deep hole,12.992891,77.619649,user59,2025-11-14T21:19:00,Bengaluru,2
Pothole #9060,Crater-like,12.941408,77.695349,user60,2025-02-13T02:28:00,Bengaluru,3
Pothole #9061,Crater-like,12.940788,77.663637,user61,2025-07-22T13:08:00,Bengaluru,5
Pothole #9062,Causes skidding,12.896931,77.743044,user62,2025-05-28T18:41:00,Bengaluru,5
Pothole #9063,Causes skidding,12.861488,77.701398,user63,2025-11-17T17:00:00,Bengaluru,4
Pothole #9064,Small crack,13.049225,77.574692,user64,2025-09-26T18:09:00,Bengaluru,1
Pothole #9065,Causes skidding,12.885949,77.727816,user65,2025-05-27T09:19:00,Bengaluru,5
Pothole #9066,Crater-like,12.950852,77.746151,user66,2025-06-02T08:08:00,Bengaluru,1
Pothole #9067,Causes skidding,12.908169,77.544912,user67,2025-08-10T19:34:00,Bengaluru,1
Pothole #9068,Needs repair,12.94983,77.698356,user68,2025-03-05T11:36:00,Bengaluru,1
Pothole #9069,Small crack,12.891662,77.643686,user69,2025-11-10T01:11:00,Bengaluru,2
Pothole #9070,Damaged patch,12.977987,77.603897,user70,2025-10-11T07:45:00,Bengaluru,4
Pothole #9071,Needs repair,13.022796,77.615113,user71,2025-01-26T04:24:00,Bengaluru,3
Pothole #9072,Needs repair,13.031379,77.665695,user72,2025-08-21T17:17:00,Bengaluru,1
Pothole #9073,Needs repair,12.873628,77.583144,user73,2025-11-25T15:50:00,Bengaluru,2
Pothole #9074,Damaged patch,13.03592,77.554844,user74,2025-11-09T17:45:00,Bengaluru,3
Pothole #9075,Causes skidding,13.001664,77.634052,user75,2025-09-09T17:37:00,Bengaluru,4
Pothole #9076,Needs repair,13.017083,77.522871,user76,2025-09-07T08:50:00,Bengaluru,4
Pothole #9077,Small crack,13.003323,77.616539,user77,2025-11-07T05:36:00,Bengaluru,3
Pothole #9078,Needs repair,12.879839,77.729357,user78,2025-04-05T13:49:00,Bengaluru,4
Pothole #9079,Crater-like,12.942174,77.736062,user79,2025-05-24T04:20:00,Bengaluru,1
Pothole #9080,Damaged patch,13.004976,77.571549,user80,2025-10-13T05:30:00,Bengaluru,5
Pothole #9081,Deep hole,12.865186,77.69856,user81,2025-08-12T12:28:00,Bengaluru,2
Pothole #9082,Needs repair,12.866876,77.682835,user82,2025-09-04T16:25:00,Bengaluru,1
Pothole #9083,Crater-like,12.964666,77.506291,user83,2025-02-15T23:27:00,Bengaluru,1
Pothole #9084,Deep hole,13.026295,77.539359,user84,2025-11-02T18:57:00,Bengaluru,4
Pothole #9085,Deep hole,13.033776,77.583779,user85,2025-03-08T22:35:00,Bengaluru,1
Pothole #9086,Crater-like,12.858681,77.695012,user86,2025-09-12T13:12:00,Bengaluru,5
Pothole #9087,Deep hole,12.979317,77.553824,user87,2025-07-19T17:06:00,Bengaluru,4
Pothole #9088,Needs repair,12.883968,77.710565,user88,2025-11-10T00:31:00,Bengaluru,5
Pothole #9089,Small crack,12.983246,77.584192,user89,2025-10-05T23:38:00,Bengaluru,1
Pothole #9090,Crater-like,12.90784,77.710556,user90,2025-08-06T07:24:00,Bengaluru,3
Pothole #9091,Small crack,12.96219,77.582724,user91,2025-06-28T19:12:00,Bengaluru,4
Pothole #9092,Needs repair,12.986492,77.635116,user92,2025-04-09T19:30:00,Bengaluru,5
Pothole #9093,Needs repair,12.930151,77.648082,user93,2025-03-06T04:24:00,Bengaluru,3
Pothole #9094,Damaged patch,12.923937,77.599609,user94,2025-07-05T14:59:00,Bengaluru,1
Pothole #9095,Deep hole,12.916731,77.6938,user95,2025-10-23T02:10:00,Bengaluru,1
Pothole #9096,Small crack,12.855948,77.504665,user96,2025-11-12T04:39:00,Bengaluru,2
Pothole #9097,Damaged patch,12.898838,77.569596,user97,2025-10-01T12:26:00,Bengaluru,4
Pothole #9098,Damaged patch,13.025732,77.522681,user98,2025-11-01T18:04:00,Bengaluru,5
Pothole #9099,Causes skidding,12.922893,77.6583,user99,2025-06-06T11:22:00,Bengaluru,1
Pothole #9100,Needs repair,12.913168,77.643357,user100,2025-06-16T21:28:00,Bengaluru,5
Pothole #9101,Small crack,12.949374,77.699032,user101,2025-06-20T22:28:00,Bengaluru,5
Pothole #9102,Deep hole,13.013711,77.576073,user102,2025-03-06T00:03:00,Bengaluru,5
Pothole #9103,Damaged patch,13.02581,77.581946,user103,2025-01-20T22:59:00,Bengaluru,3
Pothole #9104,Causes skidding,13.003727,77.646257,user104,2025-09-01T05:14:00,Bengaluru,1
Pothole #9105,Damaged patch,12.995704,77.62071,user105,2025-07-03T01:00:00,Bengaluru,5
Pothole #9106,Needs repair,12.860314,77.621339,user106,2025-07-07T22:25:00,Bengaluru,2
Pothole #9107,Causes skidding,12.883922,77.537671,user107,2025-04-21T20:41:00,Bengaluru,1
Pothole #9108,Causes skidding,12.937963,77.560716,user108,2025-01-07T02:48:00,Bengaluru,4
Pothole #9109,Small crack,13.004286,77.619938,user109,2025-04-27T14:02:00,Bengaluru,4
Pothole #9110,Causes skidding,12.972191,77.513444,user110,2025-05-28T02:59:00,Bengaluru,4
Pothole #9111,Crater-like,12.864161,77.518302,user111,2025-06-18T15:42:00,Bengaluru,5
Pothole #9112,Deep hole,13.023889,77.688647,user112,2025-08-13T21:47:00,Bengaluru,5
Pothole #9113,Small crack,12.977446,77.502695,user113,2025-05-10T05:14:00,Bengaluru,5
Pothole #9114,Damaged patch,12.890305,77.661716,user114,2025-11-08T03:47:00,Bengaluru,4
Pothole #9115,Crater-like,12.991586,77.74093,user115,2025-06-27T05:43:00,Bengaluru,1
Pothole #9116,Needs repair,12.982138,77.563223,user116,2025-01-02T10:12:00,Bengaluru,3
Pothole #9117,Causes skidding,13.029681,77.532292,user117,2025-04-16T21:02:00,Bengaluru,4
Pothole #9118,Crater-like,13.029439,77.743761,user118,2025-09-11T13:44:00,Bengaluru,4
Pothole #9119,Needs repair,12.979421,77.624404,user119,2025-04-14T21:59:00,Bengaluru,3
Pothole #9120,Small crack,12.940101,77.702013,user120,2025-04-27T11:38:00,Bengaluru,3
Pothole #9121,Small crack,12.878725,77.571014,user121,2025-09-27T22:34:00,Bengaluru,1
Pothole #9122,Crater-like,13.030768,77.71714,user122,2025-08-18T04:25:00,Bengaluru,4
Pothole #9123,Small crack,13.038359,77.580932,user123,2025-06-26T02:24:00,Bengaluru,2
Pothole #9124,Deep hole,13.017633,77.531991,user124,2025-09-03T01:46:00,Bengaluru,1
Pothole #9125,Causes skidding,12.894898,77.741142,user125,2025-04-12T16:42:00,Bengaluru,5
Pothole #9126,Damaged patch,12.904026,77.573611,user126,2025-01-26T01:26:00,Bengaluru,1
Pothole #9127,Deep hole,13.038868,77.580532,user127,2025-11-08T13:37:00,Bengaluru,3
Pothole #9128,Deep hole,12.991668,77.740143,user128,2025-01-04T11:21:00,Bengaluru,3
Pothole #9129,Crater-like,12.87907,77.573957,user129,2025-07-22T02:36:00,Bengaluru,3
Pothole #9130,Small crack,12.903898,77.516193,user130,2025-08-07T21:25:00,Bengaluru,5
Pothole #9131,Needs repair,12.86745,77.670812,user131,2025-07-08T17:22:00,Bengaluru,3
Pothole #9132,Crater-like,13.017253,77.646039,user132,2025-02-17T11:51:00,Bengaluru,1
Pothole #9133,Crater-like,12.975899,77.553837,user133,2025-09-01T05:32:00,Bengaluru,3
Pothole #9134,Causes skidding,12.89632,77.562599,user134,2025-02-01T16:17:00,Bengaluru,4
Pothole #9135,Small crack,13.007423,77.540739,user135,2025-02-01T00:00:00,Bengaluru,4
Pothole #9136,Crater-like,12.956782,77.567771,user136,2025-11-24T15:11:00,Bengaluru,3
Pothole #9137,Crater-like,12.979743,77.642423,user137,2025-09-25T11:18:00,Bengaluru,2
Pothole #9138,Damaged patch,12.86719,77.542108,user138,2025-10-06T01:32:00,Bengaluru,4
Pothole #9139,Crater-like,12.932385,77.533665,user139,2025-07-09T15:44:00,Bengaluru,2
Pothole #9140,Crater-like,12.971674,77.667214,user140,2025-10-15T12:11:00,Bengaluru,4
Pothole #9141,Needs repair,12.928042,77.505669,user141,2025-03-09T02:04:00,Bengaluru,4
Pothole #9142,Causes skidding,13.010224,77.731515,user142,2025-04-09T00:28:00,Bengaluru,1
Pothole #9143,Causes skidding,12.952064,77.653082,user143,2025-11-08T18:33:00,Bengaluru,5
Pothole #9144,Causes skidding,13.043967,77.748296,user144,2025-02-15T00:31:00,Bengaluru,3
Pothole #9145,Needs repair,12.880555,77.612032,user145,2025-04-26T14:13:00,Bengaluru,2
Pothole #9146,Causes skidding,12.969513,77.609541,user146,2025-01-20T05:45:00,Bengaluru,4
Pothole #9147,Needs repair,12.956264,77.535598,user147,2025-04-21T01:48:00,Bengaluru,3
Pothole #9148,Damaged patch,13.025363,77.594766,user148,2025-03-09T20:46:00,Bengaluru,3
Pothole #9149,Crater-like,13.013644,77.662228,user149,2025-03-22T22:57:00,Bengaluru,2
Pothole #9150,Deep hole,12.905977,77.701174,user150,2025-07-01T15:14:00,Bengaluru,1
Pothole #9151,Small crack,12.866806,77.707492,user151,2025-09-24T11:24:00,Bengaluru,2
Pothole #9152,Causes skidding,13.039171,77.667014,user152,2025-11-01T23:24:00,Bengaluru,1
Pothole #9153,Small crack,12.989016,77.570108,user153,2025-01-06T14:13:00,Bengaluru,2
Pothole #9154,Needs repair,12.912463,77.542969,user154,2025-01-22T20:55:00,Bengaluru,1
Pothole #9155,Damaged patch,12.92271,77.681058,user155,2025-11-10T01:11:00,Bengaluru,3
Pothole #9156,Deep hole,13.011046,77.609339,user156,2025-02-01T22:09:00,Bengaluru,2
Pothole #9157,Deep hole,12.861051,77.647512,user157,2025-08-23T12:04:00,Bengaluru,2
Pothole #9158,Crater-like,12.856389,77.613219,user158,2025-10-08T23:02:00,Bengaluru,1
Pothole #9159,Causes skidding,13.005779,77.745136,user159,2025-02-11T17:05:00,Bengaluru,4
Pothole #9160,Damaged patch,12.876723,77.626867,user160,2025-11-20T14:08:00,Bengaluru,1
Pothole #9161,Deep hole,13.002287,77.600069,user161,2025-05-24T16:03:00,Bengaluru,4
Pothole #9162,Needs repair,12.894856,77.711278,user162,2025-06-24T07:40:00,Bengaluru,4
Pothole #9163,Crater-like,12.899056,77.700507,user163,2025-07-06T13:02:00,Bengaluru,2
Pothole #9164,Causes skidding,12.933814,77.530132,user164,2025-11-03T18:40:00,Bengaluru,1
Pothole #9165,Causes skidding,12.999006,77.568745,user165,2025-02-15T12:51:00,Bengaluru,3
Pothole #9166,Damaged patch,12.879334,77.599465,user166,2025-02-09T20:06:00,Bengaluru,5
Pothole #9167,Crater-like,13.006949,77.564395,user167,2025-04-22T15:53:00,Bengaluru,4
Pothole #9168,Causes skidding,12.971378,77.703594,user168,2025-09-16T20:57:00,Bengaluru,3
Pothole #9169,Needs repair,13.045273,77.748571,user169,2025-02-15T08:24:00,Bengaluru,5
Pothole #9170,Deep hole,12.966976,77.637326,user170,2025-05-18T19:02:00,Bengaluru,5
Pothole #9171,Damaged patch,12.948473,77.510977,user171,2025-03-10T09:08:00,Bengaluru,4
Pothole #9172,Causes skidding,12.979946,77.564627,user172,2025-09-03T15:32:00,Bengaluru,3
Pothole #9173,Small crack,13.041702,77.682764,user173,2025-08-21T16:48:00,Bengaluru,2
Pothole #9174,Needs repair,12.873533,77.510423,user174,2025-10-01T04:53:00,Bengaluru,2
Pothole #9175,Damaged patch,12.950534,77.702404,user175,2025-04-05T09:36:00,Bengaluru,4
Pothole #9176,Causes skidding,12.86256,77.519992,user176,2025-08-24T10:57:00,Bengaluru,4
Pothole #9177,Causes skidding,12.987901,77.666415,user177,2025-07-18T14:31:00,Bengaluru,1
Pothole #9178,Crater-like,12.923856,77.689358,user178,2025-02-22T01:52:00,Bengaluru,1
Pothole #9179,Needs repair,13.047927,77.517853,user179,2025-07-16T12:10:00,Bengaluru,5
Pothole #9180,Small crack,12.85218,77.705176,user180,2025-11-01T20:08:00,Bengaluru,1
Pothole #9181,Small crack,12.854257,77.551606,user181,2025-08-24T20:46:00,Bengaluru,5
Pothole #9182,Deep hole,13.038046,77.576801,user182,2025-08-28T23:36:00,Bengaluru,5
Pothole #9183,Crater-like,12.934192,77.543486,user183,2025-11-04T22:07:00,Bengaluru,3
Pothole #9184,Needs repair,12.998064,77.679833,user184,2025-08-06T20:59:00,Bengaluru,2
Pothole #9185,Causes skidding,12.881617,77.637883,user185,2025-08-19T02:36:00,Bengaluru,5
Pothole #9186,Damaged patch,12.90112,77.678254,user186,2025-01-17T19:37:00,Bengaluru,3
Pothole #9187,Damaged patch,12.883261,77.748409,user187,2025-10-08T01:37:00,Bengaluru,1
Pothole #9188,Needs repair,12.873972,77.722073,user188,2025-02-25T14:49:00,Bengaluru,4
Pothole #9189,Small crack,13.031441,77.663805,user189,2025-05-03T15:43:00,Bengaluru,5
Pothole #9190,Small crack,12.992177,77.576418,user190,2025-01-10T12:10:00,Bengaluru,3
Pothole #9191,Deep hole,13.030027,77.533464,user191,2025-04-05T03:20:00,Bengaluru,2
Pothole #9192,Small crack,13.011885,77.540365,user192,2025-09-13T01:23:00,Bengaluru,2
Pothole #9193,Crater-like,13.037733,77.548083,user193,2025-06-11T07:10:00,Bengaluru,3
Pothole #9194,Damaged patch,12.985778,77.643422,user194,2025-07-16T00:52:00,Bengaluru,4
Pothole #9195,Crater-like,12.889119,77.580622,user195,2025-10-22T01:33:00,Bengaluru,3
Pothole #9196,Crater-like,12.89852,77.709169,user196,2025-08-15T23:50:00,Bengaluru,5
Pothole #9197,Damaged patch,13.046602,77.627839,user197,2025-07-16T14:28:00,Bengaluru,1
Pothole #9198,Needs repair,12.939754,77.677341,user198,2025-02-26T05:00:00,Bengaluru,4
Pothole #9199,Damaged patch,13.010292,77.610215,user199,2025-07-11T01:56:00,Bengaluru,4
Pothole #9200,Damaged patch,13.013496,77.585809,user200,2025-11-27T21:13:00,Bengaluru,1
Pothole #9201,Crater-like,12.850714,77.712606,user201,2025-02-02T03:37:00,Bengaluru,2
Pothole #9202,Small crack,13.031381,77.69001,user202,2025-02-22T04:07:00,Bengaluru,1
Pothole #9203,Needs repair,12.939959,77.563613,user203,2025-02-26T10:24:00,Bengaluru,5
Pothole #9204,Deep hole,12.870082,77.737019,user204,2025-10-06T09:53:00,Bengaluru,5
Pothole #9205,Causes skidding,12.918126,77.579365,user205,2025-03-11T14:53:00,Bengaluru,4
Pothole #9206,Causes skidding,12.951909,77.70654,user206,2025-01-17T06:24:00,Bengaluru,3
Pothole #9207,Small crack,12.887613,77.53067,user207,2025-05-16T12:04:00,Bengaluru,2
Pothole #9208,Needs repair,12.941935,77.506059,user208,2025-11-27T13:27:00,Bengaluru,2
Pothole #9209,Crater-like,12.873795,77.564513,user209,2025-05-23T22:46:00,Bengaluru,3
Pothole #9210,Damaged patch,12.892005,77.626872,user210,2025-02-23T13:25:00,Bengaluru,2
Pothole #9211,Small crack,13.02981,77.613999,user211,2025-03-28T12:25:00,Bengaluru,1
Pothole #9212,Crater-like,12.923236,77.629519,user212,2025-08-03T10:23:00,Bengaluru,5
Pothole #9213,Crater-like,12.871807,77.697696,user213,2025-02-12T10:36:00,Bengaluru,5
Pothole #9214,Needs repair,13.005964,77.650319,user214,2025-08-03T17:40:00,Bengaluru,4
Pothole #9215,Small crack,12.876343,77.749651,user215,2025-11-24T21:31:00,Bengaluru,1
Pothole #9216,Damaged patch,12.866633,77.570933,user216,2025-11-19T23:19:00,Bengaluru,2
Pothole #9217,Deep hole,12.867227,77.588933,user217,2025-07-23T18:01:00,Bengaluru,4
Pothole #9218,Causes skidding,13.022781,77.616255,user218,2025-09-19T05:39:00,Bengaluru,4
Pothole #9219,Deep hole,12.935885,77.703157,user219,2025-06-13T07:52:00,Bengaluru,2
Pothole #9220,Deep hole,13.002737,77.67197,user220,2025-02-02T05:49:00,Bengaluru,5
Pothole #9221,Small crack,12.992014,77.513819,user221,2025-09-10T03:51:00,Bengaluru,3
Pothole #9222,Small crack,12.926211,77.597323,user222,2025-04-05T11:53:00,Bengaluru,3
Pothole #9223,Causes skidding,13.018723,77.588667,user223,2025-04-12T16:36:00,Bengaluru,3
Pothole #9224,Crater-like,12.922263,77.596996,user224,2025-01-13T14:25:00,Bengaluru,4
Pothole #9225,Deep hole,13.019117,77.588983,user225,2025-03-17T02:33:00,Bengaluru,1
Pothole #9226,Damaged patch,12.917741,77.614707,user226,2025-11-14T12:20:00,Bengaluru,3
Pothole #9227,Small crack,12.858936,77.709143,user227,2025-09-11T09:38:00,Bengaluru,2
Pothole #9228,Deep hole,12.960359,77.612343,user228,2025-08-04T00:02:00,Bengaluru,5
Pothole #9229,Causes skidding,12.866291,77.535348,user229,2025-04-12T04:39:00,Bengaluru,2
Pothole #9230,Small crack,12.878775,77.53316,user230,2025-03-19T01:56:00,Bengaluru,4
Pothole #9231,Crater-like,12.974935,77.659381,user231,2025-01-25T23:21:00,Bengaluru,2
Pothole #9232,Causes skidding,13.035499,77.55269,user232,2025-02-18T01:18:00,Bengaluru,1
Pothole #9233,Crater-like,12.894175,77.660729,user233,2025-01-11T17:17:00,Bengaluru,2
Pothole #9234,Damaged patch,12.973518,77.562237,user234,2025-09-27T13:10:00,Bengaluru,3
Pothole #9235,Crater-like,12.861891,77.742102,user235,2025-02-13T07:04:00,Bengaluru,4
Pothole #9236,Needs repair,12.99354,77.749966,user236,2025-10-03T09:35:00,Bengaluru,5
Pothole #9237,Small crack,13.047422,77.737052,user237,2025-08-08T12:43:00,Bengaluru,1
Pothole #9238,Causes skidding,12.924148,77.504919,user238,2025-10-23T21:04:00,Bengaluru,2
Pothole #9239,Needs repair,13.015205,77.598877,user239,2025-07-06T19:01:00,Bengaluru,2
Pothole #9240,Crater-like,12.862531,77.517086,user240,2025-04-21T07:15:00,Bengaluru,1
Pothole #9241,Small crack,12.98037,77.522339,user241,2025-10-26T06:02:00,Bengaluru,3
Pothole #9242,Causes skidding,13.017516,77.745365,user242,2025-08-05T15:35:00,Bengaluru,3
Pothole #9243,Deep hole,12.899219,77.570402,user243,2025-03-03T23:40:00,Bengaluru,3
Pothole #9244,Damaged patch,12.932992,77.503188,user244,2025-07-15T20:39:00,Bengaluru,4
Pothole #9245,Crater-like,12.97834,77.710318,user245,2025-01-11T22:18:00,Bengaluru,5
Pothole #9246,Damaged patch,13.004424,77.638192,user246,2025-09-03T23:47:00,Bengaluru,1
Pothole #9247,Deep hole,12.966332,77.649246,user247,2025-01-22T16:44:00,Bengaluru,3
Pothole #9248,Deep hole,12.912421,77.547778,user248,2025-01-11T20:36:00,Bengaluru,3
Pothole #9249,Causes skidding,13.015211,77.742515,user249,2025-08-19T01:39:00,Bengaluru,1
Pothole #9250,Causes skidding,12.876443,77.555669,user250,2025-05-04T11:56:00,Bengaluru,4
Pothole #9251,Crater-like,12.963479,77.641845,user251,2025-06-21T13:32:00,Bengaluru,1
Pothole #9252,Damaged patch,13.014205,77.538374,user252,2025-11-16T23:42:00,Bengaluru,4
Pothole #9253,Causes skidding,12.957899,77.69285,user253,2025-03-24T19:19:00,Bengaluru,1
Pothole #9254,Deep hole,12.937875,77.641146,user254,2025-03-21T03:33:00,Bengaluru,5
Pothole #9255,Deep hole,12.97428,77.634289,user255,2025-06-22T13:47:00,Bengaluru,3
Pothole #9256,Deep hole,12.885303,77.663123,user256,2025-09-07T15:05:00,Bengaluru,1
Pothole #9257,Crater-like,12.928597,77.539084,user257,2025-10-09T18:13:00,Bengaluru,4
Pothole #9258,Small crack,12.936433,77.509581,user258,2025-03-09T19:48:00,Bengaluru,5
Pothole #9259,Deep hole,12.96876,77.575453,user259,2025-04-03T15:22:00,Bengaluru,5
Pothole #9260,Damaged patch,12.997424,77.529212,user260,2025-05-25T00:07:00,Bengaluru,1
Pothole #9261,Deep hole,12.919447,77.632928,user261,2025-03-01T14:19:00,Bengaluru,4
Pothole #9262,Crater-like,12.873403,77.733703,user262,2025-02-06T22:23:00,Bengaluru,5
Pothole #9263,Deep hole,12.854183,77.641208,user263,2025-04-22T06:16:00,Bengaluru,2
Pothole #9264,Causes skidding,13.014527,77.590911,user264,2025-02-28T07:22:00,Bengaluru,5
Pothole #9265,Small crack,13.039292,77.583086,user265,2025-09-22T10:42:00,Bengaluru,5
Pothole #9266,Damaged patch,12.927685,77.733992,user266,2025-04-04T03:45:00,Bengaluru,2
Pothole #9267,Crater-like,12.903016,77.549936,user267,2025-03-23T10:04:00,Bengaluru,3
Pothole #9268,Needs repair,12.973329,77.567965,user268,2025-06-09T06:24:00,Bengaluru,4
Pothole #9269,Crater-like,13.029931,77.69243,user269,2025-01-19T04:01:00,Bengaluru,4
Pothole #9270,Small crack,12.996165,77.646279,user270,2025-07-16T06:59:00,Bengaluru,3
Pothole #9271,Crater-like,12.947202,77.623488,user271,2025-06-11T18:33:00,Bengaluru,3
Pothole #9272,Needs repair,13.046895,77.509761,user272,2025-07-21T05:33:00,Bengaluru,4
Pothole #9273,Damaged patch,12.909039,77.656726,user273,2025-01-06T03:06:00,Bengaluru,1
Pothole #9274,Deep hole,13.032744,77.631399,user274,2025-10-12T01:25:00,Bengaluru,2
Pothole #9275,Crater-like,12.924606,77.55292,user275,2025-02-13T12:45:00,Bengaluru,1
Pothole #9276,Needs repair,12.964653,77.617033,user276,2025-07-16T06:45:00,Bengaluru,5
Pothole #9277,Damaged patch,13.032502,77.651093,user277,2025-03-25T04:02:00,Bengaluru,3
Pothole #9278,Needs repair,12.931075,77.625006,user278,2025-08-09T01:46:00,Bengaluru,1
Pothole #9279,Causes skidding,13.003082,77.52908,user279,2025-11-08T20:00:00,Bengaluru,4
Pothole #9280,Needs repair,12.931906,77.595165,user280,2025-09-11T05:44:00,Bengaluru,4
Pothole #9281,Causes skidding,12.966951,77.525738,user281,2025-05-24T12:56:00,Bengaluru,5
Pothole #9282,Causes skidding,13.038882,77.596913,user282,2025-06-04T20:44:00,Bengaluru,5
Pothole #9283,Small crack,12.979095,77.573693,user283,2025-10-06T16:17:00,Bengaluru,4
Pothole #9284,Needs repair,12.988206,77.514009,user284,2025-07-26T04:43:00,Bengaluru,5
Pothole #9285,Crater-like,12.932394,77.539493,user285,2025-02-27T08:55:00,Bengaluru,2
Pothole #9286,Crater-like,12.871921,77.518826,user286,2025-04-17T13:48:00,Bengaluru,5
Pothole #9287,Causes skidding,13.026616,77.57668,user287,2025-04-06T11:58:00,Bengaluru,1
Pothole #9288,Causes skidding,12.886953,77.592892,user288,2025-08-13T00:33:00,Bengaluru,4
Pothole #9289,Small crack,12.935221,77.736834,user289,2025-07-09T00:52:00,Bengaluru,1
Pothole #9290,Crater-like,12.9206,77.519031,user290,2025-10-19T05:07:00,Bengaluru,4
Pothole #9291,Crater-like,12.878423,77.602018,user291,2025-06-27T04:56:00,Bengaluru,1
Pothole #9292,Causes skidding,12.859268,77.695689,user292,2025-06-25T17:59:00,Bengaluru,2
Pothole #9293,Needs repair,12.882624,77.614815,user293,2025-01-02T07:20:00,Bengaluru,4
Pothole #9294,Small crack,13.037109,77.557731,user294,2025-08-23T03:20:00,Bengaluru,4
Pothole #9295,Needs repair,12.858044,77.725034,user295,2025-06-02T10:39:00,Bengaluru,4
Pothole #9296,Damaged patch,12.898892,77.652283,user296,2025-06-09T22:43:00,Bengaluru,5
Pothole #9297,Needs repair,12.942221,77.60538,user297,2025-07-07T04:25:00,Bengaluru,5
Pothole #9298,Damaged patch,13.012078,77.62269,user298,2025-11-26T12:19:00,Bengaluru,5
Pothole #9299,Deep hole,12.871417,77.584558,user299,2025-03-19T16:37:00,Bengaluru,4
Pothole #9300,Crater-like,12.956632,77.584772,user300,2025-06-27T07:59:00,Bengaluru,4
Pothole #9301,Crater-like,12.911898,77.512007,user301,2025-06-28T22:46:00,Bengaluru,1
Pothole #9302,Damaged patch,12.893202,77.708098,user302,2025-07-03T11:22:00,Bengaluru,3
Pothole #9303,Crater-like,12.894614,77.622891,user303,2025-11-04T07:19:00,Bengaluru,4
Pothole #9304,Damaged patch,13.03102,77.615476,user304,2025-07-06T19:23:00,Bengaluru,3
Pothole #9305,Crater-like,13.03671,77.72654,user305,2025-10-28T02:05:00,Bengaluru,4
Pothole #9306,Small crack,12.889117,77.709249,user306,2025-08-18T12:30:00,Bengaluru,1
Pothole #9307,Causes skidding,12.998053,77.649473,user307,2025-05-14T00:37:00,Bengaluru,1
Pothole #9308,Damaged patch,12.941568,77.516211,user308,2025-11-01T16:01:00,Bengaluru,1
Pothole #9309,Deep hole,12.861705,77.685659,user309,2025-06-12T11:14:00,Bengaluru,3
Pothole #9310,Deep hole,13.004778,77.551221,user310,2025-11-11T13:18:00,Bengaluru,2
Pothole #9311,Damaged patch,12.870246,77.501863,user311,2025-01-14T00:22:00,Bengaluru,4
Pothole #9312,Crater-like,12.887716,77.643683,user312,2025-09-02T06:41:00,Bengaluru,4
Pothole #9313,Causes skidding,12.963705,77.510139,user313,2025-02-28T01:03:00,Bengaluru,3
Pothole #9314,Needs repair,12.902567,77.518819,user314,2025-04-18T13:05:00,Bengaluru,5
Pothole #9315,Deep hole,12.985344,77.745944,user315,2025-11-28T16:04:00,Bengaluru,2
Pothole #9316,Small crack,12.869359,77.705285,user316,2025-11-11T03:24:00,Bengaluru,4
Pothole #9317,Needs repair,12.85784,77.579417,user317,2025-01-16T13:19:00,Bengaluru,1
Pothole #9318,Small crack,13.02042,77.728823,user318,2025-09-07T08:12:00,Bengaluru,4
Pothole #9319,Crater-like,13.043724,77.680979,user319,2025-09-14T17:44:00,Bengaluru,1
Pothole #9320,Deep hole,12.886385,77.589356,user320,2025-08-22T00:52:00,Bengaluru,5
Pothole #9321,Damaged patch,13.008329,77.62235,user321,2025-06-04T23:11:00,Bengaluru,4
Pothole #9322,Crater-like,12.981709,77.625052,user322,2025-08-26T23:22:00,Bengaluru,5
Pothole #9323,Damaged patch,12.918686,77.550008,user323,2025-06-13T22:29:00,Bengaluru,2
Pothole #9324,Small crack,12.868833,77.659043,user324,2025-06-23T16:04:00,Bengaluru,1
Pothole #9325,Causes skidding,13.01399,77.732595,user325,2025-09-02T00:27:00,Bengaluru,5
Pothole #9326,Small crack,13.005459,77.533101,user326,2025-02-03T22:46:00,Bengaluru,2
Pothole #9327,Needs repair,12.909717,77.702249,user327,2025-07-09T03:25:00,Bengaluru,3
Pothole #9328,Causes skidding,13.017449,77.545134,user328,2025-02-19T14:13:00,Bengaluru,1
Pothole #9329,Damaged patch,12.949164,77.740805,user329,2025-05-28T20:19:00,Bengaluru,3
Pothole #9330,Damaged patch,12.877146,77.730932,user330,2025-02-08T04:22:00,Bengaluru,1
Pothole #9331,Deep hole,12.85149,77.560186,user331,2025-11-25T09:22:00,Bengaluru,5
Pothole #9332,Damaged patch,13.013949,77.511806,user332,2025-06-13T02:28:00,Bengaluru,2
Pothole #9333,Damaged patch,12.850733,77.689447,user333,2025-10-14T08:11:00,Bengaluru,1
Pothole #9334,Needs repair,12.875824,77.607879,user334,2025-09-06T03:47:00,Bengaluru,1
Pothole #9335,Damaged patch,12.954531,77.668701,user335,2025-10-02T04:21:00,Bengaluru,3
Pothole #9336,Causes skidding,12.965004,77.612849,user336,2025-04-12T22:48:00,Bengaluru,4
Pothole #9337,Deep hole,12.981036,77.551515,user337,2025-05-18T18:57:00,Bengaluru,4
Pothole #9338,Deep hole,12.933093,77.668563,user338,2025-06-21T03:19:00,Bengaluru,1
Pothole #9339,Needs repair,13.030186,77.622219,user339,2025-01-22T22:03:00,Bengaluru,4
Pothole #9340,Crater-like,13.04997,77.635319,user340,2025-02-14T08:57:00,Bengaluru,4
Pothole #9341,Crater-like,12.954305,77.533386,user341,2025-11-24T08:44:00,Bengaluru,4
Pothole #9342,Small crack,13.022745,77.545727,user342,2025-11-03T19:22:00,Bengaluru,2
Pothole #9343,Crater-like,12.984208,77.650485,user343,2025-03-13T08:22:00,Bengaluru,2
Pothole #9344,Damaged patch,13.042072,77.579665,user344,2025-05-17T18:02:00,Bengaluru,3
Pothole #9345,Damaged patch,12.875354,77.530873,user345,2025-02-03T02:26:00,Bengaluru,5
Pothole #9346,Damaged patch,12.894861,77.691751,user346,2025-10-20T06:59:00,Bengaluru,5
Pothole #9347,Damaged patch,12.959292,77.715802,user347,2025-04-01T09:02:00,Bengaluru,2
Pothole #9348,Small crack,13.019782,77.511452,user348,2025-11-24T11:24:00,Bengaluru,1
Pothole #9349,Deep hole,12.886345,77.716931,user349,2025-04-03T18:22:00,Bengaluru,2
Pothole #9350,Needs repair,12.997138,77.700296,user350,2025-01-15T04:31:00,Bengaluru,3
Pothole #9351,Deep hole,12.865975,77.655645,user351,2025-09-05T03:49:00,Bengaluru,4
Pothole #9352,Deep hole,12.926541,77.697867,user352,2025-07-10T21:40:00,Bengaluru,5
Pothole #9353,Small crack,13.046673,77.512544,user353,2025-10-14T00:25:00,Bengaluru,5
Pothole #9354,Crater-like,13.008391,77.740406,user354,2025-11-11T23:46:00,Bengaluru,4
Pothole #9355,Causes skidding,13.043457,77.635231,user355,2025-06-26T05:26:00,Bengaluru,2
Pothole #9356,Damaged patch,12.865563,77.735316,user356,2025-03-18T21:21:00,Bengaluru,4
Pothole #9357,Damaged patch,12.87428,77.652276,user357,2025-02-25T07:32:00,Bengaluru,2
Pothole #9358,Small crack,12.972575,77.526967,user358,2025-07-25T02:43:00,Bengaluru,5
Pothole #9359,Damaged patch,12.885131,77.710519,user359,2025-06-21T16:55:00,Bengaluru,4
Pothole #9360,Deep hole,12.954835,77.505254,user360,2025-10-11T00:11:00,Bengaluru,3
Pothole #9361,Small crack,12.975438,77.575275,user361,2025-11-28T13:37:00,Bengaluru,1
Pothole #9362,Deep hole,12.92474,77.536978,user362,2025-11-15T04:04:00,Bengaluru,1
Pothole #9363,Crater-like,12.990243,77.562001,user363,2025-08-26T10:17:00,Bengaluru,2
Pothole #9364,Damaged patch,13.027637,77.639272,user364,2025-04-16T02:28:00,Bengaluru,2
Pothole #9365,Crater-like,12.867047,77.588372,user365,2025-06-11T04:03:00,Bengaluru,3
Pothole #9366,Deep hole,12.918667,77.691733,user366,2025-05-22T08:14:00,Bengaluru,5
Pothole #9367,Damaged patch,12.957752,77.699432,user367,2025-09-20T03:09:00,Bengaluru,4
Pothole #9368,Causes skidding,12.901948,77.720096,user368,2025-11-18T14:02:00,Bengaluru,5
Pothole #9369,Needs repair,12.941504,77.60043,user369,2025-07-25T05:40:00,Bengaluru,3
Pothole #9370,Deep hole,13.001617,77.6554,user370,2025-10-26T09:49:00,Bengaluru,1
Pothole #9371,Deep hole,12.946096,77.529898,user371,2025-08-20T05:21:00,Bengaluru,4
Pothole #9372,Crater-like,13.014912,77.599195,user372,2025-09-01T19:30:00,Bengaluru,5
Pothole #9373,Damaged patch,12.984764,77.72169,user373,2025-06-28T17:08:00,Bengaluru,2
Pothole #9374,Causes skidding,12.946144,77.725152,user374,2025-03-14T20:37:00,Bengaluru,2
Pothole #9375,Needs repair,12.885417,77.685192,user375,2025-03-04T12:04:00,Bengaluru,1
Pothole #9376,Crater-like,13.041842,77.716678,user376,2025-07-15T15:13:00,Bengaluru,4
Pothole #9377,Deep hole,12.855815,77.730685,user377,2025-06-20T06:18:00,Bengaluru,5
Pothole #9378,Small crack,12.888046,77.537353,user378,2025-02-16T08:00:00,Bengaluru,4
Pothole #9379,Needs repair,12.916903,77.610626,user379,2025-01-23T09:17:00,Bengaluru,1
Pothole #9380,Crater-like,12.989976,77.527283,user380,2025-05-04T17:48:00,Bengaluru,1
Pothole #9381,Damaged patch,12.988792,77.745536,user381,2025-03-06T11:18:00,Bengaluru,4
Pothole #9382,Causes skidding,12.907353,77.601452,user382,2025-01-12T10:50:00,Bengaluru,1
Pothole #9383,Causes skidding,12.877817,77.619932,user383,2025-11-11T11:17:00,Bengaluru,1
Pothole #9384,Causes skidding,12.903685,77.519944,user384,2025-09-19T18:43:00,Bengaluru,3
Pothole #9385,Crater-like,13.034519,77.527677,user385,2025-10-02T02:01:00,Bengaluru,4
Pothole #9386,Causes skidding,13.01984,77.663263,user386,2025-09-10T08:09:00,Bengaluru,1
Pothole #9387,Crater-like,12.933037,77.733306,user387,2025-03-15T02:53:00,Bengaluru,2
Pothole #9388,Crater-like,12.88988,77.578575,user388,2025-07-17T00:03:00,Bengaluru,2
Pothole #9389,Damaged patch,12.896325,77.551679,user389,2025-08-20T00:34:00,Bengaluru,5
Pothole #9390,Deep hole,12.951969,77.677645,user390,2025-08-05T03:41:00,Bengaluru,3
Pothole #9391,Deep hole,12.913962,77.612498,user391,2025-04-27T01:10:00,Bengaluru,5
Pothole #9392,Damaged patch,12.885519,77.583659,user392,2025-04-07T01:01:00,Bengaluru,5
Pothole #9393,Deep hole,12.963135,77.509119,user393,2025-02-22T11:30:00,Bengaluru,1
Pothole #9394,Crater-like,13.001065,77.618744,user394,2025-10-02T10:17:00,Bengaluru,5
Pothole #9395,Small crack,12.871149,77.636598,user395,2025-01-21T11:10:00,Bengaluru,5
Pothole #9396,Causes skidding,12.992724,77.522828,user396,2025-04-23T15:50:00,Bengaluru,4
Pothole #9397,Small crack,12.887318,77.72964,user397,2025-11-17T02:42:00,Bengaluru,1
Pothole #9398,Needs repair,12.958629,77.65713,user398,2025-10-12T21:43:00,Bengaluru,3
Pothole #9399,Crater-like,13.000209,77.634894,user399,2025-01-20T16:41:00,Bengaluru,3
Pothole #9400,Small crack,12.993567,77.744852,user400,2025-03-04T19:41:00,Bengaluru,1
Pothole #9401,Small crack,12.970369,77.537936,user401,2025-02-03T09:03:00,Bengaluru,2
Pothole #9402,Small crack,12.895467,77.725822,user402,2025-06-08T15:52:00,Bengaluru,1
Pothole #9403,Causes skidding,12.890078,77.575489,user403,2025-09-28T07:07:00,Bengaluru,2
Pothole #9404,Damaged patch,13.008881,77.733168,user404,2025-04-11T20:10:00,Bengaluru,2
Pothole #9405,Crater-like,12.883284,77.68667,user405,2025-08-28T05:13:00,Bengaluru,4
Pothole #9406,Crater-like,12.877393,77.51237,user406,2025-02-13T07:21:00,Bengaluru,5
Pothole #9407,Needs repair,12.992411,77.641389,user407,2025-04-24T17:11:00,Bengaluru,5
Pothole #9408,Small crack,12.976288,77.550341,user408,2025-10-22T20:23:00,Bengaluru,2
Pothole #9409,Crater-like,12.959563,77.634038,user409,2025-01-15T01:34:00,Bengaluru,4
Pothole #9410,Small crack,12.957225,77.745583,user410,2025-09-16T17:52:00,Bengaluru,2
Pothole #9411,Damaged patch,12.899317,77.720053,user411,2025-01-20T04:29:00,Bengaluru,1
Pothole #9412,Small crack,12.888231,77.732755,user412,2025-03-15T16:26:00,Bengaluru,2
Pothole #9413,Crater-like,12.850831,77.718693,user413,2025-04-16T12:27:00,Bengaluru,1
Pothole #9414,Deep hole,12.886003,77.740819,user414,2025-01-16T03:24:00,Bengaluru,3
Pothole #9415,Deep hole,12.990015,77.673285,user415,2025-01-15T19:50:00,Bengaluru,2
Pothole #9416,Deep hole,13.016031,77.619476,user416,2025-10-19T05:59:00,Bengaluru,4
Pothole #9417,Damaged patch,12.872315,77.608075,user417,2025-11-03T11:52:00,Bengaluru,3
Pothole #9418,Deep hole,12.9406,77.572557,user418,2025-07-04T20:50:00,Bengaluru,1
Pothole #9419,Causes skidding,12.944322,77.56174,user419,2025-11-04T19:30:00,Bengaluru,5
Pothole #9420,Small crack,12.96494,77.570846,user420,2025-08-26T07:12:00,Bengaluru,5
Pothole #9421,Damaged patch,12.9478,77.668686,user421,2025-05-27T13:07:00,Bengaluru,4
Pothole #9422,Needs repair,13.027924,77.745405,user422,2025-01-18T18:46:00,Bengaluru,2
Pothole #9423,Needs repair,12.934446,77.655871,user423,2025-10-28T19:25:00,Bengaluru,3
Pothole #9424,Crater-like,13.039975,77.599369,user424,2025-10-25T19:39:00,Bengaluru,1
Pothole #9425,Small crack,13.021535,77.534832,user425,2025-10-28T08:53:00,Bengaluru,1
Pothole #9426,Needs repair,12.988706,77.710141,user426,2025-04-27T18:44:00,Bengaluru,1
Pothole #9427,Crater-like,12.86014,77.581156,user427,2025-09-26T10:19:00,Bengaluru,1
Pothole #9428,Damaged patch,12.998654,77.581124,user428,2025-03-14T17:42:00,Bengaluru,3
Pothole #9429,Deep hole,12.887471,77.720052,user429,2025-02-11T03:54:00,Bengaluru,5
Pothole #9430,Deep hole,12.974312,77.740703,user430,2025-02-21T23:10:00,Bengaluru,1
Pothole #9431,Needs repair,12.949261,77.562953,user431,2025-06-24T06:52:00,Bengaluru,4
Pothole #9432,Deep hole,12.851474,77.722735,user432,2025-09-03T19:01:00,Bengaluru,1
Pothole #9433,Causes skidding,12.904602,77.626574,user433,2025-05-17T02:56:00,Bengaluru,2
Pothole #9434,Damaged patch,13.023145,77.600343,user434,2025-02-06T00:37:00,Bengaluru,1
Pothole #9435,Crater-like,12.904926,77.702015,user435,2025-06-14T01:47:00,Bengaluru,2
Pothole #9436,Damaged patch,12.951988,77.728674,user436,2025-02-16T13:48:00,Bengaluru,1
Pothole #9437,Needs repair,12.89531,77.74245,user437,2025-03-03T09:12:00,Bengaluru,3
Pothole #9438,Small crack,12.874883,77.741079,user438,2025-07-24T15:37:00,Bengaluru,1
Pothole #9439,Deep hole,13.009787,77.593472,user439,2025-10-24T03:05:00,Bengaluru,5
Pothole #9440,Crater-like,12.909186,77.554455,user440,2025-08-08T12:59:00,Bengaluru,1
Pothole #9441,Needs repair,12.946593,77.559067,user441,2025-05-10T06:11:00,Bengaluru,5
Pothole #9442,Small crack,12.904019,77.73705,user442,2025-10-11T22:39:00,Bengaluru,2
Pothole #9443,Damaged patch,12.937447,77.626326,user443,2025-06-02T18:00:00,Bengaluru,4
Pothole #9444,Small crack,12.898036,77.504052,user444,2025-04-26T15:33:00,Bengaluru,3
Pothole #9445,Damaged patch,12.89928,77.506153,user445,2025-10-20T00:55:00,Bengaluru,3
Pothole #9446,Causes skidding,12.914687,77.727703,user446,2025-08-13T09:42:00,Bengaluru,1
Pothole #9447,Small crack,12.915553,77.629825,user447,2025-02-02T07:22:00,Bengaluru,3
Pothole #9448,Crater-like,12.923701,77.561476,user448,2025-03-17T12:23:00,Bengaluru,1
Pothole #9449,Needs repair,12.858614,77.668476,user449,2025-02-19T01:10:00,Bengaluru,3
Pothole #9450,Crater-like,12.906291,77.579578,user450,2025-08-22T12:58:00,Bengaluru,5
Pothole #9451,Small crack,12.948838,77.635057,user451,2025-04-06T04:22:00,Bengaluru,5
Pothole #9452,Causes skidding,12.890464,77.576199,user452,2025-10-20T02:43:00,Bengaluru,3
Pothole #9453,Needs repair,12.929558,77.594609,user453,2025-08-09T14:17:00,Bengaluru,5
Pothole #9454,Small crack,13.000956,77.748125,user454,2025-07-22T04:42:00,Bengaluru,5
Pothole #9455,Causes skidding,12.860786,77.650192,user455,2025-01-21T18:43:00,Bengaluru,1
Pothole #9456,Crater-like,13.01841,77.620868,user456,2025-01-13T05:35:00,Bengaluru,3
Pothole #9457,Needs repair,12.977164,77.723049,user457,2025-11-05T08:13:00,Bengaluru,1
Pothole #9458,Small crack,12.972126,77.743625,user458,2025-05-22T12:34:00,Bengaluru,4
Pothole #9459,Crater-like,12.936962,77.712521,user459,2025-06-17T23:52:00,Bengaluru,1
Pothole #9460,Crater-like,12.856773,77.573448,user460,2025-08-04T00:31:00,Bengaluru,1
Pothole #9461,Causes skidding,13.040821,77.61584,user461,2025-10-06T16:08:00,Bengaluru,5
Pothole #9462,Needs repair,13.027828,77.551445,user462,2025-10-21T09:38:00,Bengaluru,4
Pothole #9463,Deep hole,12.972785,77.743188,user463,2025-04-14T02:24:00,Bengaluru,2
Pothole #9464,Causes skidding,12.927496,77.574624,user464,2025-04-18T23:34:00,Bengaluru,3
Pothole #9465,Small crack,12.858935,77.67361,user465,2025-04-04T10:15:00,Bengaluru,3
Pothole #9466,Causes skidding,12.944068,77.626881,user466,2025-09-16T02:55:00,Bengaluru,5
Pothole #9467,Small crack,12.966596,77.692862,user467,2025-07-22T16:11:00,Bengaluru,5
Pothole #9468,Causes skidding,12.971173,77.739696,user468,2025-05-18T13:56:00,Bengaluru,2
Pothole #9469,Crater-like,12.868199,77.690569,user469,2025-08-02T08:08:00,Bengaluru,2
Pothole #9470,Needs repair,12.951253,77.505183,user470,2025-04-12T01:16:00,Bengaluru,1
Pothole #9471,Damaged patch,13.028821,77.668074,user471,2025-08-07T12:18:00,Bengaluru,1
Pothole #9472,Deep hole,12.887098,77.507851,user472,2025-07-19T23:02:00,Bengaluru,1
Pothole #9473,Needs repair,12.877733,77.687652,user473,2025-06-21T14:33:00,Bengaluru,2
Pothole #9474,Crater-like,12.952987,77.677182,user474,2025-11-14T06:33:00,Bengaluru,1
Pothole #9475,Crater-like,12.886019,77.509931,user475,2025-02-19T10:07:00,Bengaluru,4
Pothole #9476,Deep hole,12.918001,77.571472,user476,2025-07-19T18:43:00,Bengaluru,4
Pothole #9477,Needs repair,13.025287,77.558077,user477,2025-03-26T19:49:00,Bengaluru,3
Pothole #9478,Small crack,12.989949,77.645622,user478,2025-05-04T18:55:00,Bengaluru,1
Pothole #9479,Crater-like,12.873985,77.667074,user479,2025-07-11T03:21:00,Bengaluru,5
Pothole #9480,Damaged patch,12.902207,77.561075,user480,2025-04-25T17:26:00,Bengaluru,3
Pothole #9481,Small crack,12.990963,77.622597,user481,2025-03-23T08:13:00,Bengaluru,5
Pothole #9482,Small crack,12.992552,77.632717,user482,2025-06-09T14:48:00,Bengaluru,3
Pothole #9483,Causes skidding,12.900255,77.550599,user483,2025-02-05T10:57:00,Bengaluru,5
Pothole #9484,Deep hole,12.98838,77.634544,user484,2025-04-10T10:34:00,Bengaluru,1
Pothole #9485,Small crack,12.954356,77.585679,user485,2025-01-04T14:11:00,Bengaluru,2
Pothole #9486,Deep hole,12.919168,77.505754,user486,2025-10-01T03:57:00,Bengaluru,5
Pothole #9487,Needs repair,12.864067,77.545821,user487,2025-01-25T11:20:00,Bengaluru,2
Pothole #9488,Needs repair,13.025187,77.503959,user488,2025-11-06T05:08:00,Bengaluru,5
Pothole #9489,Deep hole,12.870435,77.541332,user489,2025-07-19T23:55:00,Bengaluru,1
Pothole #9490,Causes skidding,12.921091,77.517487,user490,2025-08-28T06:04:00,Bengaluru,3
Pothole #9491,Deep hole,12.991166,77.652733,user491,2025-10-17T09:56:00,Bengaluru,4
Pothole #9492,Small crack,12.861873,77.711555,user492,2025-08-19T22:06:00,Bengaluru,4
Pothole #9493,Needs repair,12.999562,77.730051,user493,2025-08-01T03:03:00,Bengaluru,2
Pothole #9494,Causes skidding,12.931891,77.723623,user494,2025-03-02T00:23:00,Bengaluru,3
Pothole #9495,Needs repair,12.864861,77.639322,user495,2025-11-28T06:12:00,Bengaluru,3
Pothole #9496,Causes skidding,13.041134,77.653098,user496,2025-08-17T15:53:00,Bengaluru,1
Pothole #9497,Damaged patch,12.931719,77.502418,user497,2025-05-09T19:39:00,Bengaluru,4
Pothole #9498,Crater-like,12.939873,77.748136,user498,2025-02-20T16:44:00,Bengaluru,3
Pothole #9499,Small crack,13.023209,77.52673,user499,2025-04-05T19:41:00,Bengaluru,4
Pothole #9500,Crater-like,12.895582,77.674388,user0,2025-08-17T02:09:00,Bengaluru,2
Pothole #9501,Small crack,12.973094,77.554087,user1,2025-02-18T07:37:00,Bengaluru,5
Pothole #9502,Damaged patch,13.028587,77.524022,user2,2025-06-22T06:27:00,Bengaluru,3
Pothole #9503,Small crack,12.952771,77.643781,user3,2025-07-25T01:15:00,Bengaluru,2
Pothole #9504,Needs repair,12.98551,77.663747,user4,2025-02-05T00:50:00,Bengaluru,2
Pothole #9505,Causes skidding,12.859004,77.505192,user5,2025-05-10T00:36:00,Bengaluru,2
Pothole #9506,Damaged patch,13.023939,77.744771,user6,2025-09-04T12:55:00,Bengaluru,1
Pothole #9507,Causes skidding,12.903394,77.736114,user7,2025-01-09T02:48:00,Bengaluru,1
Pothole #9508,Deep hole,12.951378,77.504553,user8,2025-03-19T06:58:00,Bengaluru,4
Pothole #9509,Needs repair,12.917901,77.658612,user9,2025-01-25T19:16:00,Bengaluru,4
Pothole #9510,Crater-like,12.957996,77.58314,user10,2025-08-09T11:44:00,Bengaluru,1
Pothole #9511,Small crack,13.020698,77.667427,user11,2025-02-22T04:22:00,Bengaluru,5
Pothole #9512,Causes skidding,12.887405,77.635267,user12,2025-01-24T06:17:00,Bengaluru,2
Pothole #9513,Deep hole,12.864751,77.553362,user13,2025-05-19T03:51:00,Bengaluru,4
Pothole #9514,Small crack,12.993092,77.643949,user14,2025-05-04T09:55:00,Bengaluru,3
Pothole #9515,Crater-like,12.960917,77.534345,user15,2025-10-12T05:45:00,Bengaluru,1
Pothole #9516,Deep hole,13.028698,77.54097,user16,2025-10-05T18:40:00,Bengaluru,2
Pothole #9517,Damaged patch,12.951371,77.710725,user17,2025-03-19T13:57:00,Bengaluru,1
Pothole #9518,Damaged patch,13.047747,77.50404,user18,2025-05-04T06:42:00,Bengaluru,4
Pothole #9519,Causes skidding,12.887043,77.71747,user19,2025-02-13T05:16:00,Bengaluru,2
Pothole #9520,Damaged patch,13.013954,77.716276,user20,2025-03-12T19:35:00,Bengaluru,3
Pothole #9521,Crater-like,12.925099,77.731363,user21,2025-02-02T05:03:00,Bengaluru,2
Pothole #9522,Deep hole,13.043876,77.617129,user22,2025-03-03T19:42:00,Bengaluru,2
Pothole #9523,Deep hole,12.975184,77.613761,user23,2025-03-16T12:05:00,Bengaluru,4
Pothole #9524,Causes skidding,13.023037,77.564739,user24,2025-04-07T01:28:00,Bengaluru,3
Pothole #9525,Needs repair,12.993443,77.660086,user25,2025-01-10T13:32:00,Bengaluru,4
Pothole #9526,Small crack,12.901414,77.685417,user26,2025-03-20T15:57:00,Bengaluru,2
Pothole #9527,Small crack,12.910672,77.597128,user27,2025-10-28T07:24:00,Bengaluru,5
Pothole #9528,Small crack,12.932711,77.649118,user28,2025-09-18T11:45:00,Bengaluru,2
Pothole #9529,Needs repair,13.004425,77.551895,user29,2025-01-18T08:02:00,Bengaluru,4
Pothole #9530,Small crack,13.045556,77.505948,user30,2025-09-01T05:42:00,Bengaluru,4
Pothole #9531,Crater-like,12.975053,77.582171,user31,2025-04-20T17:30:00,Bengaluru,2
Pothole #9532,Small crack,13.008204,77.501684,user32,2025-01-11T00:39:00,Bengaluru,4
Pothole #9533,Deep hole,12.896729,77.568824,user33,2025-01-20T23:23:00,Bengaluru,1
Pothole #9534,Damaged patch,12.972719,77.732428,user34,2025-09-26T03:33:00,Bengaluru,5
Pothole #9535,Needs repair,12.931118,77.714022,user35,2025-03-22T01:55:00,Bengaluru,3
Pothole #9536,Small crack,12.879184,77.736337,user36,2025-07-05T07:42:00,Bengaluru,5
Pothole #9537,Deep hole,12.921009,77.685791,user37,2025-01-27T15:50:00,Bengaluru,3
Pothole #9538,Deep hole,12.942991,77.591402,user38,2025-06-15T12:56:00,Bengaluru,1
Pothole #9539,Small crack,12.900511,77.714269,user39,2025-03-13T04:38:00,Bengaluru,4
Pothole #9540,Needs repair,13.035154,77.662979,user40,2025-07-24T23:05:00,Bengaluru,2
Pothole #9541,Causes skidding,13.023501,77.687377,user41,2025-09-07T22:44:00,Bengaluru,4
Pothole #9542,Crater-like,13.046299,77.704465,user42,2025-02-01T20:12:00,Bengaluru,2
Pothole #9543,Damaged patch,13.016185,77.663777,user43,2025-04-14T06:17:00,Bengaluru,3
Pothole #9544,Causes skidding,13.027265,77.512049,user44,2025-08-08T01:55:00,Bengaluru,4
Pothole #9545,Causes skidding,12.886533,77.517902,user45,2025-01-08T06:34:00,Bengaluru,2
Pothole #9546,Damaged patch,12.966929,77.631395,user46,2025-07-18T04:40:00,Bengaluru,3
Pothole #9547,Needs repair,12.970554,77.505054,user47,2025-03-07T22:16:00,Bengaluru,3
Pothole #9548,Needs repair,13.031819,77.71037,user48,2025-10-15T04:34:00,Bengaluru,4
Pothole #9549,Deep hole,12.959449,77.738106,user49,2025-06-18T01:01:00,Bengaluru,3
Pothole #9550,Causes skidding,12.850412,77.590213,user50,2025-01-18T23:35:00,Bengaluru,1
Pothole #9551,Needs repair,12.877037,77.51647,user51,2025-08-28T17:08:00,Bengaluru,5
Pothole #9552,Small crack,12.864022,77.719435,user52,2025-03-08T15:04:00,Bengaluru,5
Pothole #9553,Deep hole,12.869486,77.670601,user53,2025-09-21T04:00:00,Bengaluru,2
Pothole #9554,Damaged patch,12.858883,77.688943,user54,2025-09-01T13:59:00,Bengaluru,1
Pothole #9555,Causes skidding,12.960274,77.661341,user55,2025-01-03T04:24:00,Bengaluru,4
Pothole #9556,Damaged patch,12.878156,77.675117,user56,2025-11-01T12:34:00,Bengaluru,2
Pothole #9557,Damaged patch,12.994307,77.624957,user57,2025-04-05T10:46:00,Bengaluru,4
Pothole #9558,Causes skidding,12.964076,77.514266,user58,2025-01-03T06:17:00,Bengaluru,4
Pothole #9559,Damaged patch,13.029391,77.572438,user59,2025-09-11T15:53:00,Bengaluru,5
Pothole #9560,Damaged patch,12.873837,77.584068,user60,2025-11-18T16:15:00,Bengaluru,1
Pothole #9561,Crater-like,13.024881,77.577526,user61,2025-05-15T18:07:00,Bengaluru,4
Pothole #9562,Damaged patch,13.005696,77.674145,user62,2025-06-14T14:50:00,Bengaluru,2
Pothole #9563,Deep hole,12.995423,77.644751,user63,2025-08-26T03:04:00,Bengaluru,4
Pothole #9564,Damaged patch,12.867147,77.735555,user64,2025-10-06T02:19:00,Bengaluru,4
Pothole #9565,Causes skidding,12.910206,77.686129,user65,2025-11-26T10:37:00,Bengaluru,5
Pothole #9566,Needs repair,12.979067,77.73796,user66,2025-03-03T18:54:00,Bengaluru,3
Pothole #9567,Needs repair,12.977497,77.579886,user67,2025-09-23T15:31:00,Bengaluru,1
Pothole #9568,Crater-like,12.972897,77.642141,user68,2025-04-21T18:46:00,Bengaluru,4
Pothole #9569,Small crack,12.977228,77.615329,user69,2025-06-09T14:38:00,Bengaluru,1
Pothole #9570,Crater-like,13.04736,77.690951,user70,2025-08-17T10:19:00,Bengaluru,1
Pothole #9571,Crater-like,13.038465,77.598854,user71,2025-11-20T14:54:00,Bengaluru,2
Pothole #9572,Causes skidding,12.862723,77.626881,user72,2025-10-14T03:35:00,Bengaluru,1
Pothole #9573,Deep hole,12.907513,77.588378,user73,2025-06-21T13:56:00,Bengaluru,5
Pothole #9574,Crater-like,12.857625,77.706841,user74,2025-10-28T01:11:00,Bengaluru,1
Pothole #9575,Crater-like,12.887959,77.674522,user75,2025-03-22T10:43:00,Bengaluru,1
Pothole #9576,Deep hole,13.032959,77.56487,user76,2025-07-11T19:54:00,Bengaluru,2
Pothole #9577,Damaged patch,12.890318,77.5459,user77,2025-11-17T00:35:00,Bengaluru,4
Pothole #9578,Causes skidding,12.900562,77.509543,user78,2025-08-16T21:46:00,Bengaluru,4
Pothole #9579,Crater-like,12.929107,77.507318,user79,2025-02-17T04:39:00,Bengaluru,3
Pothole #9580,Deep hole,12.924095,77.652047,user80,2025-09-08T14:36:00,Bengaluru,2
Pothole #9581,Small crack,12.856295,77.577813,user81,2025-11-03T08:23:00,Bengaluru,2
Pothole #9582,Deep hole,12.874148,77.615951,user82,2025-07-26T17:32:00,Bengaluru,5
Pothole #9583,Damaged patch,13.020429,77.748212,user83,2025-03-17T02:10:00,Bengaluru,5
Pothole #9584,Deep hole,12.958725,77.586435,user84,2025-09-15T22:13:00,Bengaluru,5
Pothole #9585,Causes skidding,13.015583,77.631287,user85,2025-10-06T13:16:00,Bengaluru,3
Pothole #9586,Small crack,12.912941,77.520269,user86,2025-10-28T03:30:00,Bengaluru,1
Pothole #9587,Damaged patch,12.860769,77.502545,user87,2025-05-05T21:43:00,Bengaluru,2
Pothole #9588,Damaged patch,12.944629,77.51669,user88,2025-03-14T05:42:00,Bengaluru,3
Pothole #9589,Causes skidding,12.911443,77.609165,user89,2025-11-26T03:12:00,Bengaluru,4
Pothole #9590,Needs repair,12.980914,77.625528,user90,2025-03-18T12:38:00,Bengaluru,3
Pothole #9591,Crater-like,12.953795,77.628311,user91,2025-05-07T11:40:00,Bengaluru,3
Pothole #9592,Damaged patch,12.917047,77.709022,user92,2025-07-27T18:31:00,Bengaluru,5
Pothole #9593,Crater-like,12.855795,77.607178,user93,2025-09-17T20:51:00,Bengaluru,1
Pothole #9594,Crater-like,12.890228,77.686322,user94,2025-06-11T18:35:00,Bengaluru,2
Pothole #9595,Needs repair,12.903854,77.54335,user95,2025-02-10T07:51:00,Bengaluru,4
Pothole #9596,Small crack,13.021854,77.731795,user96,2025-10-22T11:28:00,Bengaluru,3
Pothole #9597,Needs repair,12.988051,77.70912,user97,2025-10-05T15:11:00,Bengaluru,3
Pothole #9598,Crater-like,13.033848,77.655629,user98,2025-09-20T22:44:00,Bengaluru,2
Pothole #9599,Causes skidding,13.035578,77.704473,user99,2025-08-02T15:06:00,Bengaluru,3
Pothole #9600,Damaged patch,12.918654,77.692203,user100,2025-01-04T12:49:00,Bengaluru,1
Pothole #9601,Crater-like,12.895479,77.627349,user101,2025-11-07T14:59:00,Bengaluru,1
Pothole #9602,Needs repair,12.975879,77.620862,user102,2025-03-16T23:13:00,Bengaluru,4
Pothole #9603,Causes skidding,12.993242,77.642098,user103,2025-06-04T05:37:00,Bengaluru,4
Pothole #9604,Small crack,12.962282,77.716292,user104,2025-09-12T15:32:00,Bengaluru,2
Pothole #9605,Crater-like,12.862719,77.653835,user105,2025-08-18T23:11:00,Bengaluru,2
Pothole #9606,Small crack,12.910617,77.634628,user106,2025-02-20T04:26:00,Bengaluru,2
Pothole #9607,Deep hole,12.949966,77.716333,user107,2025-09-21T15:11:00,Bengaluru,3
Pothole #9608,Small crack,12.956372,77.588277,user108,2025-03-09T01:48:00,Bengaluru,1
Pothole #9609,Causes skidding,12.872191,77.656625,user109,2025-04-27T07:26:00,Bengaluru,5
Pothole #9610,Small crack,13.020263,77.673586,user110,2025-02-28T18:25:00,Bengaluru,2
Pothole #9611,Causes skidding,12.958307,77.60405,user111,2025-05-01T02:46:00,Bengaluru,5
Pothole #9612,Needs repair,12.914162,77.513366,user112,2025-09-21T17:41:00,Bengaluru,1
Pothole #9613,Small crack,12.934356,77.734213,user113,2025-07-12T08:18:00,Bengaluru,1
Pothole #9614,Causes skidding,12.910434,77.563199,user114,2025-11-25T07:58:00,Bengaluru,5
Pothole #9615,Small crack,12.974629,77.61966,user115,2025-01-08T02:43:00,Bengaluru,3
Pothole #9616,Deep hole,12.894169,77.590642,user116,2025-02-23T21:31:00,Bengaluru,3
Pothole #9617,Needs repair,12.896974,77.596743,user117,2025-10-21T19:32:00,Bengaluru,2
Pothole #9618,Causes skidding,13.007564,77.543735,user118,2025-06-09T18:02:00,Bengaluru,1
Pothole #9619,Small crack,12.896652,77.56716,user119,2025-06-15T04:49:00,Bengaluru,2
Pothole #9620,Damaged patch,12.950965,77.710655,user120,2025-06-17T09:49:00,Bengaluru,3
Pothole #9621,Deep hole,12.88152,77.746491,user121,2025-08-25T19:05:00,Bengaluru,3
Pothole #9622,Causes skidding,12.926946,77.628083,user122,2025-06-23T11:00:00,Bengaluru,3
Pothole #9623,Deep hole,12.950428,77.574298,user123,2025-10-04T07:36:00,Bengaluru,2
Pothole #9624,Needs repair,13.006914,77.729042,user124,2025-05-10T07:17:00,Bengaluru,5
Pothole #9625,Damaged patch,12.873258,77.532251,user125,2025-06-11T11:56:00,Bengaluru,2
Pothole #9626,Damaged patch,12.923104,77.502598,user126,2025-05-19T01:01:00,Bengaluru,1
Pothole #9627,Needs repair,12.876412,77.574519,user127,2025-05-22T03:31:00,Bengaluru,3
Pothole #9628,Damaged patch,12.951219,77.659536,user128,2025-01-09T09:33:00,Bengaluru,1
Pothole #9629,Crater-like,13.013499,77.553139,user129,2025-03-04T07:28:00,Bengaluru,5
Pothole #9630,Causes skidding,13.005442,77.679361,user130,2025-08-02T06:52:00,Bengaluru,3
Pothole #9631,Causes skidding,13.003435,77.648197,user131,2025-03-24T19:32:00,Bengaluru,5
Pothole #9632,Crater-like,12.882169,77.659635,user132,2025-05-14T17:10:00,Bengaluru,5
Pothole #9633,Crater-like,12.941108,77.611263,user133,2025-08-08T12:11:00,Bengaluru,4
Pothole #9634,Crater-like,12.94426,77.534731,user134,2025-04-22T03:03:00,Bengaluru,2
Pothole #9635,Deep hole,12.960086,77.65558,user135,2025-03-12T16:53:00,Bengaluru,4
Pothole #9636,Causes skidding,12.863942,77.730663,user136,2025-03-26T05:43:00,Bengaluru,4
Pothole #9637,Small crack,12.877043,77.725363,user137,2025-01-23T15:11:00,Bengaluru,3
Pothole #9638,Damaged patch,12.930656,77.535863,user138,2025-11-27T18:19:00,Bengaluru,2
Pothole #9639,Crater-like,12.874993,77.550358,user139,2025-09-01T02:29:00,Bengaluru,4
Pothole #9640,Crater-like,12.968408,77.726178,user140,2025-09-15T00:56:00,Bengaluru,1
Pothole #9641,Crater-like,12.870824,77.744104,user141,2025-08-21T13:00:00,Bengaluru,1
Pothole #9642,Deep hole,12.967324,77.563053,user142,2025-04-05T07:58:00,Bengaluru,5
Pothole #9643,Small crack,13.037038,77.666202,user143,2025-07-12T18:13:00,Bengaluru,1
Pothole #9644,Small crack,12.89335,77.693197,user144,2025-09-18T15:03:00,Bengaluru,3
Pothole #9645,Causes skidding,12.968431,77.64167,user145,2025-04-25T16:43:00,Bengaluru,3
Pothole #9646,Crater-like,12.979055,77.513301,user146,2025-03-08T08:58:00,Bengaluru,1
Pothole #9647,Crater-like,12.888014,77.544498,user147,2025-06-20T13:37:00,Bengaluru,5
Pothole #9648,Needs repair,12.930353,77.724731,user148,2025-01-11T11:42:00,Bengaluru,1
Pothole #9649,Causes skidding,12.959684,77.675284,user149,2025-05-27T08:01:00,Bengaluru,3
Pothole #9650,Small crack,13.024568,77.593037,user150,2025-01-25T16:24:00,Bengaluru,4
Pothole #9651,Deep hole,13.020805,77.667184,user151,2025-10-23T20:55:00,Bengaluru,2
Pothole #9652,Needs repair,12.978947,77.601512,user152,2025-10-20T11:31:00,Bengaluru,2
Pothole #9653,Crater-like,12.878669,77.601654,user153,2025-08-19T16:47:00,Bengaluru,2
Pothole #9654,Deep hole,13.011732,77.527141,user154,2025-05-17T03:48:00,Bengaluru,2
Pothole #9655,Crater-like,12.88191,77.607769,user155,2025-08-15T10:19:00,Bengaluru,1
Pothole #9656,Needs repair,12.885904,77.593117,user156,2025-09-10T15:50:00,Bengaluru,3
Pothole #9657,Small crack,12.926438,77.619978,user157,2025-01-04T00:49:00,Bengaluru,4
Pothole #9658,Crater-like,12.971832,77.685965,user158,2025-11-26T07:24:00,Bengaluru,1
Pothole #9659,Crater-like,12.873602,77.729812,user159,2025-03-02T16:20:00,Bengaluru,3
Pothole #9660,Damaged patch,12.940472,77.723112,user160,2025-05-21T08:36:00,Bengaluru,4
Pothole #9661,Deep hole,13.020642,77.659868,user161,2025-03-21T00:22:00,Bengaluru,2
Pothole #9662,Causes skidding,12.985411,77.706664,user162,2025-04-06T12:43:00,Bengaluru,4
Pothole #9663,Crater-like,12.943252,77.661757,user163,2025-07-03T02:29:00,Bengaluru,1
Pothole #9664,Deep hole,13.018696,77.53162,user164,2025-04-13T19:31:00,Bengaluru,1
Pothole #9665,Deep hole,12.996287,77.647148,user165,2025-05-25T11:50:00,Bengaluru,5
Pothole #9666,Crater-like,13.041502,77.705485,user166,2025-07-22T05:04:00,Bengaluru,4
Pothole #9667,Deep hole,12.926236,77.642184,user167,2025-03-03T01:44:00,Bengaluru,5
Pothole #9668,Needs repair,12.904677,77.596079,user168,2025-02-19T03:53:00,Bengaluru,3
Pothole #9669,Damaged patch,12.906556,77.643155,user169,2025-10-25T02:41:00,Bengaluru,5
Pothole #9670,Damaged patch,12.995505,77.698373,user170,2025-11-01T08:15:00,Bengaluru,4
Pothole #9671,Damaged patch,12.925879,77.538736,user171,2025-02-27T05:48:00,Bengaluru,4
Pothole #9672,Deep hole,12.912183,77.728467,user172,2025-10-10T09:49:00,Bengaluru,4
Pothole #9673,Crater-like,12.958939,77.503934,user173,2025-08-25T04:02:00,Bengaluru,1
Pothole #9674,Causes skidding,13.008559,77.684465,user174,2025-02-05T23:18:00,Bengaluru,1
Pothole #9675,Causes skidding,13.011281,77.742247,user175,2025-03-11T21:00:00,Bengaluru,1
Pothole #9676,Deep hole,13.008948,77.65288,user176,2025-07-20T19:05:00,Bengaluru,1
Pothole #9677,Small crack,12.956573,77.606816,user177,2025-07-10T02:14:00,Bengaluru,2
Pothole #9678,Needs repair,13.039409,77.738224,user178,2025-01-06T22:05:00,Bengaluru,4
Pothole #9679,Small crack,12.964534,77.509532,user179,2025-08-04T12:02:00,Bengaluru,2
Pothole #9680,Small crack,12.875901,77.570971,user180,2025-09-14T04:02:00,Bengaluru,2
Pothole #9681,Causes skidding,12.881617,77.690859,user181,2025-05-20T04:27:00,Bengaluru,2
Pothole #9682,Damaged patch,13.042098,77.70531,user182,2025-08-07T06:41:00,Bengaluru,5
Pothole #9683,Deep hole,13.00982,77.700508,user183,2025-11-12T00:47:00,Bengaluru,1
Pothole #9684,Crater-like,12.859929,77.592021,user184,2025-11-23T23:37:00,Bengaluru,5
Pothole #9685,Deep hole,13.015453,77.544797,user185,2025-10-23T05:58:00,Bengaluru,4
Pothole #9686,Damaged patch,12.868406,77.6512,user186,2025-04-20T19:21:00,Bengaluru,2
Pothole #9687,Deep hole,12.979955,77.732808,user187,2025-09-26T08:14:00,Bengaluru,4
Pothole #9688,Causes skidding,12.935278,77.513349,user188,2025-05-23T00:10:00,Bengaluru,5
Pothole #9689,Damaged patch,12.950128,77.743214,user189,2025-01-01T08:40:00,Bengaluru,5
Pothole #9690,Small crack,12.933981,77.666835,user190,2025-05-18T10:34:00,Bengaluru,3
Pothole #9691,Small crack,12.890504,77.663439,user191,2025-08-28T18:32:00,Bengaluru,1
Pothole #9692,Small crack,13.015524,77.594834,user192,2025-07-19T12:52:00,Bengaluru,2
Pothole #9693,Causes skidding,12.876978,77.593363,user193,2025-03-25T01:10:00,Bengaluru,1
Pothole #9694,Deep hole,12.903011,77.518556,user194,2025-06-28T18:44:00,Bengaluru,2
Pothole #9695,Deep hole,13.028858,77.742184,user195,2025-11-06T05:40:00,Bengaluru,1
Pothole #9696,Needs repair,12.971911,77.667232,user196,2025-11-22T23:24:00,Bengaluru,2
Pothole #9697,Crater-like,12.953327,77.731954,user197,2025-02-20T03:15:00,Bengaluru,4
Pothole #9698,Causes skidding,12.881497,77.500032,user198,2025-05-26T11:39:00,Bengaluru,3
Pothole #9699,Causes skidding,12.976684,77.666316,user199,2025-04-13T04:12:00,Bengaluru,5
Pothole #9700,Deep hole,12.867721,77.570113,user200,2025-02-18T13:04:00,Bengaluru,2
Pothole #9701,Deep hole,12.920933,77.559609,user201,2025-04-15T02:55:00,Bengaluru,5
Pothole #9702,Needs repair,13.01462,77.514848,user202,2025-09-07T00:00:00,Bengaluru,3
Pothole #9703,Crater-like,12.974842,77.673286,user203,2025-11-10T10:25:00,Bengaluru,5
Pothole #9704,Causes skidding,13.037448,77.653942,user204,2025-05-24T12:25:00,Bengaluru,1
Pothole #9705,Small crack,13.014494,77.548653,user205,2025-06-23T10:28:00,Bengaluru,2
Pothole #9706,Crater-like,12.949766,77.505058,user206,2025-08-13T12:46:00,Bengaluru,3
Pothole #9707,Causes skidding,13.035289,77.717487,user207,2025-02-14T18:46:00,Bengaluru,3
Pothole #9708,Crater-like,13.046721,77.657513,user208,2025-11-08T14:51:00,Bengaluru,1
Pothole #9709,Needs repair,13.038692,77.580081,user209,2025-07-20T12:27:00,Bengaluru,4
Pothole #9710,Needs repair,12.863614,77.681785,user210,2025-10-02T00:14:00,Bengaluru,3
Pothole #9711,Causes skidding,12.905229,77.570987,user211,2025-01-16T04:58:00,Bengaluru,3
Pothole #9712,Crater-like,12.923423,77.594485,user212,2025-06-03T08:05:00,Bengaluru,3
Pothole #9713,Deep hole,13.020618,77.725756,user213,2025-09-11T08:33:00,Bengaluru,1
Pothole #9714,Causes skidding,12.897656,77.663637,user214,2025-05-06T01:00:00,Bengaluru,2
Pothole #9715,Crater-like,13.042071,77.54646,user215,2025-07-10T19:42:00,Bengaluru,2
Pothole #9716,Needs repair,12.936984,77.520836,user216,2025-02-17T01:41:00,Bengaluru,4
Pothole #9717,Deep hole,12.884131,77.539242,user217,2025-06-02T01:34:00,Bengaluru,1
Pothole #9718,Needs repair,12.865608,77.545927,user218,2025-02-05T11:35:00,Bengaluru,5
Pothole #9719,Needs repair,13.001741,77.58685,user219,2025-08-11T06:09:00,Bengaluru,5
Pothole #9720,Deep hole,12.956057,77.609136,user220,2025-04-28T18:49:00,Bengaluru,3
Pothole #9721,Deep hole,12.913634,77.68329,user221,2025-09-15T20:52:00,Bengaluru,4
Pothole #9722,Deep hole,12.989759,77.59046,user222,2025-01-26T16:57:00,Bengaluru,3
Pothole #9723,Small crack,12.960987,77.648891,user223,2025-10-27T16:58:00,Bengaluru,1
Pothole #9724,Crater-like,12.923464,77.561958,user224,2025-11-22T10:28:00,Bengaluru,1
Pothole #9725,Crater-like,12.946171,77.539677,user225,2025-01-03T22:00:00,Bengaluru,1
Pothole #9726,Deep hole,12.980388,77.632528,user226,2025-03-14T08:11:00,Bengaluru,5
Pothole #9727,Damaged patch,13.004218,77.530605,user227,2025-09-03T17:29:00,Bengaluru,5
Pothole #9728,Small crack,12.955359,77.634175,user228,2025-10-23T10:53:00,Bengaluru,4
Pothole #9729,Crater-like,12.903265,77.675945,user229,2025-02-02T18:41:00,Bengaluru,1
Pothole #9730,Needs repair,12.954663,77.574941,user230,2025-01-01T16:13:00,Bengaluru,2
Pothole #9731,Damaged patch,12.988725,77.700947,user231,2025-03-24T21:05:00,Bengaluru,2
Pothole #9732,Needs repair,13.033876,77.638588,user232,2025-06-01T01:10:00,Bengaluru,3
Pothole #9733,Crater-like,12.859543,77.510704,user233,2025-07-04T19:19:00,Bengaluru,2
Pothole #9734,Crater-like,12.966155,77.682117,user234,2025-07-10T18:04:00,Bengaluru,1
Pothole #9735,Small crack,12.947863,77.595461,user235,2025-10-02T13:14:00,Bengaluru,1
Pothole #9736,Small crack,12.9333,77.616423,user236,2025-04-19T05:57:00,Bengaluru,3
Pothole #9737,Causes skidding,12.950803,77.527167,user237,2025-06-01T02:20:00,Bengaluru,2
Pothole #9738,Deep hole,13.012361,77.679292,user238,2025-10-22T23:37:00,Bengaluru,2
Pothole #9739,Causes skidding,12.952439,77.566395,user239,2025-07-23T21:23:00,Bengaluru,5
Pothole #9740,Needs repair,12.88365,77.614079,user240,2025-10-09T12:32:00,Bengaluru,4
Pothole #9741,Needs repair,12.9857,77.665541,user241,2025-03-28T13:16:00,Bengaluru,4
Pothole #9742,Deep hole,12.982611,77.644777,user242,2025-01-17T03:46:00,Bengaluru,1
Pothole #9743,Needs repair,12.946399,77.504955,user243,2025-10-10T17:49:00,Bengaluru,5
Pothole #9744,Crater-like,12.990348,77.567465,user244,2025-10-10T10:37:00,Bengaluru,4
Pothole #9745,Causes skidding,12.907859,77.739893,user245,2025-04-11T11:29:00,Bengaluru,1
Pothole #9746,Needs repair,13.047304,77.729768,user246,2025-03-27T15:45:00,Bengaluru,4
Pothole #9747,Crater-like,12.892358,77.657933,user247,2025-10-23T09:14:00,Bengaluru,1
Pothole #9748,Small crack,12.899753,77.667112,user248,2025-08-09T05:09:00,Bengaluru,3
Pothole #9749,Crater-like,12.975815,77.56408,user249,2025-09-08T00:57:00,Bengaluru,5
Pothole #9750,Crater-like,12.962368,77.622317,user250,2025-10-25T23:30:00,Bengaluru,5
Pothole #9751,Causes skidding,12.889496,77.609021,user251,2025-04-22T14:47:00,Bengaluru,1
Pothole #9752,Small crack,12.993314,77.711633,user252,2025-07-13T02:13:00,Bengaluru,1
Pothole #9753,Deep hole,12.857764,77.535065,user253,2025-02-17T18:28:00,Bengaluru,5
Pothole #9754,Needs repair,12.924101,77.507926,user254,2025-01-26T08:20:00,Bengaluru,3
Pothole #9755,Crater-like,12.996699,77.661711,user255,2025-11-25T09:07:00,Bengaluru,1
Pothole #9756,Damaged patch,12.865314,77.738444,user256,2025-09-13T21:31:00,Bengaluru,5
Pothole #9757,Causes skidding,12.927078,77.705617,user257,2025-10-16T10:29:00,Bengaluru,5
Pothole #9758,Needs repair,13.020235,77.68441,user258,2025-03-13T17:01:00,Bengaluru,5
Pothole #9759,Deep hole,12.850351,77.501921,user259,2025-02-05T10:14:00,Bengaluru,1
Pothole #9760,Causes skidding,12.92748,77.551455,user260,2025-10-01T00:39:00,Bengaluru,5
Pothole #9761,Damaged patch,12.913705,77.701822,user261,2025-04-20T16:46:00,Bengaluru,1
Pothole #9762,Small crack,13.002665,77.706451,user262,2025-02-11T16:53:00,Bengaluru,4
Pothole #9763,Small crack,12.913941,77.555867,user263,2025-07-16T09:17:00,Bengaluru,2
Pothole #9764,Small crack,12.969633,77.721638,user264,2025-11-22T05:34:00,Bengaluru,5
Pothole #9765,Damaged patch,12.924794,77.654628,user265,2025-06-18T00:40:00,Bengaluru,4
Pothole #9766,Deep hole,13.00574,77.727789,user266,2025-01-23T10:40:00,Bengaluru,4
Pothole #9767,Needs repair,12.914747,77.59131,user267,2025-06-17T16:38:00,Bengaluru,5
Pothole #9768,Deep hole,12.889366,77.540597,user268,2025-10-16T03:18:00,Bengaluru,2
Pothole #9769,Crater-like,13.007564,77.556738,user269,2025-06-28T06:55:00,Bengaluru,5
Pothole #9770,Deep hole,12.866809,77.639668,user270,2025-10-15T18:41:00,Bengaluru,4
Pothole #9771,Causes skidding,12.923146,77.665553,user271,2025-01-10T19:30:00,Bengaluru,2
Pothole #9772,Crater-like,12.970043,77.533439,user272,2025-09-18T03:37:00,Bengaluru,1
Pothole #9773,Needs repair,12.895969,77.647315,user273,2025-07-17T08:40:00,Bengaluru,2
Pothole #9774,Small crack,12.930024,77.705568,user274,2025-01-02T21:15:00,Bengaluru,5
Pothole #9775,Crater-like,12.901622,77.520377,user275,2025-10-09T18:20:00,Bengaluru,2
Pothole #9776,Needs repair,12.997652,77.708281,user276,2025-01-17T02:56:00,Bengaluru,1
Pothole #9777,Needs repair,12.981389,77.544735,user277,2025-10-18T12:00:00,Bengaluru,2
Pothole #9778,Crater-like,12.867623,77.589678,user278,2025-09-01T12:50:00,Bengaluru,1
Pothole #9779,Damaged patch,12.910607,77.651081,user279,2025-09-22T00:11:00,Bengaluru,2
Pothole #9780,Deep hole,13.010964,77.514963,user280,2025-02-12T04:52:00,Bengaluru,3
Pothole #9781,Crater-like,12.991777,77.637393,user281,2025-08-11T21:43:00,Bengaluru,5
Pothole #9782,Causes skidding,12.968216,77.585146,user282,2025-02-28T03:59:00,Bengaluru,4
Pothole #9783,Deep hole,12.884208,77.587166,user283,2025-10-09T01:44:00,Bengaluru,4
Pothole #9784,Small crack,13.013388,77.510029,user284,2025-01-23T03:46:00,Bengaluru,3
Pothole #9785,Needs repair,12.954832,77.563362,user285,2025-05-03T07:59:00,Bengaluru,3
Pothole #9786,Causes skidding,13.040799,77.627587,user286,2025-09-15T02:04:00,Bengaluru,1
Pothole #9787,Needs repair,12.939595,77.520315,user287,2025-01-17T09:22:00,Bengaluru,1
Pothole #9788,Causes skidding,12.882077,77.552226,user288,2025-07-15T09:27:00,Bengaluru,2
Pothole #9789,Needs repair,13.0152,77.64011,user289,2025-06-26T04:18:00,Bengaluru,4
Pothole #9790,Deep hole,12.913392,77.725385,user290,2025-09-27T06:15:00,Bengaluru,5
Pothole #9791,Needs repair,12.913709,77.523416,user291,2025-01-23T10:42:00,Bengaluru,4
Pothole #9792,Small crack,13.031686,77.615192,user292,2025-05-13T06:57:00,Bengaluru,4
Pothole #9793,Crater-like,12.992978,77.53977,user293,2025-09-15T09:05:00,Bengaluru,5
Pothole #9794,Causes skidding,12.925131,77.681202,user294,2025-06-06T07:44:00,Bengaluru,5
Pothole #9795,Deep hole,12.990758,77.595823,user295,2025-10-05T23:56:00,Bengaluru,1
Pothole #9796,Causes skidding,12.949104,77.531252,user296,2025-07-10T10:51:00,Bengaluru,3
Pothole #9797,Damaged patch,12.944088,77.6453,user297,2025-03-05T14:53:00,Bengaluru,3
Pothole #9798,Needs repair,12.949806,77.582132,user298,2025-06-14T12:42:00,Bengaluru,2
Pothole #9799,Damaged patch,12.994481,77.698162,user299,2025-02-14T22:56:00,Bengaluru,2
Pothole #9800,Damaged patch,12.932196,77.635149,user300,2025-09-12T23:34:00,Bengaluru,5
Pothole #9801,Needs repair,13.040231,77.744313,user301,2025-10-09T22:39:00,Bengaluru,3
Pothole #9802,Crater-like,13.022995,77.509768,user302,2025-01-06T22:20:00,Bengaluru,3
Pothole #9803,Crater-like,12.916655,77.620175,user303,2025-05-17T12:06:00,Bengaluru,5
Pothole #9804,Causes skidding,13.024114,77.599561,user304,2025-07-13T17:39:00,Bengaluru,5
Pothole #9805,Crater-like,12.970427,77.516257,user305,2025-03-12T04:35:00,Bengaluru,4
Pothole #9806,Small crack,13.025681,77.633266,user306,2025-01-01T06:20:00,Bengaluru,2
Pothole #9807,Crater-like,12.962237,77.70452,user307,2025-01-23T02:58:00,Bengaluru,1
Pothole #9808,Causes skidding,13.04247,77.740973,user308,2025-10-18T03:56:00,Bengaluru,4
Pothole #9809,Needs repair,12.905665,77.640167,user309,2025-05-09T22:58:00,Bengaluru,1
Pothole #9810,Deep hole,13.038085,77.61946,user310,2025-10-26T23:14:00,Bengaluru,3
Pothole #9811,Small crack,12.992311,77.747394,user311,2025-11-07T12:43:00,Bengaluru,1
Pothole #9812,Crater-like,13.0144,77.699788,user312,2025-06-18T08:48:00,Bengaluru,1
Pothole #9813,Causes skidding,12.910845,77.73594,user313,2025-11-12T12:36:00,Bengaluru,4
Pothole #9814,Small crack,12.973409,77.500122,user314,2025-06-11T22:09:00,Bengaluru,5
Pothole #9815,Needs repair,12.872093,77.686874,user315,2025-06-07T05:25:00,Bengaluru,2
Pothole #9816,Crater-like,13.016243,77.537172,user316,2025-01-23T03:33:00,Bengaluru,3
Pothole #9817,Small crack,12.886261,77.628651,user317,2025-09-10T23:08:00,Bengaluru,4
Pothole #9818,Deep hole,12.905819,77.727632,user318,2025-02-19T23:21:00,Bengaluru,4
Pothole #9819,Crater-like,12.868009,77.546624,user319,2025-07-21T03:32:00,Bengaluru,3
Pothole #9820,Deep hole,13.046509,77.54825,user320,2025-04-09T06:36:00,Bengaluru,4
Pothole #9821,Small crack,12.957388,77.679124,user321,2025-05-10T02:28:00,Bengaluru,4
Pothole #9822,Deep hole,12.850082,77.743994,user322,2025-05-04T09:58:00,Bengaluru,3
Pothole #9823,Damaged patch,12.989274,77.66568,user323,2025-09-02T10:35:00,Bengaluru,1
Pothole #9824,Crater-like,12.971441,77.600657,user324,2025-02-23T13:51:00,Bengaluru,4
Pothole #9825,Deep hole,12.951814,77.55013,user325,2025-03-09T11:43:00,Bengaluru,3
Pothole #9826,Needs repair,12.967972,77.593579,user326,2025-10-12T09:50:00,Bengaluru,1
Pothole #9827,Damaged patch,12.961412,77.657309,user327,2025-07-07T22:42:00,Bengaluru,2
Pothole #9828,Deep hole,12.98792,77.709206,user328,2025-01-27T11:05:00,Bengaluru,5
Pothole #9829,Deep hole,12.907232,77.582701,user329,2025-10-13T23:52:00,Bengaluru,5
Pothole #9830,Small crack,12.877493,77.586673,user330,2025-11-23T10:51:00,Bengaluru,5
Pothole #9831,Crater-like,13.042744,77.746985,user331,2025-01-26T23:13:00,Bengaluru,4
Pothole #9832,Deep hole,12.94625,77.618413,user332,2025-06-22T11:23:00,Bengaluru,2
Pothole #9833,Damaged patch,12.984107,77.749927,user333,2025-02-17T00:50:00,Bengaluru,2
Pothole #9834,Damaged patch,13.006803,77.557262,user334,2025-10-01T14:54:00,Bengaluru,5
Pothole #9835,Deep hole,12.936376,77.564824,user335,2025-02-10T19:52:00,Bengaluru,3
Pothole #9836,Small crack,12.983071,77.689524,user336,2025-02-13T03:34:00,Bengaluru,2
Pothole #9837,Needs repair,13.035056,77.535196,user337,2025-08-14T18:56:00,Bengaluru,5
Pothole #9838,Causes skidding,12.909287,77.52526,user338,2025-02-28T14:05:00,Bengaluru,2
Pothole #9839,Deep hole,13.042282,77.641512,user339,2025-01-05T12:20:00,Bengaluru,1
Pothole #9840,Causes skidding,13.018741,77.580647,user340,2025-01-14T15:36:00,Bengaluru,2
Pothole #9841,Small crack,12.892477,77.719386,user341,2025-06-19T00:14:00,Bengaluru,1
Pothole #9842,Needs repair,13.029163,77.678844,user342,2025-04-25T20:14:00,Bengaluru,2
Pothole #9843,Crater-like,12.948839,77.513654,user343,2025-04-08T19:53:00,Bengaluru,3
Pothole #9844,Causes skidding,12.882587,77.642123,user344,2025-02-28T18:51:00,Bengaluru,4
Pothole #9845,Crater-like,13.009054,77.586591,user345,2025-06-19T14:28:00,Bengaluru,3
Pothole #9846,Needs repair,12.918279,77.539534,user346,2025-07-09T20:11:00,Bengaluru,4
Pothole #9847,Causes skidding,12.940267,77.584218,user347,2025-10-16T08:06:00,Bengaluru,4
Pothole #9848,Small crack,12.976243,77.597368,user348,2025-02-04T10:17:00,Bengaluru,5
Pothole #9849,Damaged patch,13.029806,77.547456,user349,2025-10-28T01:27:00,Bengaluru,4
Pothole #9850,Needs repair,12.958159,77.664613,user350,2025-08-16T10:00:00,Bengaluru,2
Pothole #9851,Damaged patch,13.038108,77.629519,user351,2025-10-17T08:05:00,Bengaluru,3
Pothole #9852,Causes skidding,12.952258,77.642759,user352,2025-05-25T10:49:00,Bengaluru,1
Pothole #9853,Small crack,12.976175,77.681052,user353,2025-02-23T13:28:00,Bengaluru,4
Pothole #9854,Causes skidding,12.952215,77.577617,user354,2025-10-13T00:52:00,Bengaluru,5
Pothole #9855,Small crack,12.891752,77.562903,user355,2025-03-01T06:34:00,Bengaluru,1
Pothole #9856,Crater-like,12.97181,77.745015,user356,2025-09-21T20:52:00,Bengaluru,4
Pothole #9857,Crater-like,12.969633,77.581195,user357,2025-09-07T08:31:00,Bengaluru,3
Pothole #9858,Damaged patch,12.88227,77.558387,user358,2025-08-11T18:53:00,Bengaluru,1
Pothole #9859,Needs repair,12.98036,77.549158,user359,2025-08-22T11:44:00,Bengaluru,2
Pothole #9860,Crater-like,13.003127,77.639058,user360,2025-06-20T00:12:00,Bengaluru,1
Pothole #9861,Small crack,12.980404,77.60214,user361,2025-08-11T05:49:00,Bengaluru,1
Pothole #9862,Deep hole,13.022863,77.652184,user362,2025-05-15T21:53:00,Bengaluru,4
Pothole #9863,Crater-like,13.043452,77.67427,user363,2025-01-15T06:44:00,Bengaluru,3
Pothole #9864,Deep hole,12.923041,77.634011,user364,2025-06-28T02:04:00,Bengaluru,4
Pothole #9865,Small crack,13.024231,77.734153,user365,2025-02-06T17:09:00,Bengaluru,2
Pothole #9866,Deep hole,12.860035,77.512414,user366,2025-01-24T07:06:00,Bengaluru,2
Pothole #9867,Causes skidding,12.915263,77.588113,user367,2025-01-06T20:49:00,Bengaluru,5
Pothole #9868,Causes skidding,12.89872,77.55444,user368,2025-08-04T10:12:00,Bengaluru,4
Pothole #9869,Crater-like,12.950503,77.542622,user369,2025-05-21T23:32:00,Bengaluru,2
Pothole #9870,Deep hole,12.862649,77.65025,user370,2025-06-18T00:50:00,Bengaluru,3
Pothole #9871,Causes skidding,12.901207,77.649173,user371,2025-04-17T03:23:00,Bengaluru,4
Pothole #9872,Damaged patch,12.941621,77.50706,user372,2025-11-13T14:36:00,Bengaluru,5
Pothole #9873,Needs repair,12.900533,77.635907,user373,2025-11-26T05:10:00,Bengaluru,2
Pothole #9874,Small crack,12.988413,77.610026,user374,2025-03-26T16:42:00,Bengaluru,1
Pothole #9875,Causes skidding,12.910152,77.675288,user375,2025-04-21T09:27:00,Bengaluru,1
Pothole #9876,Small crack,12.983867,77.63762,user376,2025-02-08T07:08:00,Bengaluru,4
Pothole #9877,Needs repair,12.853327,77.676921,user377,2025-09-10T08:34:00,Bengaluru,4
Pothole #9878,Needs repair,12.884502,77.621271,user378,2025-11-28T14:48:00,Bengaluru,2
Pothole #9879,Damaged patch,12.894298,77.611078,user379,2025-08-07T23:03:00,Bengaluru,3
Pothole #9880,Needs repair,12.936654,77.695893,user380,2025-06-06T19:30:00,Bengaluru,1
Pothole #9881,Needs repair,12.858184,77.581788,user381,2025-04-17T20:39:00,Bengaluru,3
Pothole #9882,Deep hole,13.002465,77.625517,user382,2025-11-09T06:50:00,Bengaluru,1
Pothole #9883,Small crack,13.012247,77.621021,user383,2025-04-02T17:52:00,Bengaluru,2
Pothole #9884,Damaged patch,12.905572,77.536436,user384,2025-06-21T10:20:00,Bengaluru,4
Pothole #9885,Damaged patch,12.867257,77.65555,user385,2025-01-28T02:18:00,Bengaluru,1
Pothole #9886,Deep hole,13.032317,77.68083,user386,2025-02-07T22:56:00,Bengaluru,4
Pothole #9887,Damaged patch,12.946694,77.710453,user387,2025-03-12T19:28:00,Bengaluru,3
Pothole #9888,Needs repair,12.973736,77.71192,user388,2025-10-19T23:55:00,Bengaluru,5
Pothole #9889,Damaged patch,13.040422,77.723923,user389,2025-04-05T21:39:00,Bengaluru,2
Pothole #9890,Needs repair,13.007372,77.546126,user390,2025-01-06T20:26:00,Bengaluru,2
Pothole #9891,Needs repair,12.948728,77.623806,user391,2025-03-28T17:55:00,Bengaluru,2
Pothole #9892,Crater-like,12.898922,77.749315,user392,2025-02-10T07:45:00,Bengaluru,5
Pothole #9893,Damaged patch,12.943145,77.518459,user393,2025-02-08T09:36:00,Bengaluru,4
Pothole #9894,Deep hole,13.008676,77.552273,user394,2025-06-17T10:14:00,Bengaluru,1
Pothole #9895,Crater-like,12.91006,77.572827,user395,2025-04-04T19:23:00,Bengaluru,2
Pothole #9896,Damaged patch,12.976391,77.638975,user396,2025-04-27T01:45:00,Bengaluru,4
Pothole #9897,Small crack,12.995557,77.659138,user397,2025-08-12T06:35:00,Bengaluru,3
Pothole #9898,Needs repair,12.981272,77.596007,user398,2025-02-14T11:39:00,Bengaluru,1
Pothole #9899,Damaged patch,13.012355,77.517256,user399,2025-11-28T04:26:00,Bengaluru,1
Pothole #9900,Deep hole,12.964455,77.622123,user400,2025-01-08T13:51:00,Bengaluru,2
Pothole #9901,Needs repair,12.894156,77.519921,user401,2025-07-24T23:32:00,Bengaluru,3
Pothole #9902,Causes skidding,13.030652,77.707623,user402,2025-09-21T06:46:00,Bengaluru,1
Pothole #9903,Damaged patch,13.018071,77.502484,user403,2025-07-15T22:32:00,Bengaluru,3
Pothole #9904,Deep hole,12.900591,77.569554,user404,2025-01-27T02:48:00,Bengaluru,2
Pothole #9905,Causes skidding,12.92286,77.603388,user405,2025-11-16T23:47:00,Bengaluru,4
Pothole #9906,Damaged patch,12.887711,77.617446,user406,2025-07-28T12:41:00,Bengaluru,1
Pothole #9907,Damaged patch,13.0215,77.605487,user407,2025-08-22T08:53:00,Bengaluru,5
Pothole #9908,Needs repair,12.877545,77.627568,user408,2025-07-24T01:28:00,Bengaluru,5
Pothole #9909,Needs repair,13.048005,77.662932,user409,2025-05-03T05:03:00,Bengaluru,3
Pothole #9910,Damaged patch,12.852419,77.527641,user410,2025-03-04T02:25:00,Bengaluru,1
Pothole #9911,Causes skidding,12.990725,77.631627,user411,2025-06-21T06:43:00,Bengaluru,1
Pothole #9912,Needs repair,12.945102,77.633749,user412,2025-04-09T15:32:00,Bengaluru,2
Pothole #9913,Causes skidding,12.981284,77.654265,user413,2025-06-19T21:15:00,Bengaluru,5
Pothole #9914,Causes skidding,12.898582,77.62164,user414,2025-02-11T13:50:00,Bengaluru,4
Pothole #9915,Deep hole,12.952507,77.63437,user415,2025-08-27T07:34:00,Bengaluru,3
Pothole #9916,Crater-like,13.02014,77.624874,user416,2025-07-07T03:07:00,Bengaluru,4
Pothole #9917,Damaged patch,12.982373,77.657884,user417,2025-07-25T01:59:00,Bengaluru,4
Pothole #9918,Needs repair,12.87146,77.651697,user418,2025-02-02T04:06:00,Bengaluru,5
Pothole #9919,Small crack,12.908652,77.514254,user419,2025-09-10T05:09:00,Bengaluru,1
Pothole #9920,Deep hole,12.952755,77.717185,user420,2025-04-07T19:58:00,Bengaluru,3
Pothole #9921,Damaged patch,12.90296,77.638078,user421,2025-09-02T08:10:00,Bengaluru,5
Pothole #9922,Damaged patch,12.998325,77.679973,user422,2025-10-06T19:56:00,Bengaluru,5
Pothole #9923,Causes skidding,13.020046,77.697014,user423,2025-02-04T06:15:00,Bengaluru,4
Pothole #9924,Crater-like,12.984816,77.636747,user424,2025-10-01T00:55:00,Bengaluru,1
Pothole #9925,Small crack,13.012818,77.740368,user425,2025-07-03T22:33:00,Bengaluru,2
Pothole #9926,Causes skidding,13.002178,77.652798,user426,2025-04-02T01:47:00,Bengaluru,5
Pothole #9927,Small crack,13.003922,77.649522,user427,2025-03-08T10:57:00,Bengaluru,3
Pothole #9928,Needs repair,12.856112,77.684666,user428,2025-09-27T14:12:00,Bengaluru,3
Pothole #9929,Damaged patch,13.005315,77.665525,user429,2025-07-18T10:57:00,Bengaluru,3
Pothole #9930,Crater-like,12.976816,77.650048,user430,2025-06-18T19:01:00,Bengaluru,1
Pothole #9931,Causes skidding,13.037945,77.621606,user431,2025-08-15T13:28:00,Bengaluru,3
Pothole #9932,Causes skidding,13.009355,77.559119,user432,2025-05-13T09:21:00,Bengaluru,2
Pothole #9933,Crater-like,12.932574,77.537824,user433,2025-02-03T11:12:00,Bengaluru,3
Pothole #9934,Deep hole,12.887956,77.557642,user434,2025-05-18T10:24:00,Bengaluru,4
Pothole #9935,Deep hole,13.008965,77.523039,user435,2025-03-02T00:05:00,Bengaluru,4
Pothole #9936,Small crack,12.945713,77.542532,user436,2025-08-11T20:18:00,Bengaluru,3
Pothole #9937,Crater-like,12.971658,77.533524,user437,2025-05-23T09:01:00,Bengaluru,3
Pothole #9938,Deep hole,12.995632,77.671472,user438,2025-04-24T23:26:00,Bengaluru,3
Pothole #9939,Small crack,13.025979,77.635278,user439,2025-07-08T20:39:00,Bengaluru,1
Pothole #9940,Damaged patch,12.862384,77.518557,user440,2025-05-22T01:47:00,Bengaluru,3
Pothole #9941,Small crack,12.915104,77.504652,user441,2025-04-21T15:29:00,Bengaluru,4
Pothole #9942,Needs repair,13.003258,77.517719,user442,2025-03-28T11:35:00,Bengaluru,4
Pothole #9943,Causes skidding,12.923447,77.606086,user443,2025-10-01T16:10:00,Bengaluru,1
Pothole #9944,Needs repair,12.999957,77.616814,user444,2025-02-23T14:30:00,Bengaluru,1
Pothole #9945,Small crack,12.870378,77.506013,user445,2025-03-18T05:22:00,Bengaluru,5
Pothole #9946,Needs repair,13.031302,77.683797,user446,2025-10-08T20:57:00,Bengaluru,3
Pothole #9947,Deep hole,12.92975,77.573577,user447,2025-11-24T15:47:00,Bengaluru,3
Pothole #9948,Damaged patch,13.037735,77.561823,user448,2025-11-12T20:10:00,Bengaluru,1
Pothole #9949,Damaged patch,12.968751,77.614672,user449,2025-04-15T15:40:00,Bengaluru,3
Pothole #9950,Causes skidding,12.956005,77.582487,user450,2025-09-09T02:24:00,Bengaluru,3
Pothole #9951,Causes skidding,12.920983,77.682584,user451,2025-11-02T00:47:00,Bengaluru,3
Pothole #9952,Damaged patch,13.016387,77.655463,user452,2025-03-28T03:35:00,Bengaluru,1
Pothole #9953,Damaged patch,12.973356,77.614487,user453,2025-04-21T00:15:00,Bengaluru,5
Pothole #9954,Small crack,12.906677,77.53832,user454,2025-10-02T16:03:00,Bengaluru,3
Pothole #9955,Needs repair,12.905379,77.66921,user455,2025-03-07T10:47:00,Bengaluru,5
Pothole #9956,Needs repair,13.005104,77.567056,user456,2025-07-23T13:11:00,Bengaluru,5
Pothole #9957,Damaged patch,12.904848,77.710826,user457,2025-02-12T21:36:00,Bengaluru,5
Pothole #9958,Small crack,13.035101,77.679238,user458,2025-04-17T04:28:00,Bengaluru,1
Pothole #9959,Deep hole,12.95278,77.728576,user459,2025-05-18T11:33:00,Bengaluru,3
Pothole #9960,Small crack,12.867185,77.696192,user460,2025-08-03T18:49:00,Bengaluru,1
Pothole #9961,Needs repair,12.870544,77.612084,user461,2025-08-18T08:35:00,Bengaluru,4
Pothole #9962,Damaged patch,12.916386,77.545945,user462,2025-08-06T02:42:00,Bengaluru,2
Pothole #9963,Needs repair,12.967185,77.590681,user463,2025-02-02T01:51:00,Bengaluru,1
Pothole #9964,Causes skidding,12.958566,77.572467,user464,2025-03-01T06:23:00,Bengaluru,2
Pothole #9965,Causes skidding,12.95458,77.651211,user465,2025-04-10T19:51:00,Bengaluru,1
Pothole #9966,Small crack,13.038067,77.739417,user466,2025-09-22T10:48:00,Bengaluru,5
Pothole #9967,Small crack,13.043842,77.53914,user467,2025-04-26T10:04:00,Bengaluru,5
Pothole #9968,Damaged patch,13.040041,77.582457,user468,2025-04-15T08:11:00,Bengaluru,5
Pothole #9969,Deep hole,13.041603,77.631429,user469,2025-02-14T13:04:00,Bengaluru,4
Pothole #9970,Crater-like,13.003076,77.706846,user470,2025-09-11T00:37:00,Bengaluru,2
Pothole #9971,Causes skidding,13.013054,77.731656,user471,2025-01-12T11:14:00,Bengaluru,3
Pothole #9972,Small crack,13.043457,77.50347,user472,2025-01-28T07:03:00,Bengaluru,3
Pothole #9973,Needs repair,12.920802,77.745636,user473,2025-04-27T12:18:00,Bengaluru,4
Pothole #9974,Needs repair,13.037694,77.581777,user474,2025-06-11T13:45:00,Bengaluru,1
Pothole #9975,Damaged patch,13.010668,77.572521,user475,2025-06-26T05:35:00,Bengaluru,1
Pothole #9976,Small crack,13.020561,77.555224,user476,2025-08-02T21:45:00,Bengaluru,2
Pothole #9977,Causes skidding,13.022223,77.674475,user477,2025-04-20T22:21:00,Bengaluru,5
Pothole #9978,Deep hole,12.9553,77.561704,user478,2025-10-08T00:02:00,Bengaluru,4
Pothole #9979,Needs repair,12.95016,77.636895,user479,2025-04-09T18:35:00,Bengaluru,4
Pothole #9980,Deep hole,13.019725,77.729262,user480,2025-03-06T00:09:00,Bengaluru,4
Pothole #9981,Causes skidding,13.00018,77.61972,user481,2025-01-26T11:04:00,Bengaluru,1
Pothole #9982,Small crack,12.95093,77.587665,user482,2025-02-23T06:05:00,Bengaluru,1
Pothole #9983,Needs repair,13.043409,77.556434,user483,2025-02-17T22:40:00,Bengaluru,1
Pothole #9984,Damaged patch,12.855677,77.712032,user484,2025-05-19T23:17:00,Bengaluru,5
Pothole #9985,Damaged patch,13.019222,77.625759,user485,2025-07-21T21:38:00,Bengaluru,1
Pothole #9986,Damaged patch,12.96166,77.603793,user486,2025-04-09T01:09:00,Bengaluru,4
Pothole #9987,Needs repair,12.952537,77.707501,user487,2025-06-23T20:05:00,Bengaluru,2
Pothole #9988,Damaged patch,13.0443,77.545983,user488,2025-04-25T18:44:00,Bengaluru,5
Pothole #9989,Deep hole,12.90919,77.525621,user489,2025-09-28T02:01:00,Bengaluru,4
Pothole #9990,Deep hole,13.021167,77.609926,user490,2025-09-14T11:33:00,Bengaluru,5
Pothole #9991,Damaged patch,13.04575,77.700593,user491,2025-08-03T04:33:00,Bengaluru,2
Pothole #9992,Small crack,12.96637,77.716488,user492,2025-01-04T09:51:00,Bengaluru,5
Pothole #9993,Needs repair,13.015441,77.702272,user493,2025-01-08T02:54:00,Bengaluru,1
Pothole #9994,Damaged patch,12.932455,77.521445,user494,2025-04-28T05:17:00,Bengaluru,4
Pothole #9995,Small crack,12.858191,77.571701,user495,2025-03-19T06:53:00,Bengaluru,4
Pothole #9996,Crater-like,12.931043,77.621317,user496,2025-11-14T20:42:00,Bengaluru,3
Pothole #9997,Crater-like,12.863593,77.719876,user497,2025-10-21T22:45:00,Bengaluru,4
Pothole #9998,Small crack,12.929579,77.524642,user498,2025-09-02T19:07:00,Bengaluru,2
Pothole #9999,Causes skidding,12.954396,77.557148,user499,2025-02-22T21:21:00,Bengaluru,1
